{
"type": "FeatureCollection",
"name": "States2020",
"crs": { "type": "name", "properties": { "name": "urn:ogc:def:crs:OGC:1.3:CRS84" } },
"features": [
{ "type": "Feature", "properties": { "STATE_NAME": "Washington", "STATE_ABBR": "WA", "ELECT_VOTE": 12.0, "WON_12": "O", "WON_16": "C", "F2016Result": "Dem", "WON_20": "B", "F2020Result": "Dem", "Shape_Length": 34.955932362088916, "Shape_Area": 20.749831130467662, "WON_24": "H", "F2024Result": "Dem" }, "geometry": { "type": "MultiPolygon", "coordinates": [ [ [ [ -122.400749206210889, 48.225395202526613 ], [ -122.461585998095302, 48.228542327866194 ], [ -122.453155517613027, 48.128673553541717 ], [ -122.360076904425569, 48.060279846637684 ], [ -122.513244629336157, 48.13415527304744 ], [ -122.540802001710972, 48.210639953770908 ], [ -122.507858276638103, 48.253971100286094 ], [ -122.403137206616748, 48.246772766550009 ], [ -122.377052306818484, 48.28989791885391 ], [ -122.563087463715419, 48.414421081867488 ], [ -122.665748596120807, 48.413070678768861 ], [ -122.698127746598175, 48.494503021097614 ], [ -122.606895446967258, 48.518997191966889 ], [ -122.521949768167246, 48.458576202529798 ], [ -122.472557067854382, 48.462368011374679 ], [ -122.504020690502443, 48.559616089311135 ], [ -122.42826843294182, 48.599567413605314 ], [ -122.486518860057288, 48.638740539244566 ], [ -122.525276184148538, 48.711894989062557 ], [ -122.515571594553421, 48.758090972720254 ], [ -122.696113586272929, 48.803184508957997 ], [ -122.752952576000553, 48.910156250210832 ], [ -122.821128844820294, 48.950893402108875 ], [ -122.742652893316347, 48.955974578863788 ], [ -122.763832092077337, 48.99991226234107 ], [ -120.85582733196577, 48.999973297529721 ], [ -118.842453002504044, 49.000000000199918 ], [ -118.199234008942312, 49.000003815124046 ], [ -117.437499999925024, 48.999996185275791 ], [ -117.030975341938472, 49.000000000199918 ], [ -117.028045654683183, 48.83815002420431 ], [ -117.03783416721302, 48.046283721916268 ], [ -117.036437988622254, 47.971191406658136 ], [ -117.040779114164764, 47.361541747953368 ], [ -117.041381836202731, 47.258602142275095 ], [ -117.039962768966575, 47.119422912237667 ], [ -117.040931701237014, 46.536716460896002 ], [ -117.037567138712461, 46.428096771348976 ], [ -117.043479919462698, 46.388690948828298 ], [ -117.063194274596071, 46.348815917620527 ], [ -117.026985168730505, 46.335544586213757 ], [ -117.000656128177752, 46.302566528622435 ], [ -116.971740722856055, 46.24942779585615 ], [ -116.966506958129571, 46.197673797807568 ], [ -116.928443908859265, 46.165603637298091 ], [ -116.960655212567985, 46.097396850884024 ], [ -116.9862289431112, 46.078632354299771 ], [ -116.956741333345803, 46.065811156959398 ], [ -116.918151855123995, 45.995300293074138 ], [ -117.480651855798499, 45.999965667381673 ], [ -117.601806640464076, 46.000400543550313 ], [ -117.981628417817205, 46.000019073621388 ], [ -117.991477966434957, 46.001777649319138 ], [ -118.98101806663044, 45.999202728423256 ], [ -119.031105041764249, 45.966419220270836 ], [ -119.139129638222187, 45.925853729166306 ], [ -119.177619933812878, 45.922496795590689 ], [ -119.301635742495478, 45.932807922147958 ], [ -119.3783111568344, 45.917755127297312 ], [ -119.437728881482656, 45.914413452518886 ], [ -119.511085510587804, 45.899345397971786 ], [ -119.588157653652786, 45.913459778146319 ], [ -119.620979309247673, 45.899555206207879 ], [ -119.677307128820928, 45.85268402055118 ], [ -119.83241272007092, 45.841754913158752 ], [ -119.868591308342161, 45.83184433025167 ], [ -119.993171691620262, 45.811286926350647 ], [ -120.067497252995793, 45.780349731754768 ], [ -120.154754639115254, 45.761409759452874 ], [ -120.206291199079544, 45.719932556342428 ], [ -120.282478332808751, 45.716732024763189 ], [ -120.442222594796874, 45.68943023701587 ], [ -120.497993469622884, 45.695781707959497 ], [ -120.568916321031338, 45.741069793636143 ], [ -120.622589111698119, 45.743762969985141 ], [ -120.657234192204157, 45.732765197555864 ], [ -120.695823669526703, 45.710662842016575 ], [ -120.860244750594745, 45.665340423821533 ], [ -120.906761168992716, 45.635631561047774 ], [ -120.947395325134096, 45.650470733637519 ], [ -120.967300414782301, 45.645309447972693 ], [ -121.032302856491583, 45.652999878141941 ], [ -121.072349548492809, 45.64676666265143 ], [ -121.124023437631536, 45.607215881108061 ], [ -121.17313384974733, 45.600673675649659 ], [ -121.190872191998039, 45.613399505282985 ], [ -121.202125549054813, 45.657444000340377 ], [ -121.213088988965637, 45.665802001761051 ], [ -121.275207519811147, 45.678497314699371 ], [ -121.318794250054566, 45.696800231545524 ], [ -121.366630553956838, 45.699844360229122 ], [ -121.420845031472993, 45.690761566393235 ], [ -121.44136810285562, 45.695125579681815 ], [ -121.527870178066223, 45.7197265621312 ], [ -121.705230712827074, 45.688953399379955 ], [ -121.757507324003768, 45.689876556158197 ], [ -121.809852600217312, 45.700843810993149 ], [ -121.887092590050941, 45.677017212274563 ], [ -121.925628662033091, 45.64218902620263 ], [ -121.971466064407309, 45.635936736990857 ], [ -121.998817443470216, 45.617984771579984 ], [ -122.080841064863193, 45.590663910111402 ], [ -122.243721008317834, 45.54827117917165 ], [ -122.301948547687289, 45.54325103760533 ], [ -122.355255127222335, 45.566329956162576 ], [ -122.435951233262756, 45.564937591596617 ], [ -122.564224242754563, 45.594978332084395 ], [ -122.650001525549953, 45.606990814074891 ], [ -122.695114135508902, 45.631206512570543 ], [ -122.759330749614378, 45.649559020732283 ], [ -122.771339416680689, 45.727848052645584 ], [ -122.763076782067799, 45.760730743429122 ], [ -122.786796570105594, 45.800506592005661 ], [ -122.783302307355541, 45.850612639961412 ], [ -122.782859802238022, 45.868049621193109 ], [ -122.805007934168771, 45.904235840211925 ], [ -122.806526184036159, 45.944053650255796 ], [ -122.87419891344905, 46.027347564938225 ], [ -122.898536682322003, 46.079494475889419 ], [ -122.972946166632255, 46.110649108569532 ], [ -123.049369812167072, 46.155902862627045 ], [ -123.117324828877713, 46.179477691642205 ], [ -123.174964905006334, 46.183753967071993 ], [ -123.211204528466169, 46.170173644797899 ], [ -123.247566223202625, 46.14418792763081 ], [ -123.30348205525263, 46.144905090197824 ], [ -123.469528198667376, 46.275192260914139 ], [ -123.618827819847979, 46.258834838457062 ], [ -123.724205017247698, 46.285594940254327 ], [ -123.884513854730585, 46.240612029621502 ], [ -123.992065429376055, 46.310451507331265 ], [ -124.077842712171389, 46.267436981531546 ], [ -124.064231872303026, 46.639926909998962 ], [ -124.021766662301616, 46.583721160803009 ], [ -124.011734009017289, 46.383857726852682 ], [ -123.840187072375443, 46.404518127409688 ], [ -123.939422607067627, 46.481292724379784 ], [ -123.892295837682752, 46.511257171781097 ], [ -123.956436156903067, 46.617404937987544 ], [ -123.925193786364105, 46.673240662027013 ], [ -123.839691161917528, 46.718467712514951 ], [ -123.894264221616481, 46.745166778224302 ], [ -124.041877746161049, 46.71603775064176 ], [ -124.089767456303036, 46.729206085392605 ], [ -124.100784301554256, 46.789653778399213 ], [ -124.137542725016715, 46.900173186843176 ], [ -124.104476928667282, 46.908336639724212 ], [ -124.103454590157185, 46.874332427799345 ], [ -124.027526855080282, 46.82395172149478 ], [ -124.045646667259859, 46.887439727361595 ], [ -123.811378478633856, 46.964149475118234 ], [ -123.994583130007413, 46.976573943732546 ], [ -124.033111572141308, 47.031223297417284 ], [ -124.111076355289526, 47.042865753351862 ], [ -124.160751342900141, 46.92980194070708 ], [ -124.191444396741474, 47.167175293205275 ], [ -124.230133056695195, 47.275264739775992 ], [ -124.31813049312774, 47.349433899155201 ], [ -124.347778320712905, 47.527107238808071 ], [ -124.372299194252378, 47.63896179155347 ], [ -124.482719420964486, 47.80845642132681 ], [ -124.605361938802389, 47.873939513797552 ], [ -124.73142242450524, 48.150203704637306 ], [ -124.703857422282169, 48.23221206633383 ], [ -124.715820312057701, 48.37777328490921 ], [ -124.562202453980035, 48.357486724432817 ], [ -123.989898681978559, 48.159355163510043 ], [ -123.395561218575324, 48.111217498588758 ], [ -123.121932983820102, 48.148918151651458 ], [ -122.920310974172082, 48.094364166573087 ], [ -122.923561096167646, 48.066982269016535 ], [ -122.839828491291826, 48.133319855027366 ], [ -122.767601013176204, 48.144176483358081 ], [ -122.801651000593154, 48.085506438871107 ], [ -122.660293579285224, 47.917343139374452 ], [ -122.652320861818282, 47.86461639413136 ], [ -122.744598388604743, 47.809173583893823 ], [ -122.788528442233769, 47.802734375091404 ], [ -122.808242798266519, 47.857261657499521 ], [ -122.857528686099954, 47.8275146481825 ], [ -122.898094177204484, 47.672702789002585 ], [ -122.981475829745705, 47.605659485197123 ], [ -123.112648010697114, 47.456459045748431 ], [ -123.152793884430196, 47.348731994486002 ], [ -123.009208679636799, 47.353210449202948 ], [ -122.831993102999263, 47.438648223536745 ], [ -123.03494262710052, 47.356235504165227 ], [ -123.111419677975732, 47.371753692778725 ], [ -123.025070190736699, 47.516120910251857 ], [ -122.915702820129013, 47.614791870348597 ], [ -122.751678466887711, 47.660873413477304 ], [ -122.721794128396255, 47.757083893207152 ], [ -122.609901428208332, 47.850193023988936 ], [ -122.611953735076781, 47.936374664459265 ], [ -122.530632019252266, 47.909645080256325 ], [ -122.472343444694161, 47.755161285664883 ], [ -122.620254516232933, 47.69715118437972 ], [ -122.585212707900098, 47.571372985974563 ], [ -122.554016112853276, 47.583686828984014 ], [ -122.541458129988655, 47.522914886313004 ], [ -122.503219604101389, 47.507396697699505 ], [ -122.557205200559508, 47.398544311270996 ], [ -122.542884827073067, 47.374107360666187 ], [ -122.587013245065179, 47.334110259980548 ], [ -122.551918029593367, 47.283512115591691 ], [ -122.579292297301663, 47.251567840383586 ], [ -122.61030578588327, 47.293579101394471 ], [ -122.605674744094131, 47.270751953439969 ], [ -122.698501586678844, 47.292266845738368 ], [ -122.627510071132861, 47.39873504668509 ], [ -122.63619232221788, 47.398761749355288 ], [ -122.740303039453693, 47.341632843381092 ], [ -122.768463134765796, 47.266338348835802 ], [ -122.718559265197882, 47.223312378263699 ], [ -122.759994506840997, 47.162677764767068 ], [ -122.823860168611873, 47.235008239538672 ], [ -122.772087096842029, 47.33754348754195 ], [ -122.800933838026197, 47.360923767118209 ], [ -122.879119873283514, 47.299415588158922 ], [ -123.114173889513381, 47.208164214806743 ], [ -123.07994079563116, 47.09024047841541 ], [ -123.030090332302962, 47.100955963546937 ], [ -122.921897888176943, 47.048145294469805 ], [ -122.788803100582584, 47.126041412581174 ], [ -122.726943969288698, 47.082622528207139 ], [ -122.698837280216253, 47.098506927053108 ], [ -122.590568542104506, 47.180240631300137 ], [ -122.529525756908129, 47.287635803049909 ], [ -122.545349121464767, 47.31645584066456 ], [ -122.422859191598377, 47.259651184354709 ], [ -122.391609192110479, 47.277900695860467 ], [ -122.440368652791051, 47.301303863182795 ], [ -122.419601440653935, 47.319023132611562 ], [ -122.324142456009497, 47.34450149544773 ], [ -122.318504333608075, 47.390293121430489 ], [ -122.391395568950315, 47.510421752661784 ], [ -122.38098144573712, 47.595588684470272 ], [ -122.413574218475389, 47.664360046379102 ], [ -122.393249511455736, 47.774356841694953 ], [ -122.301673889338474, 47.950397491850822 ], [ -122.22887420677921, 47.969295501786007 ], [ -122.21574401857157, 48.007621765532122 ], [ -122.367073058874553, 48.128322601207117 ], [ -122.400749206210889, 48.225395202526613 ] ] ], [ [ [ -122.966690063395674, 48.443973540846287 ], [ -123.093940735276703, 48.479602813319218 ], [ -123.158424377882682, 48.522022246929225 ], [ -123.168601990189643, 48.562744140929397 ], [ -123.139755249005532, 48.623825073568355 ], [ -123.102424621998694, 48.608554839734097 ], [ -123.010803222590596, 48.557655334326284 ], [ -123.007408142471775, 48.533897399745229 ], [ -122.966690063395674, 48.527111053532337 ], [ -123.020980834897557, 48.513538360207235 ], [ -123.017593383727672, 48.489784240550307 ], [ -122.966690063395674, 48.443973540846287 ] ] ], [ [ [ -122.731903076565686, 48.276824950910793 ], [ -122.664329528884593, 48.396953583041466 ], [ -122.603103638122377, 48.404964447051668 ], [ -122.524475097747541, 48.321220398302785 ], [ -122.527374267408504, 48.283687591109469 ], [ -122.622230530014917, 48.29652786217116 ], [ -122.730751037830089, 48.225593566889643 ], [ -122.609649658504907, 48.206501007515556 ], [ -122.544937133941573, 48.077041625870379 ], [ -122.49494934053962, 48.094253540068848 ], [ -122.37873840345452, 48.03232955956156 ], [ -122.354148864878198, 47.964069366008516 ], [ -122.385711670157434, 47.904731750270116 ], [ -122.441535949424519, 47.918239593482497 ], [ -122.470359801963241, 47.987693786339207 ], [ -122.543701172271255, 47.967716216730082 ], [ -122.607360839830847, 48.031616211019355 ], [ -122.694274902564644, 48.181365967165732 ], [ -122.767494201596094, 48.218997955191526 ], [ -122.731903076565686, 48.276824950910793 ] ] ] ] } },
{ "type": "Feature", "properties": { "STATE_NAME": "Montana", "STATE_ABBR": "MT", "ELECT_VOTE": 4.0, "WON_12": "R", "WON_16": "T", "F2016Result": "Rep", "WON_20": "T", "F2020Result": "Rep", "Shape_Length": 34.526942899530354, "Shape_Area": 45.131676957319392, "WON_24": "T", "F2024Result": "Rep" }, "geometry": { "type": "MultiPolygon", "coordinates": [ [ [ [ -111.474632262868624, 44.702239990683097 ], [ -111.480010986617685, 44.691493987957244 ], [ -111.459899902758252, 44.670101166036034 ], [ -111.457473754909813, 44.652633667210011 ], [ -111.469375610396071, 44.640789031988277 ], [ -111.506896972817003, 44.637767791950068 ], [ -111.500953674472441, 44.616050720364512 ], [ -111.513732910345482, 44.593276977750349 ], [ -111.492111206466973, 44.551269531663593 ], [ -111.462036132561423, 44.550022125220949 ], [ -111.458534240862491, 44.538002014281574 ], [ -111.481781006188442, 44.536224364862619 ], [ -111.4894485477123, 44.52877807634718 ], [ -111.566436767842504, 44.55294799845143 ], [ -111.60445404072135, 44.543071747163481 ], [ -111.68406677216376, 44.550834655495009 ], [ -111.716201781886696, 44.533843994304959 ], [ -111.7661209102518, 44.518909454008167 ], [ -111.791809082223324, 44.518547057800504 ], [ -111.807037353690873, 44.504066467393613 ], [ -111.871696472014548, 44.556350708418506 ], [ -111.939575195638724, 44.549812316984912 ], [ -111.977005005276737, 44.529762268314073 ], [ -112.022796631259496, 44.535129547290808 ], [ -112.026260376415223, 44.522930145709722 ], [ -112.058547973210352, 44.528697967437324 ], [ -112.099075317771678, 44.518318175843206 ], [ -112.123367309353796, 44.528339386153789 ], [ -112.19882965066779, 44.531536101909637 ], [ -112.216934204050233, 44.538581848573529 ], [ -112.229568481799959, 44.559577941768623 ], [ -112.255844116113053, 44.560058593429403 ], [ -112.281509399439187, 44.541790008202383 ], [ -112.341674804248782, 44.525188445890137 ], [ -112.339744567757577, 44.497268676408339 ], [ -112.366752624334083, 44.449359893444353 ], [ -112.419921874694751, 44.449375152241544 ], [ -112.457687377870172, 44.468925476429661 ], [ -112.501007080512295, 44.463088989665209 ], [ -112.538490295490703, 44.477588653793418 ], [ -112.652351379612469, 44.48089218112932 ], [ -112.713485717591766, 44.49702453655317 ], [ -112.73287200903593, 44.484409332524706 ], [ -112.779022217201543, 44.474010467209325 ], [ -112.795387267708179, 44.458099364793895 ], [ -112.825851440491533, 44.421173095462052 ], [ -112.817871094075713, 44.394908905022021 ], [ -112.81655883752029, 44.364292145166417 ], [ -112.843437194770672, 44.353729248006459 ], [ -112.869941711041122, 44.370067596742274 ], [ -112.886466980266903, 44.392940521088235 ], [ -112.937438964736373, 44.407279968295938 ], [ -112.984405517200798, 44.435626983198745 ], [ -113.011169433922191, 44.437801361343816 ], [ -113.00581359881852, 44.452701568222835 ], [ -113.019462585230087, 44.481861114299022 ], [ -113.006866454922942, 44.510696410710864 ], [ -113.036972045523441, 44.533042907903905 ], [ -113.038810730131047, 44.556377411088704 ], [ -113.082183838113622, 44.58276367190598 ], [ -113.053436279560628, 44.624370575241926 ], [ -113.072288513104354, 44.675605774187204 ], [ -113.09809875455386, 44.695995330420203 ], [ -113.100845337142573, 44.715251922538243 ], [ -113.126571655657358, 44.737457275632835 ], [ -113.137413025190938, 44.761516571232846 ], [ -113.239471435558244, 44.811916351258674 ], [ -113.256286621030711, 44.810562134135239 ], [ -113.317810058787131, 44.78030395466385 ], [ -113.33975982635485, 44.779075622841788 ], [ -113.349151611057948, 44.807643890753013 ], [ -113.420501708786787, 44.833774566942736 ], [ -113.444694518637107, 44.851314544830416 ], [ -113.495307922722418, 44.930744170706987 ], [ -113.48646545381763, 44.939647674800426 ], [ -113.462532043518934, 44.940849303952291 ], [ -113.447883606343339, 44.949596405150032 ], [ -113.440147399782632, 44.998268127072436 ], [ -113.457969665867324, 45.027523040855726 ], [ -113.454551697103113, 45.043422699398093 ], [ -113.485420226662086, 45.058395385338827 ], [ -113.489273071594937, 45.071292877564304 ], [ -113.519721984681837, 45.082138061122691 ], [ -113.50933837906291, 45.107910156028936 ], [ -113.551383972592248, 45.107624053807115 ], [ -113.57348632813148, 45.117786407316885 ], [ -113.570693970050627, 45.134620666510614 ], [ -113.593208313113109, 45.149818420383838 ], [ -113.600036620793389, 45.181068420771055 ], [ -113.64469909668594, 45.206867218347497 ], [ -113.689224243404055, 45.262359619001245 ], [ -113.687812805116835, 45.277866363741737 ], [ -113.738182067548337, 45.321609496880853 ], [ -113.740409851033746, 45.382465362486528 ], [ -113.774124145812664, 45.410251617718018 ], [ -113.784759521134959, 45.445713043422245 ], [ -113.768264770402823, 45.477787017956587 ], [ -113.77140045186934, 45.50713348362342 ], [ -113.780029296714645, 45.516944885697967 ], [ -113.832809448197452, 45.514987945637245 ], [ -113.80284881572021, 45.583808898861662 ], [ -113.821578979786068, 45.600715637116991 ], [ -113.851119994891803, 45.6096420289565 ], [ -113.90239715620379, 45.613571166975817 ], [ -113.901290893859652, 45.637332916480943 ], [ -113.922622680592212, 45.655204772981961 ], [ -113.925788879653055, 45.67129135111503 ], [ -113.963233948088202, 45.679458618020874 ], [ -113.970237731486066, 45.697456359823207 ], [ -114.008560180308052, 45.686412811002469 ], [ -114.018966674572312, 45.672458648647762 ], [ -114.010078430175383, 45.652591705542818 ], [ -114.017120361015827, 45.640853881901194 ], [ -114.055603027657583, 45.625225066783457 ], [ -114.08205413858758, 45.586460113743328 ], [ -114.117225647145858, 45.571208953630332 ], [ -114.131134033109106, 45.550464630138606 ], [ -114.171752929554032, 45.544006347614925 ], [ -114.193893432535845, 45.527999877492391 ], [ -114.24108123800869, 45.535373687845492 ], [ -114.246963501164601, 45.503028869886464 ], [ -114.261322021194303, 45.485942840989367 ], [ -114.325515746654332, 45.457508087328392 ], [ -114.349327087475046, 45.463466644470145 ], [ -114.370536803830419, 45.48582458463693 ], [ -114.418128966978202, 45.499092102018949 ], [ -114.432632446030539, 45.527717590194698 ], [ -114.46178436315779, 45.547931670710113 ], [ -114.495666503806092, 45.546733856482319 ], [ -114.526466369227535, 45.558277129785779 ], [ -114.559997558440557, 45.54882430989403 ], [ -114.540031432704438, 45.596481323154592 ], [ -114.563751220742233, 45.62435531624493 ], [ -114.500816345597855, 45.652477264114509 ], [ -114.509780883980568, 45.674140930359727 ], [ -114.496635436975794, 45.694484711100586 ], [ -114.534049987816672, 45.723079681682009 ], [ -114.541030883468466, 45.74608230625347 ], [ -114.56261444080377, 45.762481689278616 ], [ -114.516448974740342, 45.810150146412184 ], [ -114.498237609777846, 45.842765807795843 ], [ -114.472877502394795, 45.839550018318732 ], [ -114.44230651893065, 45.852703094272442 ], [ -114.406600952471933, 45.846534728894653 ], [ -114.391914367853758, 45.870967864575334 ], [ -114.412605286005089, 45.910732269278867 ], [ -114.428535461242518, 45.921558380015256 ], [ -114.404365539138269, 45.954059600869925 ], [ -114.411521911407078, 45.972053527748187 ], [ -114.4835281374136, 45.989887237705886 ], [ -114.473602294810007, 46.009845733593806 ], [ -114.493392943929166, 46.023490905980566 ], [ -114.464828490942068, 46.050895691283188 ], [ -114.455101013600881, 46.082309722615662 ], [ -114.476440429282377, 46.10743713401655 ], [ -114.505638122801088, 46.116222381757552 ], [ -114.518013000099813, 46.136142731102211 ], [ -114.508682250585366, 46.157497405580841 ], [ -114.466087341257776, 46.155342102056409 ], [ -114.43994903521974, 46.169048309631819 ], [ -114.43862152076656, 46.220333098993365 ], [ -114.471900940276157, 46.243862152516385 ], [ -114.472862243597604, 46.253040314059319 ], [ -114.430862426459782, 46.284790038929202 ], [ -114.408859252652348, 46.3929901120041 ], [ -114.396080016779308, 46.399623871144797 ], [ -114.383087158645424, 46.428256988269425 ], [ -114.409774780481712, 46.48744964588451 ], [ -114.359527587528135, 46.506202697696381 ], [ -114.349174499503533, 46.517467498626218 ], [ -114.342376709417579, 46.587959289689536 ], [ -114.323768615729023, 46.622917175087593 ], [ -114.333740234724019, 46.654304504649247 ], [ -114.383071899848289, 46.661674499178844 ], [ -114.440589904700289, 46.645793914357739 ], [ -114.48377227816809, 46.623653412275189 ], [ -114.539443969463605, 46.63796997083756 ], [ -114.6098785402624, 46.629127502832034 ], [ -114.643791198504971, 46.660903930372115 ], [ -114.644088745499175, 46.67100143466854 ], [ -114.62497711150445, 46.687187194533465 ], [ -114.672935485784024, 46.734802246326637 ], [ -114.697479247968886, 46.733840942105871 ], [ -114.747154235579501, 46.695213318240121 ], [ -114.781967162854244, 46.703121185594284 ], [ -114.776878357150451, 46.755798339521789 ], [ -114.793075561787703, 46.766613006385171 ], [ -114.83983612094022, 46.775619507134593 ], [ -114.865646362389668, 46.797126769584793 ], [ -114.901367187645576, 46.799514770890028 ], [ -114.947448730774283, 46.852527618354941 ], [ -114.939605712633522, 46.890968322630044 ], [ -114.923164367241725, 46.907245636177208 ], [ -114.963768005788779, 46.925292968395809 ], [ -115.000610351286639, 46.958889007721609 ], [ -115.03636932398507, 46.963081360216677 ], [ -115.054672240831223, 46.973438263165349 ], [ -115.080368041751683, 47.026603698601889 ], [ -115.134536742876321, 47.063629150564907 ], [ -115.147712707475421, 47.091819763471335 ], [ -115.171524048296135, 47.097648620387588 ], [ -115.192100525019157, 47.124103546241713 ], [ -115.295257568781722, 47.179626464489786 ], [ -115.324249267189884, 47.245223999288214 ], [ -115.342681885160857, 47.255096435652035 ], [ -115.407226562056167, 47.263668060232874 ], [ -115.425659180027083, 47.274448394577803 ], [ -115.500946044724174, 47.281719207375545 ], [ -115.522079467993024, 47.292057037502332 ], [ -115.554534912456234, 47.334686279348375 ], [ -115.59854888901998, 47.370075225990945 ], [ -115.637794494620209, 47.380115509123527 ], [ -115.66548919706878, 47.39923858609194 ], [ -115.749336242473589, 47.422546386606484 ], [ -115.74911499036449, 47.434036254569548 ], [ -115.73149108864277, 47.445373535460362 ], [ -115.655097961601598, 47.449249267239964 ], [ -115.642196655351313, 47.457862854187397 ], [ -115.639152526667715, 47.475303650343221 ], [ -115.691780090179009, 47.489608765032528 ], [ -115.700531006300878, 47.520961761176409 ], [ -115.741836547718492, 47.533760070770711 ], [ -115.69109344520632, 47.590789795013109 ], [ -115.69728851325425, 47.61614990239616 ], [ -115.733070373698752, 47.639949798444491 ], [ -115.732666016023813, 47.695625305563453 ], [ -115.774726867450966, 47.709804534951388 ], [ -115.789535522446386, 47.744911194296208 ], [ -115.835739135952338, 47.756355285867812 ], [ -115.848320007462348, 47.805255889747571 ], [ -115.868804931402451, 47.827526092954884 ], [ -115.902915954907371, 47.841148376696253 ], [ -115.936836242998197, 47.867198943976121 ], [ -115.997924804586034, 47.925216675109539 ], [ -116.024307251378502, 47.965015411432148 ], [ -116.052482604588477, 47.976268768488922 ], [ -116.054496764913722, 48.208549499459878 ], [ -116.055679321243645, 48.498725891187007 ], [ -116.062499999974989, 48.999996185275791 ], [ -114.728332519630044, 49.000000000199918 ], [ -114.062500000374712, 49.000000000199918 ], [ -112.187499999625231, 48.999996185275791 ], [ -111.281875610770783, 49.000000000199918 ], [ -110.749999999800139, 49.000000000199918 ], [ -109.499999999600277, 48.999996185275791 ], [ -108.250000000299735, 48.999996185275791 ], [ -107.187499999725162, 48.999996185275791 ], [ -106.125000000049909, 48.999996185275791 ], [ -105.062500000374655, 48.999996185275791 ], [ -104.062499999675197, 49.000000000199918 ], [ -104.051826476910321, 48.645797729781464 ], [ -104.051620483598413, 48.39099502589977 ], [ -104.047935485434266, 48.000061035588374 ], [ -104.04682159414125, 47.400001525949733 ], [ -104.045440673448297, 47.333816527910471 ], [ -104.046951294366693, 46.642936706164107 ], [ -104.046218872103225, 46.542530059914384 ], [ -104.047348022193432, 46.280876159707077 ], [ -104.048416137994366, 45.942993164303118 ], [ -104.049026488981269, 45.883052825627431 ], [ -104.043357848985522, 45.212886810677844 ], [ -104.042579651229858, 44.997817993006038 ], [ -104.059349060310865, 44.997348785218321 ], [ -105.041259765525751, 45.001091003646934 ], [ -105.084465026739565, 44.999832153331283 ], [ -106.020576477022757, 44.997226714841077 ], [ -106.258644104341897, 44.996173858736654 ], [ -107.893714904519186, 44.999813079609964 ], [ -108.258567809956446, 45.000160217020436 ], [ -108.624572754129247, 44.997642517288398 ], [ -109.798652649100461, 44.999580383627858 ], [ -109.994789123419253, 45.002853393369435 ], [ -110.392005920536747, 44.998687744443885 ], [ -110.428894043325386, 44.99234771737332 ], [ -111.052650451457112, 44.995765686137531 ], [ -111.050842285343151, 44.664562225366467 ], [ -111.050788879103436, 44.473396301298294 ], [ -111.093856811142871, 44.486198424917404 ], [ -111.128143310365431, 44.500831604195241 ], [ -111.133583068403823, 44.527976989946183 ], [ -111.169464111479499, 44.545261383206309 ], [ -111.17798614474475, 44.564926147024096 ], [ -111.21872711156692, 44.573246001901509 ], [ -111.23345184362762, 44.602638244859179 ], [ -111.219017028712869, 44.618057250841503 ], [ -111.223190307486675, 44.626983642681012 ], [ -111.269882202501606, 44.642288208134346 ], [ -111.269424438586952, 44.67387771608378 ], [ -111.294883727701858, 44.683013916159382 ], [ -111.314689636517471, 44.705268859670184 ], [ -111.318435668970892, 44.727939605628364 ], [ -111.349189758000875, 44.726253509891649 ], [ -111.371520996396839, 44.74516296369984 ], [ -111.384170532044379, 44.737770080524854 ], [ -111.394294739010945, 44.708946227986075 ], [ -111.442840576531353, 44.71325683593426 ], [ -111.474632262868624, 44.702239990683097 ] ] ] ] } },
{ "type": "Feature", "properties": { "STATE_NAME": "Maine", "STATE_ABBR": "ME", "ELECT_VOTE": 4.0, "WON_12": "O", "WON_16": "C", "F2016Result": "Dem", "WON_20": "B", "F2020Result": "Dem", "Shape_Length": 18.89868354833143, "Shape_Area": 9.5706094680184286, "WON_24": "H", "F2024Result": "Dem" }, "geometry": { "type": "MultiPolygon", "coordinates": [ [ [ [ -69.777786255131502, 44.074073791072635 ], [ -69.860435485409312, 43.999923706314064 ], [ -69.792037963581095, 43.756000518509154 ], [ -69.830902099252455, 43.727901458385645 ], [ -69.852294922072929, 43.744243622045587 ], [ -69.846664428620443, 43.842262267889396 ], [ -69.887298583862503, 43.876632690046677 ], [ -69.903640746623125, 43.790649413939377 ], [ -69.973411560195302, 43.76876449558506 ], [ -70.000007629248671, 43.786125182830972 ], [ -69.987876891805058, 43.845657348907594 ], [ -70.026908874245123, 43.845520019733158 ], [ -70.157135009772844, 43.789730072085206 ], [ -70.236305236997055, 43.685714721657121 ], [ -70.222747802469087, 43.577156067298745 ], [ -70.342117309666094, 43.534824371547586 ], [ -70.366432189893601, 43.43021774295454 ], [ -70.45748138395868, 43.349384307739683 ], [ -70.539443970163063, 43.335632323772757 ], [ -70.666175842041412, 43.090961456705941 ], [ -70.81916809123436, 43.121784209873454 ], [ -70.831047058075228, 43.159088135109414 ], [ -70.813705444550578, 43.235137939664241 ], [ -70.901580810605878, 43.280937194595879 ], [ -70.906295776229058, 43.301986694030745 ], [ -70.97019195559426, 43.366298675843268 ], [ -70.979591369246236, 43.396102905424812 ], [ -70.961975097372829, 43.438045501398847 ], [ -70.971282959141206, 43.470130920705458 ], [ -70.959770202532809, 43.516307830641949 ], [ -70.964759826504746, 43.531909942190111 ], [ -70.950111389329095, 43.54887390160934 ], [ -70.95701599099516, 43.564064025634309 ], [ -70.974365234368008, 43.571750640879429 ], [ -70.98493194555283, 43.791088104132768 ], [ -71.009078979910953, 44.282081604182736 ], [ -71.02920532256752, 44.668483734436847 ], [ -71.08798980668422, 45.301422119035635 ], [ -70.959861755315728, 45.338817596155195 ], [ -70.876930236840906, 45.225395202226878 ], [ -70.843360901084679, 45.278087615850836 ], [ -70.81314849890407, 45.35462951683877 ], [ -70.829612732041937, 45.390678405783831 ], [ -70.797447204724676, 45.425125121926897 ], [ -70.63541412316323, 45.391918182378276 ], [ -70.720390319557566, 45.512908935199277 ], [ -70.552749634088286, 45.660617828350155 ], [ -70.39686584508263, 45.722000122008069 ], [ -70.41669464074505, 45.790264129585978 ], [ -70.254447936922702, 45.898963928042917 ], [ -70.247947692931632, 45.944580078308036 ], [ -70.3107757564959, 45.96874237056403 ], [ -70.280502319126697, 46.053115844920342 ], [ -70.305328369508629, 46.066619873208651 ], [ -70.229804993005985, 46.137397766493791 ], [ -70.283973694130623, 46.190212249595675 ], [ -70.191535949524393, 46.334804535001354 ], [ -70.047088623141406, 46.42608261102373 ], [ -70.014625549729317, 46.570564269925171 ], [ -69.985458373804875, 46.691329955712945 ], [ -69.230789184273419, 47.453296661611716 ], [ -69.047477722219071, 47.421993255884104 ], [ -69.03723144487526, 47.257328033162253 ], [ -68.895385742058295, 47.182220459106929 ], [ -68.515182494776298, 47.296924591097081 ], [ -68.391769409030985, 47.28505706812922 ], [ -68.335327148029421, 47.357334136661109 ], [ -68.231323242373719, 47.352108001782938 ], [ -67.791549682471839, 47.060958861961979 ], [ -67.780830383315504, 45.947006225257155 ], [ -67.756156921804461, 45.916522979651859 ], [ -67.795112610258741, 45.878417968914164 ], [ -67.759910583206818, 45.827739715615451 ], [ -67.803596496980731, 45.79444885223279 ], [ -67.803977966010279, 45.678050994657724 ], [ -67.753501891998667, 45.659225463784196 ], [ -67.718582153143814, 45.681236267439829 ], [ -67.615692138781128, 45.605133056645286 ], [ -67.439857482836544, 45.592494964870809 ], [ -67.416641235104862, 45.503486632901854 ], [ -67.504661560182797, 45.485748290651145 ], [ -67.419113159344761, 45.375782012929619 ], [ -67.478507995347684, 45.280208587756192 ], [ -67.439994812010923, 45.189510345126394 ], [ -67.346168517762862, 45.122177124174982 ], [ -67.274658203113518, 45.182708740116311 ], [ -67.166473388835811, 45.156188965048727 ], [ -67.151229858571071, 45.121913909699231 ], [ -67.06593322743646, 44.959217071810485 ], [ -67.147277831906365, 44.904502868912346 ], [ -66.969848633007985, 44.828575133835386 ], [ -67.008293152207159, 44.780544281393531 ], [ -67.200935363775955, 44.653701782111625 ], [ -67.309036255119054, 44.653442382559945 ], [ -67.389076232881791, 44.691322326264412 ], [ -67.571556090940817, 44.59825515784928 ], [ -67.619400024691345, 44.540161132730134 ], [ -67.811775207759581, 44.553932189519003 ], [ -67.859115600304676, 44.535999297829392 ], [ -67.90059661833925, 44.452320099193287 ], [ -67.968894958435556, 44.471149444990942 ], [ -67.963989257398282, 44.505249023723536 ], [ -67.987075805803784, 44.484733581289788 ], [ -68.016944885498049, 44.384876250838374 ], [ -68.074928284112957, 44.38129425022953 ], [ -68.136810303152913, 44.475158691020852 ], [ -68.246154785115209, 44.49057006805424 ], [ -68.364303588539713, 44.431308746301681 ], [ -68.429107665886022, 44.465229034392451 ], [ -68.552719115994364, 44.398971557291588 ], [ -68.530609130606877, 44.289756774655473 ], [ -68.559959411197838, 44.259807586950615 ], [ -68.740837097354131, 44.346252440997432 ], [ -68.813377380361771, 44.32735443106219 ], [ -68.814292907291815, 44.413913726537317 ], [ -68.741874694661362, 44.507209777809067 ], [ -68.745803832680679, 44.55224609378223 ], [ -68.824073791772037, 44.608833312907109 ], [ -68.82433319132366, 44.664016723592965 ], [ -68.86112976043006, 44.610897064547942 ], [ -68.808425902933038, 44.569580078358001 ], [ -68.812202453880104, 44.494518279794818 ], [ -68.959701537895626, 44.430255890197202 ], [ -68.985549926787655, 44.271034240437871 ], [ -69.022003173407711, 44.244014739988302 ], [ -69.074974060304612, 44.068984985368843 ], [ -69.219650268644955, 43.946704864637866 ], [ -69.294158935586381, 43.942108154467803 ], [ -69.346961974815258, 44.015888214069889 ], [ -69.39499664308056, 44.025047301891505 ], [ -69.483741760573764, 43.887077331753517 ], [ -69.589836120540497, 43.844779968520811 ], [ -69.664962768317082, 43.852142334101472 ], [ -69.655754089179823, 43.980171203738109 ], [ -69.613441467149926, 44.033535003537622 ], [ -69.721145629766966, 43.937900543175601 ], [ -69.749038696578566, 43.893295288446836 ], [ -69.725181579366335, 43.784393310702796 ], [ -69.750869751337916, 43.761619568088634 ], [ -69.778182982958242, 43.791187286763943 ], [ -69.800521850303085, 44.026790618792063 ], [ -69.767265319438877, 44.047657012661034 ], [ -69.777786255131502, 44.074073791072635 ] ] ], [ [ [ -68.388458251846828, 44.377174377695439 ], [ -68.350791931302524, 44.398872375559733 ], [ -68.355987548586484, 44.42877960179726 ], [ -68.239250183449144, 44.437484741527669 ], [ -68.165313720951417, 44.334415435623896 ], [ -68.305244446074312, 44.289951324094375 ], [ -68.321250915297469, 44.22499847370068 ], [ -68.403427123762697, 44.270721435545852 ], [ -68.388458251846828, 44.377174377695439 ] ] ] ] } },
{ "type": "Feature", "properties": { "STATE_NAME": "North Dakota", "STATE_ABBR": "ND", "ELECT_VOTE": 3.0, "WON_12": "R", "WON_16": "T", "F2016Result": "Rep", "WON_20": "T", "F2020Result": "Rep", "Shape_Length": 21.352937207330857, "Shape_Area": 21.874286785753419, "WON_24": "T", "F2024Result": "Rep" }, "geometry": { "type": "MultiPolygon", "coordinates": [ [ [ [ -98.730056762409617, 45.938297271501938 ], [ -99.006446838550744, 45.939582824487786 ], [ -99.716949462647563, 45.942779541142954 ], [ -99.875389098827839, 45.94356155382269 ], [ -100.513999939245764, 45.940391540737096 ], [ -102.002349853163139, 45.94250488279414 ], [ -102.94595336925255, 45.94166183492581 ], [ -102.994377136395713, 45.941112518228181 ], [ -104.048416137994366, 45.942993164303118 ], [ -104.047348022193432, 46.280876159707077 ], [ -104.046218872103225, 46.542530059914384 ], [ -104.046951294366693, 46.642936706164107 ], [ -104.045440673448297, 47.333816527910471 ], [ -104.04682159414125, 47.400001525949733 ], [ -104.047935485434266, 48.000061035588374 ], [ -104.051620483598413, 48.39099502589977 ], [ -104.051826476910321, 48.645797729781464 ], [ -104.062499999675197, 49.000000000199918 ], [ -102.937500000124885, 48.999996185275791 ], [ -102.021820068441343, 49.000000000199918 ], [ -101.500000000299735, 49.000000000199918 ], [ -100.187500000224816, 48.999996185275791 ], [ -99.533149719084236, 49.000000000199918 ], [ -98.999999999900012, 49.000000000199918 ], [ -97.937500000224816, 48.999996185275791 ], [ -97.229095459387906, 49.000000000199918 ], [ -97.216026306368917, 48.93184280420212 ], [ -97.175384521278602, 48.873771667728363 ], [ -97.170860290170197, 48.835994720679878 ], [ -97.180076599155711, 48.815551758207107 ], [ -97.164367676027382, 48.810382842694082 ], [ -97.173599242910711, 48.80152893081555 ], [ -97.147171020626047, 48.781185150074691 ], [ -97.138900757064278, 48.763557434328163 ], [ -97.147552490554972, 48.755668639795942 ], [ -97.132156372318718, 48.74723434438954 ], [ -97.134460448890593, 48.726253509092203 ], [ -97.109756469785225, 48.708599090675534 ], [ -97.116394042950674, 48.695259094231858 ], [ -97.096824645940615, 48.674545288334457 ], [ -97.107284545545326, 48.629962921351819 ], [ -97.127098083309875, 48.629810333380249 ], [ -97.12261199964405, 48.620784759808885 ], [ -97.144371032696938, 48.614040375063325 ], [ -97.140464782423749, 48.586921691982525 ], [ -97.157844543390922, 48.583656311189884 ], [ -97.151779174669116, 48.57287216192077 ], [ -97.167594909377556, 48.562278747166488 ], [ -97.146270751593875, 48.549552917533163 ], [ -97.160087585673523, 48.545093536537536 ], [ -97.155189514484448, 48.538414001904698 ], [ -97.139038086238656, 48.53466415362783 ], [ -97.14797973597598, 48.517967224507856 ], [ -97.134246825730372, 48.517330169951435 ], [ -97.143264770352857, 48.438125610208772 ], [ -97.119285583662702, 48.437118530495866 ], [ -97.122253418360515, 48.416126251325466 ], [ -97.151298523008393, 48.419628143024454 ], [ -97.149475098097241, 48.410007476364001 ], [ -97.128776550097655, 48.407901764155156 ], [ -97.158470154074337, 48.388221740640859 ], [ -97.134857177616595, 48.38442611687185 ], [ -97.133438110380439, 48.372470856045197 ], [ -97.150047302540941, 48.363231659313669 ], [ -97.130775451625766, 48.361507416134373 ], [ -97.136787414107857, 48.326007842987622 ], [ -97.112243651922938, 48.319942474265815 ], [ -97.132286071644842, 48.310985564831981 ], [ -97.114402771270818, 48.303634643124326 ], [ -97.113372802912465, 48.294898986698911 ], [ -97.130165099739543, 48.293056488066497 ], [ -97.112335204705914, 48.286163330273553 ], [ -97.111366271536156, 48.277893066711727 ], [ -97.136306762447077, 48.264499664028335 ], [ -97.123435973791118, 48.259189605316067 ], [ -97.127204894889928, 48.233539581686387 ], [ -97.108886718347321, 48.228065491129541 ], [ -97.139404296471071, 48.221771240450437 ], [ -97.110549926337967, 48.207622527757508 ], [ -97.130477905530881, 48.20375823985097 ], [ -97.136924743282236, 48.195079803690021 ], [ -97.135940551315343, 48.175243377280083 ], [ -97.137092590050941, 48.167785644891637 ], [ -97.115715026926921, 48.159240722981053 ], [ -97.136161804323763, 48.148414612244608 ], [ -97.120567321724479, 48.142791747741001 ], [ -97.121520996097047, 48.116386413202463 ], [ -97.098678588446091, 48.100990294966209 ], [ -97.092369079869115, 48.070362091237598 ], [ -97.066719055340116, 48.048183440813204 ], [ -97.047698975027629, 47.954944610705297 ], [ -97.01497650116454, 47.917911529793344 ], [ -97.020210265891023, 47.875591277915191 ], [ -96.999984741502601, 47.870220184014329 ], [ -96.97687530535103, 47.828052521007066 ], [ -96.983535766262548, 47.809684753148872 ], [ -96.957473755109675, 47.794464111529578 ], [ -96.93165588381197, 47.763530730958507 ], [ -96.923301696416104, 47.7141189578237 ], [ -96.889068603433259, 47.673950195445229 ], [ -96.872978210376061, 47.615280150958256 ], [ -96.851860046803665, 47.601177215556106 ], [ -96.85830688455502, 47.563003539781562 ], [ -96.848831176917258, 47.544593811355355 ], [ -96.860328674728521, 47.521381378547858 ], [ -96.851257323866378, 47.50064468400501 ], [ -96.866325378413421, 47.461563110249415 ], [ -96.855468750082707, 47.436779022234134 ], [ -96.866889953908185, 47.413112640436054 ], [ -96.84964752211539, 47.408962249408319 ], [ -96.839469909808429, 47.384143829773961 ], [ -96.850273131899485, 47.360980987382732 ], [ -96.838104247912668, 47.342269897038193 ], [ -96.846389770271628, 47.314628600829337 ], [ -96.837356567751385, 47.293910980007752 ], [ -96.849266052186522, 47.256870270146919 ], [ -96.836708068422581, 47.240486145019645 ], [ -96.82613372828888, 47.170093536587501 ], [ -96.838806152581867, 47.151916504143401 ], [ -96.818794250454232, 47.092636108669524 ], [ -96.826606750101405, 47.078865050981392 ], [ -96.822250365761761, 47.03396606418255 ], [ -96.834938049751145, 47.010265350765394 ], [ -96.82417297330403, 47.003471374704247 ], [ -96.816413878997309, 46.969814300189853 ], [ -96.793067931939447, 46.969676971015474 ], [ -96.801528930915367, 46.955879211556407 ], [ -96.789352417080352, 46.948238372702804 ], [ -96.787567138712461, 46.932220458707263 ], [ -96.762710571635523, 46.936298370673342 ], [ -96.756553650130797, 46.922817230131102 ], [ -96.777702331297519, 46.867385864665948 ], [ -96.767890930122292, 46.844898224273663 ], [ -96.796836853038315, 46.812068938830521 ], [ -96.780021667565848, 46.762348174828446 ], [ -96.781196594047515, 46.707080841207926 ], [ -96.793334961339383, 46.678840636985854 ], [ -96.78988647498079, 46.629810332880595 ], [ -96.783958435433419, 46.624149322733103 ], [ -96.770683288203145, 46.600021362096243 ], [ -96.750869751337916, 46.588657379434551 ], [ -96.739959716767487, 46.489471435158634 ], [ -96.714538574195785, 46.468757629261233 ], [ -96.709327698114748, 46.42720794708913 ], [ -96.687873840105624, 46.412258147995203 ], [ -96.651748657174778, 46.359474182487588 ], [ -96.614509582950859, 46.350852966591162 ], [ -96.601722717229563, 46.336364746336017 ], [ -96.597831725753508, 46.238723754597629 ], [ -96.58610534688421, 46.215454101525609 ], [ -96.587539672917558, 46.191959381420361 ], [ -96.57081604022801, 46.177215576537662 ], [ -96.551582336755416, 46.095569610149425 ], [ -96.575866699388655, 46.02132034275968 ], [ -96.561454773119237, 45.947723388723489 ], [ -96.566574096417355, 45.93415069539833 ], [ -97.232940673573182, 45.936542510728316 ], [ -97.978340148778784, 45.930858611935435 ], [ -98.014328002535251, 45.931533813035117 ], [ -98.730056762409617, 45.938297271501938 ] ] ] ] } },
{ "type": "Feature", "properties": { "STATE_NAME": "South Dakota", "STATE_ABBR": "SD", "ELECT_VOTE": 3.0, "WON_12": "R", "WON_16": "T", "F2016Result": "Rep", "WON_20": "T", "F2020Result": "Rep", "Shape_Length": 22.746183450895359, "Shape_Area": 22.597690559467139, "WON_24": "T", "F2024Result": "Rep" }, "geometry": { "type": "MultiPolygon", "coordinates": [ [ [ [ -102.787933349544403, 42.995323181419735 ], [ -103.005409240444067, 42.999374389816296 ], [ -103.500984191866905, 42.998649597401027 ], [ -104.055709838538178, 43.003093719599519 ], [ -104.058670044287055, 43.47916030920095 ], [ -104.057426452768539, 43.503738403004945 ], [ -104.05899047812801, 43.852928161705336 ], [ -104.059242248730754, 44.145843506172923 ], [ -104.060546875437922, 44.181842803802397 ], [ -104.058975219330875, 44.574367523042781 ], [ -104.059349060310865, 44.997348785218321 ], [ -104.042579651229858, 44.997817993006038 ], [ -104.043357848985522, 45.212886810677844 ], [ -104.049026488981269, 45.883052825627431 ], [ -104.048416137994366, 45.942993164303118 ], [ -102.994377136395713, 45.941112518228181 ], [ -102.94595336925255, 45.94166183492581 ], [ -102.002349853163139, 45.94250488279414 ], [ -100.513999939245764, 45.940391540737096 ], [ -99.875389098827839, 45.94356155382269 ], [ -99.716949462647563, 45.942779541142954 ], [ -99.006446838550744, 45.939582824487786 ], [ -98.730056762409617, 45.938297271501938 ], [ -98.014328002535251, 45.931533813035117 ], [ -97.978340148778784, 45.930858611935435 ], [ -97.232940673573182, 45.936542510728316 ], [ -96.566574096417355, 45.93415069539833 ], [ -96.587608337055087, 45.81789398192177 ], [ -96.604263305607049, 45.808303832855643 ], [ -96.657043457089856, 45.739009856919438 ], [ -96.832443236865856, 45.650726318265015 ], [ -96.854637146087384, 45.609161377295777 ], [ -96.842735290601127, 45.584129333601936 ], [ -96.768898009835254, 45.517517090141666 ], [ -96.737686156890618, 45.458232879743662 ], [ -96.692825317534357, 45.410675049114275 ], [ -96.604743957267772, 45.396560668939799 ], [ -96.532211304108387, 45.375167847018588 ], [ -96.477256774480509, 45.328544617040507 ], [ -96.45726776099832, 45.298885345582278 ], [ -96.454162598025448, 45.275230407657261 ], [ -96.455749512030309, 44.972030639302602 ], [ -96.454887390440661, 44.801383972592305 ], [ -96.456390380611538, 44.628845215034687 ], [ -96.454780578860607, 44.538379669286371 ], [ -96.457077026483546, 44.199092864544127 ], [ -96.456283569031427, 43.848770141728721 ], [ -96.460136413964278, 43.499744414872907 ], [ -96.597991943573277, 43.499874115098407 ], [ -96.583473205723806, 43.481945037433604 ], [ -96.58879089338501, 43.435562134185204 ], [ -96.557388305925542, 43.400749206910405 ], [ -96.524734497099303, 43.384246826330013 ], [ -96.522575378650743, 43.356986999150763 ], [ -96.540245055864602, 43.307678222671882 ], [ -96.578811645441021, 43.290092468392743 ], [ -96.570404052704816, 43.263629913589682 ], [ -96.559249878279218, 43.253280639589889 ], [ -96.56667327904853, 43.239650726000264 ], [ -96.558288574058395, 43.225505829130782 ], [ -96.486930847380677, 43.217926025465772 ], [ -96.47280120840901, 43.209098816257438 ], [ -96.451194763327635, 43.126323699778993 ], [ -96.460494995247814, 43.087886810428017 ], [ -96.46178436315779, 43.075595856063956 ], [ -96.479263305856819, 43.061897277437481 ], [ -96.519699096735906, 43.05152130166681 ], [ -96.498710632489633, 43.012062072906417 ], [ -96.516838073618146, 42.986469268641883 ], [ -96.514625548929928, 42.952392578554736 ], [ -96.543952941774819, 42.913875579394528 ], [ -96.537200928080324, 42.896915435798803 ], [ -96.555900573652536, 42.846668243744489 ], [ -96.572814941756121, 42.834354400735037 ], [ -96.587333679605592, 42.835388184017518 ], [ -96.600563049545087, 42.799564361206365 ], [ -96.632667541673698, 42.776840209907789 ], [ -96.640396118386093, 42.748607635534029 ], [ -96.626228332871221, 42.708358764245645 ], [ -96.562728882232079, 42.668518066455647 ], [ -96.540855407750826, 42.662410736266509 ], [ -96.512535095518217, 42.629760742364397 ], [ -96.488189697696328, 42.580486297504706 ], [ -96.500633240031959, 42.573890685806532 ], [ -96.489028930640586, 42.564033508239845 ], [ -96.479934692032373, 42.517135619913006 ], [ -96.439086913630149, 42.489246368025533 ], [ -96.49439239469325, 42.488464355345798 ], [ -96.546905517675441, 42.520503997361629 ], [ -96.584442138893564, 42.518291473572674 ], [ -96.605155944790965, 42.507240295803058 ], [ -96.628982543509551, 42.522697448328643 ], [ -96.636360168786723, 42.550735473263558 ], [ -96.713745116743723, 42.612304687411438 ], [ -96.714958190667915, 42.621910095274757 ], [ -96.694282531313718, 42.64116668739274 ], [ -96.698745727233472, 42.657718658389399 ], [ -96.722343444894022, 42.668594360441432 ], [ -96.799026489081143, 42.670021057525844 ], [ -96.810119629217468, 42.681343078720147 ], [ -96.809822082223263, 42.704086303739984 ], [ -96.907913208028106, 42.731700897278643 ], [ -96.970451355345745, 42.721149444891012 ], [ -96.977546691526584, 42.727310180420545 ], [ -96.969680786539016, 42.752067565765628 ], [ -96.979270934705823, 42.758316040053273 ], [ -97.014816284244091, 42.759544372774656 ], [ -97.130142211993473, 42.773925781449691 ], [ -97.161094665386486, 42.798622131606123 ], [ -97.211502075260512, 42.812576293960831 ], [ -97.224113464364848, 42.841205597060707 ], [ -97.24285888632852, 42.851829528509995 ], [ -97.271125793220733, 42.850017547471907 ], [ -97.31108093243904, 42.861774444834793 ], [ -97.388969421601473, 42.867435454982342 ], [ -97.456924438312114, 42.850444793792235 ], [ -97.482818603595661, 42.857158660943526 ], [ -97.505790710572796, 42.860137939514345 ], [ -97.570312499722036, 42.847991943273598 ], [ -97.634628295559367, 42.861286163325815 ], [ -97.685409545514062, 42.836837768848 ], [ -97.724906921717036, 42.858009338660111 ], [ -97.771842956587136, 42.846164703438376 ], [ -97.796684264866883, 42.849597930999778 ], [ -97.818298339796513, 42.866588592189828 ], [ -97.88831329322386, 42.855808257844899 ], [ -97.889595032184957, 42.831272125508235 ], [ -97.929130554031815, 42.792324066002891 ], [ -97.96321105994241, 42.773689269644137 ], [ -97.994796752967716, 42.76681137064827 ], [ -98.032791138100492, 42.769191742105249 ], [ -98.121467590556847, 42.808361053719693 ], [ -98.122764587415759, 42.82022476176337 ], [ -98.144515991519768, 42.83579635661664 ], [ -98.167472839699769, 42.839572906664387 ], [ -98.309982299743297, 42.881797790835435 ], [ -98.390846252552478, 42.920139312479364 ], [ -98.457084655932078, 42.93716430708713 ], [ -98.497291564853811, 42.991783142278223 ], [ -99.253593444781643, 42.992389679240375 ], [ -99.532402038922896, 42.992332458076532 ], [ -100.197738647720371, 42.991088867457336 ], [ -101.231307983276793, 42.986835479773617 ], [ -102.086273193453053, 42.989891052330279 ], [ -102.787933349544403, 42.995323181419735 ] ] ] ] } },
{ "type": "Feature", "properties": { "STATE_NAME": "Wyoming", "STATE_ABBR": "WY", "ELECT_VOTE": 3.0, "WON_12": "R", "WON_16": "T", "F2016Result": "Rep", "WON_20": "T", "F2020Result": "Rep", "Shape_Length": 21.986527629098319, "Shape_Area": 27.965642421084521, "WON_24": "T", "F2024Result": "Rep" }, "geometry": { "type": "MultiPolygon", "coordinates": [ [ [ [ -104.053108214972099, 41.698246002251267 ], [ -104.054992675971164, 41.56424713159987 ], [ -104.053504943698158, 41.388107299712146 ], [ -104.051200867126283, 41.003227234249493 ], [ -104.933967590431905, 40.994304657334112 ], [ -105.278259277043958, 40.996364593151498 ], [ -106.202896118161277, 41.000110626504238 ], [ -106.328544616340935, 41.001316070580231 ], [ -106.864837646839874, 40.998489379980981 ], [ -107.303436279360767, 41.000167846768761 ], [ -107.918037414594949, 41.003410338916069 ], [ -109.047637939239451, 40.99847412118379 ], [ -110.001457214179084, 40.997646332112595 ], [ -110.062477111629391, 40.997940063283352 ], [ -111.050285339696643, 40.996635436576184 ], [ -111.050910949480681, 41.258480072197642 ], [ -111.050323486239847, 41.578647613096905 ], [ -111.047950744631123, 41.996265411219781 ], [ -111.046028137088797, 42.503322601656805 ], [ -111.048446655089037, 43.019962310412325 ], [ -111.046730041757996, 43.2848129272748 ], [ -111.045997619494528, 43.51560592687207 ], [ -111.04962921141896, 43.982631683205682 ], [ -111.050788879103436, 44.473396301298294 ], [ -111.050842285343151, 44.664562225366467 ], [ -111.052650451457112, 44.995765686137531 ], [ -110.428894043325386, 44.99234771737332 ], [ -110.392005920536747, 44.998687744443885 ], [ -109.994789123419253, 45.002853393369435 ], [ -109.798652649100461, 44.999580383627858 ], [ -108.624572754129247, 44.997642517288398 ], [ -108.258567809956446, 45.000160217020436 ], [ -107.893714904519186, 44.999813079609964 ], [ -106.258644104341897, 44.996173858736654 ], [ -106.020576477022757, 44.997226714841077 ], [ -105.084465026739565, 44.999832153331283 ], [ -105.041259765525751, 45.001091003646934 ], [ -104.059349060310865, 44.997348785218321 ], [ -104.058975219330875, 44.574367523042781 ], [ -104.060546875437922, 44.181842803802397 ], [ -104.059242248730754, 44.145843506172923 ], [ -104.05899047812801, 43.852928161705336 ], [ -104.057426452768539, 43.503738403004945 ], [ -104.058670044287055, 43.47916030920095 ], [ -104.055709838538178, 43.003093719599519 ], [ -104.055725097335312, 42.61470413169036 ], [ -104.053009033240244, 41.999851226752753 ], [ -104.053108214972099, 41.698246002251267 ] ] ] ] } },
{ "type": "Feature", "properties": { "STATE_NAME": "Wisconsin", "STATE_ABBR": "WI", "ELECT_VOTE": 10.0, "WON_12": "O", "WON_16": "T", "F2016Result": "Rep Pickup", "WON_20": "B", "F2020Result": "Dem Pickup", "Shape_Length": 21.891353007070201, "Shape_Area": 16.477301545549722, "WON_24": "T", "F2024Result": "Rep Pickup" }, "geometry": { "type": "MultiPolygon", "coordinates": [ [ [ [ -87.748451233337732, 44.961627959962414 ], [ -87.839889526280558, 44.927333831790975 ], [ -87.830917358049589, 44.873355865181111 ], [ -87.98568725576223, 44.720481872340599 ], [ -87.983078003247215, 44.677272796202658 ], [ -88.013183593847714, 44.639125823997631 ], [ -87.975654602477903, 44.595821381051962 ], [ -88.012916565347155, 44.622241973488315 ], [ -88.040313720801521, 44.571456909508811 ], [ -87.966125488600369, 44.535503387371477 ], [ -87.926307678556498, 44.539146423168972 ], [ -87.868682861225011, 44.616912841954161 ], [ -87.76412963887168, 44.644054412780974 ], [ -87.723724365586975, 44.689292908041352 ], [ -87.614364623928225, 44.833053588552332 ], [ -87.552688598200234, 44.851341247500613 ], [ -87.551574706907161, 44.823028564216941 ], [ -87.4336471555917, 44.891101837280019 ], [ -87.36736297582064, 44.811569213848202 ], [ -87.314369202076989, 44.794719695857339 ], [ -87.372978210475992, 44.67691802984325 ], [ -87.473442077889558, 44.533946990960942 ], [ -87.537406921392289, 44.327854156444232 ], [ -87.517242431293141, 44.175758362258648 ], [ -87.644287108962885, 44.097835540577762 ], [ -87.726036072007105, 43.893909454357868 ], [ -87.702644348557783, 43.67317962653857 ], [ -87.785957336062154, 43.546298980713459 ], [ -87.802871704165796, 43.458713531804108 ], [ -87.875244140404732, 43.358589171952758 ], [ -87.889747619457012, 43.197208404644186 ], [ -87.859985351342857, 43.075862884564515 ], [ -87.891899108956693, 43.025760650633572 ], [ -87.836357116987301, 42.964576721338688 ], [ -87.819770812572926, 42.841545104622924 ], [ -87.756729125848437, 42.777526855779797 ], [ -87.791435241543127, 42.666622161583518 ], [ -87.797309875750102, 42.489131927496487 ], [ -88.194702148585236, 42.489612579157267 ], [ -88.297897338891062, 42.491970061968857 ], [ -88.706520080137579, 42.489654540624599 ], [ -88.764953613718262, 42.490905761991371 ], [ -88.939079284381421, 42.490863799624719 ], [ -89.359443664193691, 42.497905731364483 ], [ -89.4004974368072, 42.497489928917162 ], [ -89.834617614611204, 42.503459930831184 ], [ -89.923568725416317, 42.504108429260668 ], [ -90.419975280834478, 42.50836181604501 ], [ -90.638328552120925, 42.509361266809094 ], [ -90.62557983384221, 42.528560638662611 ], [ -90.639091491978718, 42.555713653362488 ], [ -90.664253234998739, 42.571392058896436 ], [ -90.694664001542378, 42.637931823295048 ], [ -90.745483398040335, 42.65700530984725 ], [ -90.892417907460413, 42.67824554469621 ], [ -90.91928100591366, 42.680683136417656 ], [ -90.999053955175839, 42.707065582310804 ], [ -91.066040038716778, 42.744922638269202 ], [ -91.081901550715941, 42.783374786417312 ], [ -91.093299865896086, 42.87145233175977 ], [ -91.138992309247612, 42.925907135106229 ], [ -91.152084350912048, 43.001331328977699 ], [ -91.15962219221035, 43.081199645946981 ], [ -91.168441772469805, 43.082904815404959 ], [ -91.161224365012401, 43.147594452222222 ], [ -91.068923950479871, 43.257919311227283 ], [ -91.066299438268402, 43.280704498613773 ], [ -91.078369140523364, 43.313320159997431 ], [ -91.17691802934354, 43.353969574036682 ], [ -91.198112487801041, 43.370536803830475 ], [ -91.21078491209397, 43.424076080246948 ], [ -91.235771179396352, 43.464710235489008 ], [ -91.22343444864083, 43.500835418419854 ], [ -91.240425109830937, 43.548740387359032 ], [ -91.232856750038934, 43.598918914376441 ], [ -91.258255004864566, 43.677352905312375 ], [ -91.258781432916749, 43.7224273678288 ], [ -91.250968933269633, 43.788108825561892 ], [ -91.291809081823658, 43.847225189191192 ], [ -91.373214721482157, 43.947227477765921 ], [ -91.42575836205873, 43.985656738167961 ], [ -91.528274536340746, 44.034252167003956 ], [ -91.569015503162916, 44.03499221821636 ], [ -91.60163879439483, 44.040859222575136 ], [ -91.652084350812117, 44.066932678500393 ], [ -91.753067016429611, 44.137264251743886 ], [ -91.8485870362627, 44.191223144632488 ], [ -91.888534545632751, 44.257530212149618 ], [ -91.922187805223018, 44.28837585486184 ], [ -91.922592162897956, 44.317554473760026 ], [ -91.938705444600544, 44.33914566004421 ], [ -91.972221374117112, 44.364521026224452 ], [ -92.091163634993734, 44.415622710919422 ], [ -92.205963134690876, 44.438426971127853 ], [ -92.2489242551502, 44.456249237212603 ], [ -92.296508789349105, 44.492214203222943 ], [ -92.320297241524429, 44.54052352893774 ], [ -92.340690612681612, 44.552867889541517 ], [ -92.509025573871099, 44.575191498089225 ], [ -92.608779907666587, 44.610324859204923 ], [ -92.630172729587741, 44.642684936860405 ], [ -92.736946105578284, 44.713626861990122 ], [ -92.805381774848968, 44.746192932058193 ], [ -92.760826110536527, 44.835403442414986 ], [ -92.7640609737349, 44.862266540868234 ], [ -92.771667480070107, 44.899528503737486 ], [ -92.753723144507489, 44.915035247578658 ], [ -92.749565124530818, 44.935688019186784 ], [ -92.766921996852659, 45.001037597407276 ], [ -92.762786865521377, 45.022151946954864 ], [ -92.796554565640633, 45.065643310390499 ], [ -92.745216370039429, 45.113037109175309 ], [ -92.744728088530451, 45.156455993549343 ], [ -92.762374877998184, 45.186645507983883 ], [ -92.755210876780495, 45.212409973041872 ], [ -92.746383666672841, 45.297637939139634 ], [ -92.707176208515193, 45.318237304508045 ], [ -92.684661865452711, 45.36311340356076 ], [ -92.648544311470744, 45.395503997911248 ], [ -92.644767761422997, 45.439491271804798 ], [ -92.65460968019255, 45.455261230121721 ], [ -92.685211181250963, 45.470092773762531 ], [ -92.727943420652309, 45.547283172280629 ], [ -92.76196289047499, 45.564304351964324 ], [ -92.834823608222905, 45.563442230374676 ], [ -92.876617432048818, 45.578876495154191 ], [ -92.885185241705528, 45.644996643080674 ], [ -92.859809875525286, 45.710605621752109 ], [ -92.833427429632138, 45.730934142796514 ], [ -92.778900146324645, 45.763385772335596 ], [ -92.748558044817855, 45.83734893840284 ], [ -92.73389434794575, 45.845027923799705 ], [ -92.70603942857673, 45.89100646937311 ], [ -92.666007995372638, 45.91575241084513 ], [ -92.552474975839402, 45.951320648129467 ], [ -92.523780822626804, 45.982635497730087 ], [ -92.462150573290273, 45.981250763012383 ], [ -92.424804687486301, 46.025558471646207 ], [ -92.364768982002886, 46.016304016117488 ], [ -92.34603118898815, 46.022651672136988 ], [ -92.327178955444424, 46.056934356435477 ], [ -92.289176941362712, 46.073287963968426 ], [ -92.288749695042384, 46.156658172636639 ], [ -92.288490295490703, 46.416042327891148 ], [ -92.287078857203483, 46.658843994554786 ], [ -92.208961486983014, 46.646930694296145 ], [ -92.095779418885058, 46.742687225035468 ], [ -92.003967284962187, 46.683860778552116 ], [ -91.921272277393655, 46.680194855008608 ], [ -91.555587768860391, 46.756923675587188 ], [ -90.861541748053185, 46.952548980650988 ], [ -90.774299621630178, 46.920303344423871 ], [ -90.777259826479792, 46.883190154602005 ], [ -90.926055908253545, 46.585559845410614 ], [ -90.7305297849216, 46.645755767814478 ], [ -90.540695190230792, 46.587581634684739 ], [ -90.408020019108562, 46.568664551028235 ], [ -90.385345459125574, 46.539710998264013 ], [ -90.313529968533203, 46.551616668674399 ], [ -90.302215576287779, 46.544349670800727 ], [ -90.300003051599504, 46.52510452255575 ], [ -90.269607543853056, 46.52253341658394 ], [ -90.258224487470102, 46.508842468705041 ], [ -90.211349486889276, 46.506347655819695 ], [ -90.161216736263327, 46.442432403632552 ], [ -90.141624450607878, 46.393951416224922 ], [ -90.11500549290912, 46.365207671696737 ], [ -90.111488342413054, 46.340480804845299 ], [ -89.924972533855339, 46.304077148641568 ], [ -89.099670410061321, 46.145690917801687 ], [ -88.985168457358384, 46.100437164643495 ], [ -88.92506408683812, 46.073646545251904 ], [ -88.804267883456021, 46.026847839556183 ], [ -88.793685913474064, 46.036403656103914 ], [ -88.777351379662377, 46.032657623650437 ], [ -88.772888183742623, 46.021190643433499 ], [ -88.726280212561733, 46.029624938839902 ], [ -88.703475952353301, 46.018966674872217 ], [ -88.677253723380602, 46.020187377745344 ], [ -88.643539428601684, 45.993431090872207 ], [ -88.615371704340646, 45.994163513135675 ], [ -88.597404480132639, 46.015560149981013 ], [ -88.575225829708245, 46.00900268572542 ], [ -88.548225402979938, 46.019344329876958 ], [ -88.515480041370779, 46.018653869980142 ], [ -88.493949890275189, 46.013004302806394 ], [ -88.483680725185309, 45.999195098575001 ], [ -88.454185485571656, 46.000804901225251 ], [ -88.40338897681977, 45.98346710172541 ], [ -88.369804382266409, 45.994632720923391 ], [ -88.321189880608472, 45.966758727833053 ], [ -88.299018860032334, 45.961990356869535 ], [ -88.257034301691647, 45.967102051218717 ], [ -88.214859008836129, 45.947948455756659 ], [ -88.18006134035852, 45.953563690412011 ], [ -88.150306702092564, 45.936340332340535 ], [ -88.111259460855422, 45.926334380827086 ], [ -88.093719482068423, 45.920661925907211 ], [ -88.095634460661813, 45.891849518140816 ], [ -88.065292358255704, 45.87368774449385 ], [ -88.121658325271483, 45.834922790554401 ], [ -88.129821777253198, 45.819446563408235 ], [ -88.088607787719184, 45.791576385242024 ], [ -88.051513671618636, 45.786155700924894 ], [ -87.989944458370019, 45.795089721713339 ], [ -87.969055175855658, 45.766490936207788 ], [ -87.873504638428301, 45.750740051612127 ], [ -87.842239380143269, 45.722457885922722 ], [ -87.801429748284193, 45.711429595899176 ], [ -87.80103302045751, 45.701362610096453 ], [ -87.777351378962919, 45.68413925202492 ], [ -87.780822753966902, 45.675952911397815 ], [ -87.816932678100557, 45.665428161680381 ], [ -87.819816588964386, 45.654487609515627 ], [ -87.775924682777827, 45.613235473438408 ], [ -87.774955749608125, 45.600421905946234 ], [ -87.786193847867764, 45.568553924723915 ], [ -87.828483581252215, 45.568626403785572 ], [ -87.80502319366542, 45.544559478337305 ], [ -87.789268493246311, 45.499099731867204 ], [ -87.813499450539155, 45.466491699432424 ], [ -87.860153198111561, 45.445129394206219 ], [ -87.849418640158092, 45.406147003081799 ], [ -87.883499145169367, 45.365882873895544 ], [ -87.873863220611099, 45.362113952796733 ], [ -87.868423461673387, 45.3721008296896 ], [ -87.861984252870911, 45.370193481843785 ], [ -87.841171264342336, 45.346176147711105 ], [ -87.827896118011381, 45.35834884662205 ], [ -87.759925842503606, 45.352924346481473 ], [ -87.689483642755874, 45.39129638661899 ], [ -87.643569946395871, 45.361881255915307 ], [ -87.645248413183708, 45.348194122061159 ], [ -87.704360961888824, 45.272228241340315 ], [ -87.705032348963698, 45.247108459787626 ], [ -87.719558715762105, 45.236793518306285 ], [ -87.721519469847635, 45.211692810474858 ], [ -87.736091613936821, 45.199092865243585 ], [ -87.729560852351426, 45.176624297673243 ], [ -87.672706603826668, 45.140689850156491 ], [ -87.664779662751187, 45.109069824612789 ], [ -87.581169128252611, 45.094654083419243 ], [ -87.618415832324786, 45.056819916106292 ], [ -87.620231628287002, 44.992008208911784 ], [ -87.748451233337732, 44.961627959962414 ] ] ], [ [ [ -87.034408569200082, 45.29042053258155 ], [ -86.986137390028489, 45.298671722422114 ], [ -86.967597961376782, 45.240287781056281 ], [ -86.995620727514506, 45.218421936423283 ], [ -87.044998169030237, 45.249031067329952 ], [ -87.025337219237258, 45.149982452228414 ], [ -87.07976531991352, 45.147315979448933 ], [ -87.044792175718271, 45.095520019933019 ], [ -87.087570190611757, 45.092185974103472 ], [ -87.083793640564011, 45.053291320837843 ], [ -87.112449646334085, 45.064769744927844 ], [ -87.17858886708251, 44.982810974546908 ], [ -87.168685913124364, 44.933326721451067 ], [ -87.205551147267613, 44.873241424652065 ], [ -87.311027527298506, 44.798774719178027 ], [ -87.378639221522803, 44.837745666429441 ], [ -87.405319213510836, 44.911205292190516 ], [ -87.342056274677304, 45.015220641719282 ], [ -87.283378601241395, 45.052627563611225 ], [ -87.230804443070554, 45.175075531110906 ], [ -87.177803039478647, 45.154983520073472 ], [ -87.065948486733248, 45.296478271455101 ], [ -87.034408569200082, 45.29042053258155 ] ] ] ] } },
{ "type": "Feature", "properties": { "STATE_NAME": "Idaho", "STATE_ABBR": "ID", "ELECT_VOTE": 4.0, "WON_12": "R", "WON_16": "T", "F2016Result": "Rep", "WON_20": "T", "F2020Result": "Rep", "Shape_Length": 28.529071592331398, "Shape_Area": 24.390737588534389, "WON_24": "T", "F2024Result": "Rep" }, "geometry": { "type": "MultiPolygon", "coordinates": [ [ [ [ -117.025306701942725, 43.679149627553329 ], [ -117.022804260108501, 43.753818512314524 ], [ -117.036125182830915, 43.800258636726767 ], [ -117.026634216395962, 43.831684112831567 ], [ -117.009513854980412, 43.839885711356544 ], [ -117.015228271367619, 43.853088378625841 ], [ -116.984779358280718, 43.859466553138986 ], [ -116.977157593148377, 43.873584747338271 ], [ -116.977149963300121, 43.904556274452545 ], [ -116.958724975177404, 43.928691864038342 ], [ -116.966964722044281, 43.96331024187424 ], [ -116.932601928835936, 44.014316558862163 ], [ -116.975822448846884, 44.074008941859233 ], [ -116.962448119884812, 44.09041213980845 ], [ -116.945892333964025, 44.093139648675901 ], [ -116.901260375665743, 44.146427154489629 ], [ -116.912055968807863, 44.177417755325223 ], [ -116.980873108007472, 44.197956085504984 ], [ -116.975128174025997, 44.225296020694827 ], [ -116.991706848592173, 44.247177124125017 ], [ -117.02935028049103, 44.249450684001943 ], [ -117.051025390609254, 44.231670379384582 ], [ -117.080383301048471, 44.243961334647906 ], [ -117.099555969332471, 44.267192840277403 ], [ -117.111686706776084, 44.269920349144854 ], [ -117.142272949037363, 44.250747680860854 ], [ -117.169715881782508, 44.253448486158788 ], [ -117.212562560813524, 44.284835815720385 ], [ -117.216445922441324, 44.300781249754948 ], [ -117.200592041189736, 44.339553832643332 ], [ -117.235908507871329, 44.390098571691794 ], [ -117.21620941153509, 44.427970886447326 ], [ -117.223396301398168, 44.473102569228217 ], [ -117.202949524001326, 44.485900878822576 ], [ -117.186378479283348, 44.511920928508118 ], [ -117.144149780188172, 44.534770966007329 ], [ -117.142929077315046, 44.55940246605104 ], [ -117.129493713164322, 44.572639464939414 ], [ -117.078346252077836, 44.689453124961801 ], [ -117.065505981016202, 44.69767379720804 ], [ -117.038566589476488, 44.74923324581772 ], [ -116.950492859058159, 44.776153564535434 ], [ -116.908622742145781, 44.829059600420294 ], [ -116.89636993432498, 44.848674773821813 ], [ -116.866081238158586, 44.868728637416723 ], [ -116.834403991450984, 44.920265197381013 ], [ -116.846565246488922, 44.954971313075703 ], [ -116.830406189294195, 44.972755431717871 ], [ -116.84716796852689, 44.971862792533898 ], [ -116.854896545239342, 44.980087280603584 ], [ -116.847106933338296, 45.000164031944564 ], [ -116.853523254394645, 45.017066955275823 ], [ -116.806320190124666, 45.049877166997703 ], [ -116.786224365062367, 45.075874328937175 ], [ -116.777107238708084, 45.099601745923906 ], [ -116.760284423387418, 45.10642242465525 ], [ -116.73560333292744, 45.137428283388601 ], [ -116.687835693162697, 45.262470245505483 ], [ -116.671287536190789, 45.335529327616428 ], [ -116.564796447497997, 45.459980010669028 ], [ -116.553527831644089, 45.493762969585418 ], [ -116.477577209720437, 45.566173553266935 ], [ -116.469444275332989, 45.606372833239732 ], [ -116.513938903557516, 45.664608001558065 ], [ -116.527297973722455, 45.71084594758247 ], [ -116.55965423555449, 45.747543334957015 ], [ -116.653419494613956, 45.780750274505635 ], [ -116.702201843040598, 45.819290161411857 ], [ -116.772727966622313, 45.819885253601626 ], [ -116.790283203307126, 45.845989227121208 ], [ -116.855491638328431, 45.903720856032749 ], [ -116.897216797117437, 45.980640411126103 ], [ -116.918151855123995, 45.995300293074138 ], [ -116.956741333345803, 46.065811156959398 ], [ -116.9862289431112, 46.078632354299771 ], [ -116.960655212567985, 46.097396850884024 ], [ -116.928443908859265, 46.165603637298091 ], [ -116.966506958129571, 46.197673797807568 ], [ -116.971740722856055, 46.24942779585615 ], [ -117.000656128177752, 46.302566528622435 ], [ -117.026985168730505, 46.335544586213757 ], [ -117.063194274596071, 46.348815917620527 ], [ -117.043479919462698, 46.388690948828298 ], [ -117.037567138712461, 46.428096771348976 ], [ -117.040931701237014, 46.536716460896002 ], [ -117.039962768966575, 47.119422912237667 ], [ -117.041381836202731, 47.258602142275095 ], [ -117.040779114164764, 47.361541747953368 ], [ -117.036437988622254, 47.971191406658136 ], [ -117.03783416721302, 48.046283721916268 ], [ -117.028045654683183, 48.83815002420431 ], [ -117.030975341938472, 49.000000000199918 ], [ -116.062499999974989, 48.999996185275791 ], [ -116.055679321243645, 48.498725891187007 ], [ -116.054496764913722, 48.208549499459878 ], [ -116.052482604588477, 47.976268768488922 ], [ -116.024307251378502, 47.965015411432148 ], [ -115.997924804586034, 47.925216675109539 ], [ -115.936836242998197, 47.867198943976121 ], [ -115.902915954907371, 47.841148376696253 ], [ -115.868804931402451, 47.827526092954884 ], [ -115.848320007462348, 47.805255889747571 ], [ -115.835739135952338, 47.756355285867812 ], [ -115.789535522446386, 47.744911194296208 ], [ -115.774726867450966, 47.709804534951388 ], [ -115.732666016023813, 47.695625305563453 ], [ -115.733070373698752, 47.639949798444491 ], [ -115.69728851325425, 47.61614990239616 ], [ -115.69109344520632, 47.590789795013109 ], [ -115.741836547718492, 47.533760070770711 ], [ -115.700531006300878, 47.520961761176409 ], [ -115.691780090179009, 47.489608765032528 ], [ -115.639152526667715, 47.475303650343221 ], [ -115.642196655351313, 47.457862854187397 ], [ -115.655097961601598, 47.449249267239964 ], [ -115.73149108864277, 47.445373535460362 ], [ -115.74911499036449, 47.434036254569548 ], [ -115.749336242473589, 47.422546386606484 ], [ -115.66548919706878, 47.39923858609194 ], [ -115.637794494620209, 47.380115509123527 ], [ -115.59854888901998, 47.370075225990945 ], [ -115.554534912456234, 47.334686279348375 ], [ -115.522079467993024, 47.292057037502332 ], [ -115.500946044724174, 47.281719207375545 ], [ -115.425659180027083, 47.274448394577803 ], [ -115.407226562056167, 47.263668060232874 ], [ -115.342681885160857, 47.255096435652035 ], [ -115.324249267189884, 47.245223999288214 ], [ -115.295257568781722, 47.179626464489786 ], [ -115.192100525019157, 47.124103546241713 ], [ -115.171524048296135, 47.097648620387588 ], [ -115.147712707475421, 47.091819763471335 ], [ -115.134536742876321, 47.063629150564907 ], [ -115.080368041751683, 47.026603698601889 ], [ -115.054672240831223, 46.973438263165349 ], [ -115.03636932398507, 46.963081360216677 ], [ -115.000610351286639, 46.958889007721609 ], [ -114.963768005788779, 46.925292968395809 ], [ -114.923164367241725, 46.907245636177208 ], [ -114.939605712633522, 46.890968322630044 ], [ -114.947448730774283, 46.852527618354941 ], [ -114.901367187645576, 46.799514770890028 ], [ -114.865646362389668, 46.797126769584793 ], [ -114.83983612094022, 46.775619507134593 ], [ -114.793075561787703, 46.766613006385171 ], [ -114.776878357150451, 46.755798339521789 ], [ -114.781967162854244, 46.703121185594284 ], [ -114.747154235579501, 46.695213318240121 ], [ -114.697479247968886, 46.733840942105871 ], [ -114.672935485784024, 46.734802246326637 ], [ -114.62497711150445, 46.687187194533465 ], [ -114.644088745499175, 46.67100143466854 ], [ -114.643791198504971, 46.660903930372115 ], [ -114.6098785402624, 46.629127502832034 ], [ -114.539443969463605, 46.63796997083756 ], [ -114.48377227816809, 46.623653412275189 ], [ -114.440589904700289, 46.645793914357739 ], [ -114.383071899848289, 46.661674499178844 ], [ -114.333740234724019, 46.654304504649247 ], [ -114.323768615729023, 46.622917175087593 ], [ -114.342376709417579, 46.587959289689536 ], [ -114.349174499503533, 46.517467498626218 ], [ -114.359527587528135, 46.506202697696381 ], [ -114.409774780481712, 46.48744964588451 ], [ -114.383087158645424, 46.428256988269425 ], [ -114.396080016779308, 46.399623871144797 ], [ -114.408859252652348, 46.3929901120041 ], [ -114.430862426459782, 46.284790038929202 ], [ -114.472862243597604, 46.253040314059319 ], [ -114.471900940276157, 46.243862152516385 ], [ -114.43862152076656, 46.220333098993365 ], [ -114.43994903521974, 46.169048309631819 ], [ -114.466087341257776, 46.155342102056409 ], [ -114.508682250585366, 46.157497405580841 ], [ -114.518013000099813, 46.136142731102211 ], [ -114.505638122801088, 46.116222381757552 ], [ -114.476440429282377, 46.10743713401655 ], [ -114.455101013600881, 46.082309722615662 ], [ -114.464828490942068, 46.050895691283188 ], [ -114.493392943929166, 46.023490905980566 ], [ -114.473602294810007, 46.009845733593806 ], [ -114.4835281374136, 45.989887237705886 ], [ -114.411521911407078, 45.972053527748187 ], [ -114.404365539138269, 45.954059600869925 ], [ -114.428535461242518, 45.921558380015256 ], [ -114.412605286005089, 45.910732269278867 ], [ -114.391914367853758, 45.870967864575334 ], [ -114.406600952471933, 45.846534728894653 ], [ -114.44230651893065, 45.852703094272442 ], [ -114.472877502394795, 45.839550018318732 ], [ -114.498237609777846, 45.842765807795843 ], [ -114.516448974740342, 45.810150146412184 ], [ -114.56261444080377, 45.762481689278616 ], [ -114.541030883468466, 45.74608230625347 ], [ -114.534049987816672, 45.723079681682009 ], [ -114.496635436975794, 45.694484711100586 ], [ -114.509780883980568, 45.674140930359727 ], [ -114.500816345597855, 45.652477264114509 ], [ -114.563751220742233, 45.62435531624493 ], [ -114.540031432704438, 45.596481323154592 ], [ -114.559997558440557, 45.54882430989403 ], [ -114.526466369227535, 45.558277129785779 ], [ -114.495666503806092, 45.546733856482319 ], [ -114.46178436315779, 45.547931670710113 ], [ -114.432632446030539, 45.527717590194698 ], [ -114.418128966978202, 45.499092102018949 ], [ -114.370536803830419, 45.48582458463693 ], [ -114.349327087475046, 45.463466644470145 ], [ -114.325515746654332, 45.457508087328392 ], [ -114.261322021194303, 45.485942840989367 ], [ -114.246963501164601, 45.503028869886464 ], [ -114.24108123800869, 45.535373687845492 ], [ -114.193893432535845, 45.527999877492391 ], [ -114.171752929554032, 45.544006347614925 ], [ -114.131134033109106, 45.550464630138606 ], [ -114.117225647145858, 45.571208953630332 ], [ -114.08205413858758, 45.586460113743328 ], [ -114.055603027657583, 45.625225066783457 ], [ -114.017120361015827, 45.640853881901194 ], [ -114.010078430175383, 45.652591705542818 ], [ -114.018966674572312, 45.672458648647762 ], [ -114.008560180308052, 45.686412811002469 ], [ -113.970237731486066, 45.697456359823207 ], [ -113.963233948088202, 45.679458618020874 ], [ -113.925788879653055, 45.67129135111503 ], [ -113.922622680592212, 45.655204772981961 ], [ -113.901290893859652, 45.637332916480943 ], [ -113.90239715620379, 45.613571166975817 ], [ -113.851119994891803, 45.6096420289565 ], [ -113.821578979786068, 45.600715637116991 ], [ -113.80284881572021, 45.583808898861662 ], [ -113.832809448197452, 45.514987945637245 ], [ -113.780029296714645, 45.516944885697967 ], [ -113.77140045186934, 45.50713348362342 ], [ -113.768264770402823, 45.477787017956587 ], [ -113.784759521134959, 45.445713043422245 ], [ -113.774124145812664, 45.410251617718018 ], [ -113.740409851033746, 45.382465362486528 ], [ -113.738182067548337, 45.321609496880853 ], [ -113.687812805116835, 45.277866363741737 ], [ -113.689224243404055, 45.262359619001245 ], [ -113.64469909668594, 45.206867218347497 ], [ -113.600036620793389, 45.181068420771055 ], [ -113.593208313113109, 45.149818420383838 ], [ -113.570693970050627, 45.134620666510614 ], [ -113.57348632813148, 45.117786407316885 ], [ -113.551383972592248, 45.107624053807115 ], [ -113.50933837906291, 45.107910156028936 ], [ -113.519721984681837, 45.082138061122691 ], [ -113.489273071594937, 45.071292877564304 ], [ -113.485420226662086, 45.058395385338827 ], [ -113.454551697103113, 45.043422699398093 ], [ -113.457969665867324, 45.027523040855726 ], [ -113.440147399782632, 44.998268127072436 ], [ -113.447883606343339, 44.949596405150032 ], [ -113.462532043518934, 44.940849303952291 ], [ -113.48646545381763, 44.939647674800426 ], [ -113.495307922722418, 44.930744170706987 ], [ -113.444694518637107, 44.851314544830416 ], [ -113.420501708786787, 44.833774566942736 ], [ -113.349151611057948, 44.807643890753013 ], [ -113.33975982635485, 44.779075622841788 ], [ -113.317810058787131, 44.78030395466385 ], [ -113.256286621030711, 44.810562134135239 ], [ -113.239471435558244, 44.811916351258674 ], [ -113.137413025190938, 44.761516571232846 ], [ -113.126571655657358, 44.737457275632835 ], [ -113.100845337142573, 44.715251922538243 ], [ -113.09809875455386, 44.695995330420203 ], [ -113.072288513104354, 44.675605774187204 ], [ -113.053436279560628, 44.624370575241926 ], [ -113.082183838113622, 44.58276367190598 ], [ -113.038810730131047, 44.556377411088704 ], [ -113.036972045523441, 44.533042907903905 ], [ -113.006866454922942, 44.510696410710864 ], [ -113.019462585230087, 44.481861114299022 ], [ -113.00581359881852, 44.452701568222835 ], [ -113.011169433922191, 44.437801361343816 ], [ -112.984405517200798, 44.435626983198745 ], [ -112.937438964736373, 44.407279968295938 ], [ -112.886466980266903, 44.392940521088235 ], [ -112.869941711041122, 44.370067596742274 ], [ -112.843437194770672, 44.353729248006459 ], [ -112.81655883752029, 44.364292145166417 ], [ -112.817871094075713, 44.394908905022021 ], [ -112.825851440491533, 44.421173095462052 ], [ -112.795387267708179, 44.458099364793895 ], [ -112.779022217201543, 44.474010467209325 ], [ -112.73287200903593, 44.484409332524706 ], [ -112.713485717591766, 44.49702453655317 ], [ -112.652351379612469, 44.48089218112932 ], [ -112.538490295490703, 44.477588653793418 ], [ -112.501007080512295, 44.463088989665209 ], [ -112.457687377870172, 44.468925476429661 ], [ -112.419921874694751, 44.449375152241544 ], [ -112.366752624334083, 44.449359893444353 ], [ -112.339744567757577, 44.497268676408339 ], [ -112.341674804248782, 44.525188445890137 ], [ -112.281509399439187, 44.541790008202383 ], [ -112.255844116113053, 44.560058593429403 ], [ -112.229568481799959, 44.559577941768623 ], [ -112.216934204050233, 44.538581848573529 ], [ -112.19882965066779, 44.531536101909637 ], [ -112.123367309353796, 44.528339386153789 ], [ -112.099075317771678, 44.518318175843206 ], [ -112.058547973210352, 44.528697967437324 ], [ -112.026260376415223, 44.522930145709722 ], [ -112.022796631259496, 44.535129547290808 ], [ -111.977005005276737, 44.529762268314073 ], [ -111.939575195638724, 44.549812316984912 ], [ -111.871696472014548, 44.556350708418506 ], [ -111.807037353690873, 44.504066467393613 ], [ -111.791809082223324, 44.518547057800504 ], [ -111.7661209102518, 44.518909454008167 ], [ -111.716201781886696, 44.533843994304959 ], [ -111.68406677216376, 44.550834655495009 ], [ -111.60445404072135, 44.543071747163481 ], [ -111.566436767842504, 44.55294799845143 ], [ -111.4894485477123, 44.52877807634718 ], [ -111.481781006188442, 44.536224364862619 ], [ -111.458534240862491, 44.538002014281574 ], [ -111.462036132561423, 44.550022125220949 ], [ -111.492111206466973, 44.551269531663593 ], [ -111.513732910345482, 44.593276977750349 ], [ -111.500953674472441, 44.616050720364512 ], [ -111.506896972817003, 44.637767791950068 ], [ -111.469375610396071, 44.640789031988277 ], [ -111.457473754909813, 44.652633667210011 ], [ -111.459899902758252, 44.670101166036034 ], [ -111.480010986617685, 44.691493987957244 ], [ -111.474632262868624, 44.702239990683097 ], [ -111.442840576531353, 44.71325683593426 ], [ -111.394294739010945, 44.708946227986075 ], [ -111.384170532044379, 44.737770080524854 ], [ -111.371520996396839, 44.74516296369984 ], [ -111.349189758000875, 44.726253509891649 ], [ -111.318435668970892, 44.727939605628364 ], [ -111.314689636517471, 44.705268859670184 ], [ -111.294883727701858, 44.683013916159382 ], [ -111.269424438586952, 44.67387771608378 ], [ -111.269882202501606, 44.642288208134346 ], [ -111.223190307486675, 44.626983642681012 ], [ -111.219017028712869, 44.618057250841503 ], [ -111.23345184362762, 44.602638244859179 ], [ -111.21872711156692, 44.573246001901509 ], [ -111.17798614474475, 44.564926147024096 ], [ -111.169464111479499, 44.545261383206309 ], [ -111.133583068403823, 44.527976989946183 ], [ -111.128143310365431, 44.500831604195241 ], [ -111.093856811142871, 44.486198424917404 ], [ -111.050788879103436, 44.473396301298294 ], [ -111.04962921141896, 43.982631683205682 ], [ -111.045997619494528, 43.51560592687207 ], [ -111.046730041757996, 43.2848129272748 ], [ -111.048446655089037, 43.019962310412325 ], [ -111.046028137088797, 42.503322601656805 ], [ -111.047950744631123, 41.996265411219781 ], [ -111.493820190849078, 42.000240325630557 ], [ -112.099723816201106, 42.002376556333047 ], [ -112.146324157533797, 41.999130249261668 ], [ -112.988754272591564, 42.001228332521578 ], [ -114.038223266690352, 41.995475768691847 ], [ -114.268615722637435, 41.996009826592285 ], [ -115.023979186989834, 41.996597289833119 ], [ -115.946617126579099, 41.994697570936182 ], [ -116.991355896257573, 41.994903564248148 ], [ -117.017906188919426, 41.994903564248148 ], [ -117.025306701942725, 43.679149627553329 ] ] ] ] } },
{ "type": "Feature", "properties": { "STATE_NAME": "Vermont", "STATE_ABBR": "VT", "ELECT_VOTE": 3.0, "WON_12": "O", "WON_16": "C", "F2016Result": "Dem", "WON_20": "B", "F2020Result": "Dem", "Shape_Length": 8.450111368937117, "Shape_Area": 2.7940981666115219, "WON_24": "H", "F2024Result": "Dem" }, "geometry": { "type": "MultiPolygon", "coordinates": [ [ [ [ -73.258506774567934, 42.745979309297752 ], [ -73.269721985081503, 42.747402191458036 ], [ -73.2966156002297, 42.803470611479611 ], [ -73.280029296714645, 42.837024688438646 ], [ -73.276451111029928, 42.940216064719664 ], [ -73.250518799203178, 43.310779571620003 ], [ -73.23883819582602, 43.512763977475629 ], [ -73.26042938211026, 43.559314727492733 ], [ -73.291847229266182, 43.57496643035654 ], [ -73.282180786214269, 43.59312057505457 ], [ -73.294548034564116, 43.619586944781702 ], [ -73.303977966709738, 43.624649047815353 ], [ -73.364128112722199, 43.614933014347173 ], [ -73.388557434378072, 43.569076538251693 ], [ -73.418762206710426, 43.582412719771241 ], [ -73.42340087924714, 43.632049560838595 ], [ -73.371429443114266, 43.714218139455625 ], [ -73.357109069627825, 43.756496429866388 ], [ -73.359436034845089, 43.778366088524194 ], [ -73.385177612157008, 43.804447174297707 ], [ -73.375556945496612, 43.885917663169664 ], [ -73.405769348576541, 43.914749145556698 ], [ -73.417839049932184, 43.988140106280923 ], [ -73.408683777034639, 44.018165587971566 ], [ -73.436431884823605, 44.045623779513846 ], [ -73.435646057219742, 44.063842773425279 ], [ -73.409187317340809, 44.106555939105363 ], [ -73.408294678156835, 44.136173248196883 ], [ -73.382492065656265, 44.172054290373239 ], [ -73.377761841235952, 44.201194763627484 ], [ -73.30575561522943, 44.260089874248365 ], [ -73.330215454479628, 44.367340087874823 ], [ -73.300422668771091, 44.405483246055041 ], [ -73.293746948163061, 44.432804107523623 ], [ -73.334877013863036, 44.544281006163544 ], [ -73.348236084028031, 44.553924560570067 ], [ -73.371719360260215, 44.579120636108541 ], [ -73.382247924901776, 44.619762420299537 ], [ -73.370559692575739, 44.634304046794398 ], [ -73.373519897425297, 44.661231994461048 ], [ -73.358573913255441, 44.680324554734455 ], [ -73.373580932613891, 44.724193573174887 ], [ -73.327209472339234, 44.799251556813942 ], [ -73.369476317977671, 44.819076538451554 ], [ -73.382728576562499, 44.847892761142077 ], [ -73.336837768847943, 44.932563781593274 ], [ -73.351181030080454, 44.981933594160068 ], [ -73.345146178952973, 45.00609970134019 ], [ -73.188972472801368, 45.008445739379397 ], [ -72.547668456933707, 45.00532531760939 ], [ -71.902328491466676, 45.007293701543119 ], [ -71.50584411661265, 45.013305664025211 ], [ -71.541397095099796, 44.976516723867746 ], [ -71.517448425104703, 44.943649291881343 ], [ -71.506835937528479, 44.89962387054527 ], [ -71.575569152894047, 44.815971374579306 ], [ -71.583969115782054, 44.779148101903445 ], [ -71.631599426372418, 44.741661072000909 ], [ -71.608146667734502, 44.677810669027224 ], [ -71.589218139305672, 44.650547027823109 ], [ -71.568496704459278, 44.637393950970136 ], [ -71.554573058799576, 44.596534728694849 ], [ -71.537261962869252, 44.578876495354052 ], [ -71.592758178447127, 44.551147461286348 ], [ -71.59191131565467, 44.538818359479762 ], [ -71.575714111017362, 44.525749206460773 ], [ -71.58708953845138, 44.494480133251614 ], [ -71.614692688117032, 44.474449157402717 ], [ -71.637023925613619, 44.476673125964055 ], [ -71.648178100938594, 44.469116210944435 ], [ -71.656867980972493, 44.440078735245493 ], [ -71.677352904912595, 44.421283721966233 ], [ -71.767036437981176, 44.398189544611853 ], [ -71.798194885585474, 44.384113311879901 ], [ -71.821662903020524, 44.350299835369185 ], [ -71.835281371837823, 44.344139098940332 ], [ -71.928825378788133, 44.336051940944344 ], [ -71.939369201327565, 44.325725555589997 ], [ -71.994895935399086, 44.327487945312498 ], [ -72.035957336062154, 44.299373626391798 ], [ -72.060028076434548, 44.261432647498737 ], [ -72.044853210307394, 44.234317779342121 ], [ -72.059745788237478, 44.182113647227084 ], [ -72.045188903844803, 44.156372069915165 ], [ -72.035385131618511, 44.120681762253582 ], [ -72.049980163453768, 44.100387572828254 ], [ -72.032913208277876, 44.096035003412737 ], [ -72.03519439710368, 44.083309173779412 ], [ -72.077384948756333, 44.031974792202959 ], [ -72.085670471115293, 44.008857727102452 ], [ -72.110374451119981, 43.98916244479102 ], [ -72.113273620780944, 43.976448059030758 ], [ -72.092178344954618, 43.957923889176186 ], [ -72.113670349507004, 43.939098358302658 ], [ -72.122116088786413, 43.90914916969848 ], [ -72.17055511472671, 43.878849029659023 ], [ -72.185302734533536, 43.8016204836984 ], [ -72.206558227280311, 43.764564514141057 ], [ -72.219589233756096, 43.750621795659413 ], [ -72.260520935093041, 43.73522949234723 ], [ -72.304504394961839, 43.698459625011765 ], [ -72.33354949960966, 43.597293853828319 ], [ -72.373962402742677, 43.57230377160181 ], [ -72.395462036243941, 43.517482757123616 ], [ -72.382980346465786, 43.48455810577201 ], [ -72.396713256711394, 43.410083770449717 ], [ -72.412605285405562, 43.377052307518056 ], [ -72.398094177404346, 43.35093307520134 ], [ -72.410697936660426, 43.323329925535688 ], [ -72.402885437013254, 43.30730819661602 ], [ -72.436065673891676, 43.232177734814684 ], [ -72.452865600566952, 43.155944823794641 ], [ -72.438072204368723, 43.116191863863492 ], [ -72.443931579778564, 43.078960418588508 ], [ -72.462219238726846, 43.046424866114705 ], [ -72.457626342581591, 42.999523162863738 ], [ -72.473808288421708, 42.976062774377567 ], [ -72.504730224220452, 42.965503693041057 ], [ -72.520683289002534, 42.951591491254362 ], [ -72.525276184248469, 42.912532806144156 ], [ -72.553894042575962, 42.860561370910602 ], [ -72.539382934574746, 42.807651520101615 ], [ -72.513534545682717, 42.78917694066331 ], [ -72.507736206360789, 42.768650055255875 ], [ -72.47978973420885, 42.761505126860186 ], [ -72.462638855198975, 42.74675750705336 ], [ -72.45623779293976, 42.725769042807144 ], [ -72.923454284687466, 42.737281799415541 ], [ -73.020149231002165, 42.740314483326813 ], [ -73.258506774567934, 42.745979309297752 ] ] ] ] } },
{ "type": "Feature", "properties": { "STATE_NAME": "Minnesota", "STATE_ABBR": "MN", "ELECT_VOTE": 10.0, "WON_12": "O", "WON_16": "C", "F2016Result": "Dem", "WON_20": "B", "F2020Result": "Dem", "Shape_Length": 29.510412562987028, "Shape_Area": 25.576938814650873, "WON_24": "H", "F2024Result": "Dem" }, "geometry": { "type": "MultiPolygon", "coordinates": [ [ [ [ -91.73021697982972, 43.49960327167372 ], [ -92.077369689559475, 43.499187469226399 ], [ -92.452995300392786, 43.49949646009361 ], [ -92.55783081094313, 43.500293731570537 ], [ -93.027015685725303, 43.501316070979954 ], [ -93.054183960121634, 43.501495361621721 ], [ -93.500617980935033, 43.500534057400898 ], [ -93.653480529902481, 43.500808715749713 ], [ -93.97371673583865, 43.500343322886067 ], [ -94.246543884192874, 43.498992919787497 ], [ -94.454986572572238, 43.498146056994983 ], [ -94.85957336421933, 43.500072479461437 ], [ -94.920196532943578, 43.49941253625957 ], [ -95.396278381342199, 43.500370025556265 ], [ -95.464492797604464, 43.499576569003523 ], [ -95.866615295759232, 43.498977660990306 ], [ -96.060737609752834, 43.498565673467112 ], [ -96.460136413964278, 43.499744414872907 ], [ -96.456283569031427, 43.848770141728721 ], [ -96.457077026483546, 44.199092864544127 ], [ -96.454780578860607, 44.538379669286371 ], [ -96.456390380611538, 44.628845215034687 ], [ -96.454887390440661, 44.801383972592305 ], [ -96.455749512030309, 44.972030639302602 ], [ -96.454162598025448, 45.275230407657261 ], [ -96.45726776099832, 45.298885345582278 ], [ -96.477256774480509, 45.328544617040507 ], [ -96.532211304108387, 45.375167847018588 ], [ -96.604743957267772, 45.396560668939799 ], [ -96.692825317534357, 45.410675049114275 ], [ -96.737686156890618, 45.458232879743662 ], [ -96.768898009835254, 45.517517090141666 ], [ -96.842735290601127, 45.584129333601936 ], [ -96.854637146087384, 45.609161377295777 ], [ -96.832443236865856, 45.650726318265015 ], [ -96.657043457089856, 45.739009856919438 ], [ -96.604263305607049, 45.808303832855643 ], [ -96.587608337055087, 45.81789398192177 ], [ -96.566574096417355, 45.93415069539833 ], [ -96.561454773119237, 45.947723388723489 ], [ -96.575866699388655, 46.02132034275968 ], [ -96.551582336755416, 46.095569610149425 ], [ -96.57081604022801, 46.177215576537662 ], [ -96.587539672917558, 46.191959381420361 ], [ -96.58610534688421, 46.215454101525609 ], [ -96.597831725753508, 46.238723754597629 ], [ -96.601722717229563, 46.336364746336017 ], [ -96.614509582950859, 46.350852966591162 ], [ -96.651748657174778, 46.359474182487588 ], [ -96.687873840105624, 46.412258147995203 ], [ -96.709327698114748, 46.42720794708913 ], [ -96.714538574195785, 46.468757629261233 ], [ -96.739959716767487, 46.489471435158634 ], [ -96.750869751337916, 46.588657379434551 ], [ -96.770683288203145, 46.600021362096243 ], [ -96.783958435433419, 46.624149322733103 ], [ -96.78988647498079, 46.629810332880595 ], [ -96.793334961339383, 46.678840636985854 ], [ -96.781196594047515, 46.707080841207926 ], [ -96.780021667565848, 46.762348174828446 ], [ -96.796836853038315, 46.812068938830521 ], [ -96.767890930122292, 46.844898224273663 ], [ -96.777702331297519, 46.867385864665948 ], [ -96.756553650130797, 46.922817230131102 ], [ -96.762710571635523, 46.936298370673342 ], [ -96.787567138712461, 46.932220458707263 ], [ -96.789352417080352, 46.948238372702804 ], [ -96.801528930915367, 46.955879211556407 ], [ -96.793067931939447, 46.969676971015474 ], [ -96.816413878997309, 46.969814300189853 ], [ -96.82417297330403, 47.003471374704247 ], [ -96.834938049751145, 47.010265350765394 ], [ -96.822250365761761, 47.03396606418255 ], [ -96.826606750101405, 47.078865050981392 ], [ -96.818794250454232, 47.092636108669524 ], [ -96.838806152581867, 47.151916504143401 ], [ -96.82613372828888, 47.170093536587501 ], [ -96.836708068422581, 47.240486145019645 ], [ -96.849266052186522, 47.256870270146919 ], [ -96.837356567751385, 47.293910980007752 ], [ -96.846389770271628, 47.314628600829337 ], [ -96.838104247912668, 47.342269897038193 ], [ -96.850273131899485, 47.360980987382732 ], [ -96.839469909808429, 47.384143829773961 ], [ -96.84964752211539, 47.408962249408319 ], [ -96.866889953908185, 47.413112640436054 ], [ -96.855468750082707, 47.436779022234134 ], [ -96.866325378413421, 47.461563110249415 ], [ -96.851257323866378, 47.50064468400501 ], [ -96.860328674728521, 47.521381378547858 ], [ -96.848831176917258, 47.544593811355355 ], [ -96.85830688455502, 47.563003539781562 ], [ -96.851860046803665, 47.601177215556106 ], [ -96.872978210376061, 47.615280150958256 ], [ -96.889068603433259, 47.673950195445229 ], [ -96.923301696416104, 47.7141189578237 ], [ -96.93165588381197, 47.763530730958507 ], [ -96.957473755109675, 47.794464111529578 ], [ -96.983535766262548, 47.809684753148872 ], [ -96.97687530535103, 47.828052521007066 ], [ -96.999984741502601, 47.870220184014329 ], [ -97.020210265891023, 47.875591277915191 ], [ -97.01497650116454, 47.917911529793344 ], [ -97.047698975027629, 47.954944610705297 ], [ -97.066719055340116, 48.048183440813204 ], [ -97.092369079869115, 48.070362091237598 ], [ -97.098678588446091, 48.100990294966209 ], [ -97.121520996097047, 48.116386413202463 ], [ -97.120567321724479, 48.142791747741001 ], [ -97.136161804323763, 48.148414612244608 ], [ -97.115715026926921, 48.159240722981053 ], [ -97.137092590050941, 48.167785644891637 ], [ -97.135940551315343, 48.175243377280083 ], [ -97.136924743282236, 48.195079803690021 ], [ -97.130477905530881, 48.20375823985097 ], [ -97.110549926337967, 48.207622527757508 ], [ -97.139404296471071, 48.221771240450437 ], [ -97.108886718347321, 48.228065491129541 ], [ -97.127204894889928, 48.233539581686387 ], [ -97.123435973791118, 48.259189605316067 ], [ -97.136306762447077, 48.264499664028335 ], [ -97.111366271536156, 48.277893066711727 ], [ -97.112335204705914, 48.286163330273553 ], [ -97.130165099739543, 48.293056488066497 ], [ -97.113372802912465, 48.294898986698911 ], [ -97.114402771270818, 48.303634643124326 ], [ -97.132286071644842, 48.310985564831981 ], [ -97.112243651922938, 48.319942474265815 ], [ -97.136787414107857, 48.326007842987622 ], [ -97.130775451625766, 48.361507416134373 ], [ -97.150047302540941, 48.363231659313669 ], [ -97.133438110380439, 48.372470856045197 ], [ -97.134857177616595, 48.38442611687185 ], [ -97.158470154074337, 48.388221740640859 ], [ -97.128776550097655, 48.407901764155156 ], [ -97.149475098097241, 48.410007476364001 ], [ -97.151298523008393, 48.419628143024454 ], [ -97.122253418360515, 48.416126251325466 ], [ -97.119285583662702, 48.437118530495866 ], [ -97.143264770352857, 48.438125610208772 ], [ -97.134246825730372, 48.517330169951435 ], [ -97.14797973597598, 48.517967224507856 ], [ -97.139038086238656, 48.53466415362783 ], [ -97.155189514484448, 48.538414001904698 ], [ -97.160087585673523, 48.545093536537536 ], [ -97.146270751593875, 48.549552917533163 ], [ -97.167594909377556, 48.562278747166488 ], [ -97.151779174669116, 48.57287216192077 ], [ -97.157844543390922, 48.583656311189884 ], [ -97.140464782423749, 48.586921691982525 ], [ -97.144371032696938, 48.614040375063325 ], [ -97.12261199964405, 48.620784759808885 ], [ -97.127098083309875, 48.629810333380249 ], [ -97.107284545545326, 48.629962921351819 ], [ -97.096824645940615, 48.674545288334457 ], [ -97.116394042950674, 48.695259094231858 ], [ -97.109756469785225, 48.708599090675534 ], [ -97.134460448890593, 48.726253509092203 ], [ -97.132156372318718, 48.74723434438954 ], [ -97.147552490554972, 48.755668639795942 ], [ -97.138900757064278, 48.763557434328163 ], [ -97.147171020626047, 48.781185150074691 ], [ -97.173599242910711, 48.80152893081555 ], [ -97.164367676027382, 48.810382842694082 ], [ -97.180076599155711, 48.815551758207107 ], [ -97.170860290170197, 48.835994720679878 ], [ -97.175384521278602, 48.873771667728363 ], [ -97.216026306368917, 48.93184280420212 ], [ -97.229095459387906, 49.000000000199918 ], [ -96.406616211269125, 49.000000000199918 ], [ -95.276420593535533, 49.000000000199918 ], [ -95.157516479202116, 49.000003815124046 ], [ -95.151626587097269, 49.371734619557117 ], [ -94.831809997633229, 49.330810547169051 ], [ -94.681037902976811, 48.877178191720247 ], [ -94.69422149652479, 48.777637481984243 ], [ -94.570106506110335, 48.713703155176518 ], [ -94.430435180539121, 48.710815429388617 ], [ -94.292144775660859, 48.707744598034822 ], [ -94.230636596701515, 48.652023315423719 ], [ -93.843734741065418, 48.624782561965731 ], [ -93.812515259171846, 48.525455474490627 ], [ -93.780937195095419, 48.511638641310299 ], [ -93.513984680048907, 48.534328460989741 ], [ -93.465187072825131, 48.54957962020336 ], [ -93.457618713033128, 48.59276962262004 ], [ -93.304092406839061, 48.637229919225433 ], [ -93.091300963968251, 48.626663208040668 ], [ -92.946784973447734, 48.62844085656036 ], [ -92.728851318633417, 48.540306090953379 ], [ -92.641670227399061, 48.540443420127815 ], [ -92.626228332771291, 48.502918243682075 ], [ -92.698669433147757, 48.494815825989633 ], [ -92.706489562643185, 48.460464477553671 ], [ -92.497375488088267, 48.440166473204215 ], [ -92.456192017047897, 48.402263641753734 ], [ -92.473167419440813, 48.357593536012928 ], [ -92.369964599286789, 48.220874786342392 ], [ -92.276771545570341, 48.244438171484489 ], [ -92.300125122476402, 48.298408508246098 ], [ -92.275985717966478, 48.352416992450287 ], [ -92.125823974296964, 48.366855621389846 ], [ -92.0350494385807, 48.355609894181327 ], [ -91.979400635031254, 48.250499725282168 ], [ -91.788688659953664, 48.206249236912811 ], [ -91.711814880352392, 48.196880340855103 ], [ -91.703605651979217, 48.114940643296109 ], [ -91.568656920980061, 48.104564666626118 ], [ -91.571441650112035, 48.043678283426118 ], [ -91.239334106283934, 48.081405640058279 ], [ -91.027038573871039, 48.195449828846563 ], [ -90.864387512373753, 48.254310607848311 ], [ -90.743255615454245, 48.088554382478833 ], [ -90.567352294472755, 48.12181091334304 ], [ -90.556732177947595, 48.09286117550289 ], [ -90.145179748546525, 48.112884521503531 ], [ -90.026611327750516, 48.086193084743115 ], [ -89.986930846881023, 48.023670196222611 ], [ -89.900299072344296, 47.992618561097743 ], [ -89.749221801744739, 48.026599884377219 ], [ -89.530586242261222, 48.001770019970479 ], [ -89.625556945396681, 47.992675781362266 ], [ -89.636283874401272, 47.959503173432779 ], [ -89.99958038342794, 47.82467269878606 ], [ -90.509513854880481, 47.71004486078175 ], [ -91.021316528534953, 47.461151122726164 ], [ -91.46848297161182, 47.125007629298693 ], [ -91.800788879802951, 46.927150726724733 ], [ -92.088302611875974, 46.791957854971088 ], [ -92.214431762615732, 46.668262481928025 ], [ -92.302955627100459, 46.666633605556513 ], [ -92.287078857203483, 46.658843994554786 ], [ -92.288490295490703, 46.416042327891148 ], [ -92.288749695042384, 46.156658172636639 ], [ -92.289176941362712, 46.073287963968426 ], [ -92.327178955444424, 46.056934356435477 ], [ -92.34603118898815, 46.022651672136988 ], [ -92.364768982002886, 46.016304016117488 ], [ -92.424804687486301, 46.025558471646207 ], [ -92.462150573290273, 45.981250763012383 ], [ -92.523780822626804, 45.982635497730087 ], [ -92.552474975839402, 45.951320648129467 ], [ -92.666007995372638, 45.91575241084513 ], [ -92.70603942857673, 45.89100646937311 ], [ -92.73389434794575, 45.845027923799705 ], [ -92.748558044817855, 45.83734893840284 ], [ -92.778900146324645, 45.763385772335596 ], [ -92.833427429632138, 45.730934142796514 ], [ -92.859809875525286, 45.710605621752109 ], [ -92.885185241705528, 45.644996643080674 ], [ -92.876617432048818, 45.578876495154191 ], [ -92.834823608222905, 45.563442230374676 ], [ -92.76196289047499, 45.564304351964324 ], [ -92.727943420652309, 45.547283172280629 ], [ -92.685211181250963, 45.470092773762531 ], [ -92.65460968019255, 45.455261230121721 ], [ -92.644767761422997, 45.439491271804798 ], [ -92.648544311470744, 45.395503997911248 ], [ -92.684661865452711, 45.36311340356076 ], [ -92.707176208515193, 45.318237304508045 ], [ -92.746383666672841, 45.297637939139634 ], [ -92.755210876780495, 45.212409973041872 ], [ -92.762374877998184, 45.186645507983883 ], [ -92.744728088530451, 45.156455993549343 ], [ -92.745216370039429, 45.113037109175309 ], [ -92.796554565640633, 45.065643310390499 ], [ -92.762786865521377, 45.022151946954864 ], [ -92.766921996852659, 45.001037597407276 ], [ -92.749565124530818, 44.935688019186784 ], [ -92.753723144507489, 44.915035247578658 ], [ -92.771667480070107, 44.899528503737486 ], [ -92.7640609737349, 44.862266540868234 ], [ -92.760826110536527, 44.835403442414986 ], [ -92.805381774848968, 44.746192932058193 ], [ -92.736946105578284, 44.713626861990122 ], [ -92.630172729587741, 44.642684936860405 ], [ -92.608779907666587, 44.610324859204923 ], [ -92.509025573871099, 44.575191498089225 ], [ -92.340690612681612, 44.552867889541517 ], [ -92.320297241524429, 44.54052352893774 ], [ -92.296508789349105, 44.492214203222943 ], [ -92.2489242551502, 44.456249237212603 ], [ -92.205963134690876, 44.438426971127853 ], [ -92.091163634993734, 44.415622710919422 ], [ -91.972221374117112, 44.364521026224452 ], [ -91.938705444600544, 44.33914566004421 ], [ -91.922592162897956, 44.317554473760026 ], [ -91.922187805223018, 44.28837585486184 ], [ -91.888534545632751, 44.257530212149618 ], [ -91.8485870362627, 44.191223144632488 ], [ -91.753067016429611, 44.137264251743886 ], [ -91.652084350812117, 44.066932678500393 ], [ -91.60163879439483, 44.040859222575136 ], [ -91.569015503162916, 44.03499221821636 ], [ -91.528274536340746, 44.034252167003956 ], [ -91.42575836205873, 43.985656738167961 ], [ -91.373214721482157, 43.947227477765921 ], [ -91.291809081823658, 43.847225189191192 ], [ -91.250968933269633, 43.788108825561892 ], [ -91.258781432916749, 43.7224273678288 ], [ -91.258255004864566, 43.677352905312375 ], [ -91.232856750038934, 43.598918914376441 ], [ -91.240425109830937, 43.548740387359032 ], [ -91.22343444864083, 43.500835418419854 ], [ -91.610954285112143, 43.500656127778143 ], [ -91.73021697982972, 43.49960327167372 ] ] ] ] } },
{ "type": "Feature", "properties": { "STATE_NAME": "Oregon", "STATE_ABBR": "OR", "ELECT_VOTE": 8.0, "WON_12": "O", "WON_16": "C", "F2016Result": "Dem", "WON_20": "B", "F2020Result": "Dem", "Shape_Length": 24.786682392311715, "Shape_Area": 28.187026415747074, "WON_24": "H", "F2024Result": "Dem" }, "geometry": { "type": "MultiPolygon", "coordinates": [ [ [ [ -121.440406799534117, 41.994457245105821 ], [ -122.283576964904967, 42.000900268832368 ], [ -123.220939636554931, 42.002346038738722 ], [ -123.512031555212047, 41.997993469323205 ], [ -123.817962646458909, 41.993114471855449 ], [ -124.205245972023931, 41.997814178681438 ], [ -124.351036071657347, 42.098842620690448 ], [ -124.413841247475546, 42.246059417408219 ], [ -124.436599731292517, 42.429775238036882 ], [ -124.390548705758135, 42.553195953630393 ], [ -124.399864196475448, 42.622867584571452 ], [ -124.558395385438644, 42.83262634263167 ], [ -124.484123230302828, 42.955623626828981 ], [ -124.385543822989007, 43.261756897363 ], [ -124.404846191498507, 43.300365448406751 ], [ -124.272766113465309, 43.459270477450616 ], [ -124.224777221591467, 43.605167388664086 ], [ -124.15709686322964, 43.857276916196781 ], [ -124.117088317771618, 44.269672393466237 ], [ -124.053176879609282, 44.662300110261924 ], [ -124.074340820472457, 44.814903259677749 ], [ -124.006347656319235, 45.036273956078276 ], [ -123.955375670950446, 45.293140411600746 ], [ -123.979316711097283, 45.485260010041486 ], [ -123.935432433859717, 45.508140564235703 ], [ -123.89086914059834, 45.474224090169685 ], [ -123.858268738011816, 45.499256133863526 ], [ -123.952171325346342, 45.568702697771357 ], [ -123.934829711821692, 45.703006744365837 ], [ -123.975379944129088, 45.775653838953531 ], [ -123.955024719515166, 45.871212005329824 ], [ -123.995254516182968, 45.942092895270946 ], [ -123.919937133891608, 46.012493133551345 ], [ -123.976081847898911, 46.202880858964534 ], [ -123.792846679830404, 46.111618041739291 ], [ -123.775833129994908, 46.144599914254684 ], [ -123.819725036181467, 46.193820953774036 ], [ -123.760162353409839, 46.210109710294944 ], [ -123.715911865040482, 46.170063019193037 ], [ -123.668998717916452, 46.174667358311979 ], [ -123.515785217513724, 46.236259460205986 ], [ -123.362319946508308, 46.144321441881118 ], [ -123.30348205525263, 46.144905090197824 ], [ -123.247566223202625, 46.14418792763081 ], [ -123.211204528466169, 46.170173644797899 ], [ -123.174964905006334, 46.183753967071993 ], [ -123.117324828877713, 46.179477691642205 ], [ -123.049369812167072, 46.155902862627045 ], [ -122.972946166632255, 46.110649108569532 ], [ -122.898536682322003, 46.079494475889419 ], [ -122.87419891344905, 46.027347564938225 ], [ -122.806526184036159, 45.944053650255796 ], [ -122.805007934168771, 45.904235840211925 ], [ -122.782859802238022, 45.868049621193109 ], [ -122.783302307355541, 45.850612639961412 ], [ -122.786796570105594, 45.800506592005661 ], [ -122.763076782067799, 45.760730743429122 ], [ -122.771339416680689, 45.727848052645584 ], [ -122.759330749614378, 45.649559020732283 ], [ -122.695114135508902, 45.631206512570543 ], [ -122.650001525549953, 45.606990814074891 ], [ -122.564224242754563, 45.594978332084395 ], [ -122.435951233262756, 45.564937591596617 ], [ -122.355255127222335, 45.566329956162576 ], [ -122.301948547687289, 45.54325103760533 ], [ -122.243721008317834, 45.54827117917165 ], [ -122.080841064863193, 45.590663910111402 ], [ -121.998817443470216, 45.617984771579984 ], [ -121.971466064407309, 45.635936736990857 ], [ -121.925628662033091, 45.64218902620263 ], [ -121.887092590050941, 45.677017212274563 ], [ -121.809852600217312, 45.700843810993149 ], [ -121.757507324003768, 45.689876556158197 ], [ -121.705230712827074, 45.688953399379955 ], [ -121.527870178066223, 45.7197265621312 ], [ -121.44136810285562, 45.695125579681815 ], [ -121.420845031472993, 45.690761566393235 ], [ -121.366630553956838, 45.699844360229122 ], [ -121.318794250054566, 45.696800231545524 ], [ -121.275207519811147, 45.678497314699371 ], [ -121.213088988965637, 45.665802001761051 ], [ -121.202125549054813, 45.657444000340377 ], [ -121.190872191998039, 45.613399505282985 ], [ -121.17313384974733, 45.600673675649659 ], [ -121.124023437631536, 45.607215881108061 ], [ -121.072349548492809, 45.64676666265143 ], [ -121.032302856491583, 45.652999878141941 ], [ -120.967300414782301, 45.645309447972693 ], [ -120.947395325134096, 45.650470733637519 ], [ -120.906761168992716, 45.635631561047774 ], [ -120.860244750594745, 45.665340423821533 ], [ -120.695823669526703, 45.710662842016575 ], [ -120.657234192204157, 45.732765197555864 ], [ -120.622589111698119, 45.743762969985141 ], [ -120.568916321031338, 45.741069793636143 ], [ -120.497993469622884, 45.695781707959497 ], [ -120.442222594796874, 45.68943023701587 ], [ -120.282478332808751, 45.716732024763189 ], [ -120.206291199079544, 45.719932556342428 ], [ -120.154754639115254, 45.761409759452874 ], [ -120.067497252995793, 45.780349731754768 ], [ -119.993171691620262, 45.811286926350647 ], [ -119.868591308342161, 45.83184433025167 ], [ -119.83241272007092, 45.841754913158752 ], [ -119.677307128820928, 45.85268402055118 ], [ -119.620979309247673, 45.899555206207879 ], [ -119.588157653652786, 45.913459778146319 ], [ -119.511085510587804, 45.899345397971786 ], [ -119.437728881482656, 45.914413452518886 ], [ -119.3783111568344, 45.917755127297312 ], [ -119.301635742495478, 45.932807922147958 ], [ -119.177619933812878, 45.922496795590689 ], [ -119.139129638222187, 45.925853729166306 ], [ -119.031105041764249, 45.966419220270836 ], [ -118.98101806663044, 45.999202728423256 ], [ -117.991477966434957, 46.001777649319138 ], [ -117.981628417817205, 46.000019073621388 ], [ -117.601806640464076, 46.000400543550313 ], [ -117.480651855798499, 45.999965667381673 ], [ -116.918151855123995, 45.995300293074138 ], [ -116.897216797117437, 45.980640411126103 ], [ -116.855491638328431, 45.903720856032749 ], [ -116.790283203307126, 45.845989227121208 ], [ -116.772727966622313, 45.819885253601626 ], [ -116.702201843040598, 45.819290161411857 ], [ -116.653419494613956, 45.780750274505635 ], [ -116.55965423555449, 45.747543334957015 ], [ -116.527297973722455, 45.71084594758247 ], [ -116.513938903557516, 45.664608001558065 ], [ -116.469444275332989, 45.606372833239732 ], [ -116.477577209720437, 45.566173553266935 ], [ -116.553527831644089, 45.493762969585418 ], [ -116.564796447497997, 45.459980010669028 ], [ -116.671287536190789, 45.335529327616428 ], [ -116.687835693162697, 45.262470245505483 ], [ -116.73560333292744, 45.137428283388601 ], [ -116.760284423387418, 45.10642242465525 ], [ -116.777107238708084, 45.099601745923906 ], [ -116.786224365062367, 45.075874328937175 ], [ -116.806320190124666, 45.049877166997703 ], [ -116.853523254394645, 45.017066955275823 ], [ -116.847106933338296, 45.000164031944564 ], [ -116.854896545239342, 44.980087280603584 ], [ -116.84716796852689, 44.971862792533898 ], [ -116.830406189294195, 44.972755431717871 ], [ -116.846565246488922, 44.954971313075703 ], [ -116.834403991450984, 44.920265197381013 ], [ -116.866081238158586, 44.868728637416723 ], [ -116.89636993432498, 44.848674773821813 ], [ -116.908622742145781, 44.829059600420294 ], [ -116.950492859058159, 44.776153564535434 ], [ -117.038566589476488, 44.74923324581772 ], [ -117.065505981016202, 44.69767379720804 ], [ -117.078346252077836, 44.689453124961801 ], [ -117.129493713164322, 44.572639464939414 ], [ -117.142929077315046, 44.55940246605104 ], [ -117.144149780188172, 44.534770966007329 ], [ -117.186378479283348, 44.511920928508118 ], [ -117.202949524001326, 44.485900878822576 ], [ -117.223396301398168, 44.473102569228217 ], [ -117.21620941153509, 44.427970886447326 ], [ -117.235908507871329, 44.390098571691794 ], [ -117.200592041189736, 44.339553832643332 ], [ -117.216445922441324, 44.300781249754948 ], [ -117.212562560813524, 44.284835815720385 ], [ -117.169715881782508, 44.253448486158788 ], [ -117.142272949037363, 44.250747680860854 ], [ -117.111686706776084, 44.269920349144854 ], [ -117.099555969332471, 44.267192840277403 ], [ -117.080383301048471, 44.243961334647906 ], [ -117.051025390609254, 44.231670379384582 ], [ -117.02935028049103, 44.249450684001943 ], [ -116.991706848592173, 44.247177124125017 ], [ -116.975128174025997, 44.225296020694827 ], [ -116.980873108007472, 44.197956085504984 ], [ -116.912055968807863, 44.177417755325223 ], [ -116.901260375665743, 44.146427154489629 ], [ -116.945892333964025, 44.093139648675901 ], [ -116.962448119884812, 44.09041213980845 ], [ -116.975822448846884, 44.074008941859233 ], [ -116.932601928835936, 44.014316558862163 ], [ -116.966964722044281, 43.96331024187424 ], [ -116.958724975177404, 43.928691864038342 ], [ -116.977149963300121, 43.904556274452545 ], [ -116.977157593148377, 43.873584747338271 ], [ -116.984779358280718, 43.859466553138986 ], [ -117.015228271367619, 43.853088378625841 ], [ -117.009513854980412, 43.839885711356544 ], [ -117.026634216395962, 43.831684112831567 ], [ -117.036125182830915, 43.800258636726767 ], [ -117.022804260108501, 43.753818512314524 ], [ -117.025306701942725, 43.679149627553329 ], [ -117.017906188919426, 41.994903564248148 ], [ -118.184326172215037, 41.996742248855753 ], [ -119.309906006057304, 41.989242554100656 ], [ -119.350654601828353, 41.988960265903586 ], [ -119.992401122813533, 41.989315033162313 ], [ -120.870826721475964, 41.987789154346046 ], [ -121.440406799534117, 41.994457245105821 ] ] ] ] } },
{ "type": "Feature", "properties": { "STATE_NAME": "New Hampshire", "STATE_ABBR": "NH", "ELECT_VOTE": 4.0, "WON_12": "O", "WON_16": "C", "F2016Result": "Dem", "WON_20": "B", "F2020Result": "Dem", "Shape_Length": 8.3745779630837145, "Shape_Area": 2.6772892196067812, "WON_24": "H", "F2024Result": "Dem" }, "geometry": { "type": "MultiPolygon", "coordinates": [ [ [ [ -72.280387878197985, 42.720382690109091 ], [ -72.45623779293976, 42.725769042807144 ], [ -72.462638855198975, 42.74675750705336 ], [ -72.47978973420885, 42.761505126860186 ], [ -72.507736206360789, 42.768650055255875 ], [ -72.513534545682717, 42.78917694066331 ], [ -72.539382934574746, 42.807651520101615 ], [ -72.553894042575962, 42.860561370910602 ], [ -72.525276184248469, 42.912532806144156 ], [ -72.520683289002534, 42.951591491254362 ], [ -72.504730224220452, 42.965503693041057 ], [ -72.473808288421708, 42.976062774377567 ], [ -72.457626342581591, 42.999523162863738 ], [ -72.462219238726846, 43.046424866114705 ], [ -72.443931579778564, 43.078960418588508 ], [ -72.438072204368723, 43.116191863863492 ], [ -72.452865600566952, 43.155944823794641 ], [ -72.436065673891676, 43.232177734814684 ], [ -72.402885437013254, 43.30730819661602 ], [ -72.410697936660426, 43.323329925535688 ], [ -72.398094177404346, 43.35093307520134 ], [ -72.412605285405562, 43.377052307518056 ], [ -72.396713256711394, 43.410083770449717 ], [ -72.382980346465786, 43.48455810577201 ], [ -72.395462036243941, 43.517482757123616 ], [ -72.373962402742677, 43.57230377160181 ], [ -72.33354949960966, 43.597293853828319 ], [ -72.304504394961839, 43.698459625011765 ], [ -72.260520935093041, 43.73522949234723 ], [ -72.219589233756096, 43.750621795659413 ], [ -72.206558227280311, 43.764564514141057 ], [ -72.185302734533536, 43.8016204836984 ], [ -72.17055511472671, 43.878849029659023 ], [ -72.122116088786413, 43.90914916969848 ], [ -72.113670349507004, 43.939098358302658 ], [ -72.092178344954618, 43.957923889176186 ], [ -72.113273620780944, 43.976448059030758 ], [ -72.110374451119981, 43.98916244479102 ], [ -72.085670471115293, 44.008857727102452 ], [ -72.077384948756333, 44.031974792202959 ], [ -72.03519439710368, 44.083309173779412 ], [ -72.032913208277876, 44.096035003412737 ], [ -72.049980163453768, 44.100387572828254 ], [ -72.035385131618511, 44.120681762253582 ], [ -72.045188903844803, 44.156372069915165 ], [ -72.059745788237478, 44.182113647227084 ], [ -72.044853210307394, 44.234317779342121 ], [ -72.060028076434548, 44.261432647498737 ], [ -72.035957336062154, 44.299373626391798 ], [ -71.994895935399086, 44.327487945312498 ], [ -71.939369201327565, 44.325725555589997 ], [ -71.928825378788133, 44.336051940944344 ], [ -71.835281371837823, 44.344139098940332 ], [ -71.821662903020524, 44.350299835369185 ], [ -71.798194885585474, 44.384113311879901 ], [ -71.767036437981176, 44.398189544611853 ], [ -71.677352904912595, 44.421283721966233 ], [ -71.656867980972493, 44.440078735245493 ], [ -71.648178100938594, 44.469116210944435 ], [ -71.637023925613619, 44.476673125964055 ], [ -71.614692688117032, 44.474449157402717 ], [ -71.58708953845138, 44.494480133251614 ], [ -71.575714111017362, 44.525749206460773 ], [ -71.59191131565467, 44.538818359479762 ], [ -71.592758178447127, 44.551147461286348 ], [ -71.537261962869252, 44.578876495354052 ], [ -71.554573058799576, 44.596534728694849 ], [ -71.568496704459278, 44.637393950970136 ], [ -71.589218139305672, 44.650547027823109 ], [ -71.608146667734502, 44.677810669027224 ], [ -71.631599426372418, 44.741661072000909 ], [ -71.583969115782054, 44.779148101903445 ], [ -71.575569152894047, 44.815971374579306 ], [ -71.506835937528479, 44.89962387054527 ], [ -71.517448425104703, 44.943649291881343 ], [ -71.541397095099796, 44.976516723867746 ], [ -71.50584411661265, 45.013305664025211 ], [ -71.503471374104606, 45.059844971068628 ], [ -71.430885314705449, 45.116947174372626 ], [ -71.402999877742104, 45.20275878878715 ], [ -71.447036742951298, 45.236038208296748 ], [ -71.386856079344568, 45.23488616956115 ], [ -71.297714233125305, 45.293449401568694 ], [ -71.1535720826854, 45.237922668396493 ], [ -71.08798980668422, 45.301422119035635 ], [ -71.02920532256752, 44.668483734436847 ], [ -71.009078979910953, 44.282081604182736 ], [ -70.98493194555283, 43.791088104132768 ], [ -70.974365234368008, 43.571750640879429 ], [ -70.95701599099516, 43.564064025634309 ], [ -70.950111389329095, 43.54887390160934 ], [ -70.964759826504746, 43.531909942190111 ], [ -70.959770202532809, 43.516307830641949 ], [ -70.971282959141206, 43.470130920705458 ], [ -70.961975097372829, 43.438045501398847 ], [ -70.979591369246236, 43.396102905424812 ], [ -70.97019195559426, 43.366298675843268 ], [ -70.906295776229058, 43.301986694030745 ], [ -70.901580810605878, 43.280937194595879 ], [ -70.813705444550578, 43.235137939664241 ], [ -70.831047058075228, 43.159088135109414 ], [ -70.81916809123436, 43.121784209873454 ], [ -70.885246276794192, 43.127620696637905 ], [ -70.875129699675881, 43.101440430031857 ], [ -70.905914306300133, 43.083934783763311 ], [ -70.886993408618878, 43.05879592938868 ], [ -70.810928344367539, 43.089653015074646 ], [ -70.734642028906478, 43.058673859011435 ], [ -70.814384460574331, 42.866973877042824 ], [ -70.850242615004618, 42.863338470194321 ], [ -70.898612975908065, 42.886787414807372 ], [ -70.921836852588626, 42.885059356704005 ], [ -71.025924682977688, 42.851081848348656 ], [ -71.066062926862571, 42.804229736413276 ], [ -71.121101379425056, 42.818191528616182 ], [ -71.1815567013806, 42.807228088705358 ], [ -71.186843872346799, 42.738670349057429 ], [ -71.240974426028913, 42.743465423590465 ], [ -71.252906799109439, 42.72597885104318 ], [ -71.287689208789914, 42.698513031451284 ], [ -71.901420593485568, 42.705291747815977 ], [ -71.930694580090744, 42.707122802575327 ], [ -72.280387878197985, 42.720382690109091 ] ] ] ] } },
{ "type": "Feature", "properties": { "STATE_NAME": "Iowa", "STATE_ABBR": "IA", "ELECT_VOTE": 6.0, "WON_12": "O", "WON_16": "T", "F2016Result": "Rep Pickup", "WON_20": "T", "F2020Result": "Rep", "Shape_Length": 18.790003007912606, "Shape_Area": 15.853171692836115, "WON_24": "T", "F2024Result": "Rep" }, "geometry": { "type": "MultiPolygon", "coordinates": [ [ [ [ -91.119987487732317, 40.705402373820561 ], [ -91.129158020326315, 40.682147979545675 ], [ -91.162498474125243, 40.656311035425972 ], [ -91.214912414476316, 40.64381790177481 ], [ -91.262062072506581, 40.63954544036983 ], [ -91.375610351736327, 40.603439331160246 ], [ -91.411117553832014, 40.57297134435214 ], [ -91.412872314605579, 40.547992705998638 ], [ -91.382102965879142, 40.528495788949556 ], [ -91.374794006538139, 40.503654479770489 ], [ -91.385398865165484, 40.447250366211506 ], [ -91.372756957567503, 40.402988433969085 ], [ -91.385757446448963, 40.392360687595726 ], [ -91.418815612950141, 40.386875152266498 ], [ -91.448593139861487, 40.371902465426501 ], [ -91.47688293449977, 40.390968323029711 ], [ -91.490158080830724, 40.390762328818482 ], [ -91.500221252608696, 40.405117034823377 ], [ -91.527534485128342, 40.410125732516576 ], [ -91.529449462822413, 40.435043334782108 ], [ -91.538688659553941, 40.441246032678293 ], [ -91.533050537152519, 40.455398559396031 ], [ -91.579223633064203, 40.463718414273444 ], [ -91.585868835178587, 40.484477996562362 ], [ -91.616699219093675, 40.504833221176284 ], [ -91.622375488038301, 40.532863617162263 ], [ -91.69191741965318, 40.551639556720204 ], [ -91.689796447747824, 40.581165313928125 ], [ -91.716812134172642, 40.59339904802772 ], [ -91.741546630872278, 40.609748840636541 ], [ -91.946197509507442, 40.608234405693338 ], [ -92.192993164303061, 40.600059508939239 ], [ -92.361328124593228, 40.599548339684191 ], [ -92.646240233999549, 40.59143829304287 ], [ -92.717620849322714, 40.589645385726044 ], [ -93.10073089611393, 40.584335327013775 ], [ -93.370056152769223, 40.580482482980244 ], [ -93.562690734489763, 40.580806731745326 ], [ -93.786079407038983, 40.578445434908929 ], [ -94.017829895033572, 40.574024200456563 ], [ -94.238159180102059, 40.570972442824029 ], [ -94.484992980541563, 40.574214934971337 ], [ -94.639633178928023, 40.575756072584738 ], [ -94.920364379712339, 40.57722854606061 ], [ -95.217170715655982, 40.58189773529233 ], [ -95.382293701393166, 40.584335327013775 ], [ -95.767204284450145, 40.589046478612147 ], [ -95.757270812897673, 40.62090301506214 ], [ -95.767723083553449, 40.64311599710561 ], [ -95.87633514415154, 40.730434417514402 ], [ -95.851509094668927, 40.792598724751372 ], [ -95.846153259565256, 40.848331451235538 ], [ -95.834114074904619, 40.870300292524519 ], [ -95.836257934555988, 40.901107787794217 ], [ -95.837318420508666, 40.974258422688081 ], [ -95.860610962226076, 41.002651214881723 ], [ -95.859252929279251, 41.035003661789631 ], [ -95.878517151245489, 41.065872192247923 ], [ -95.857986450014607, 41.109188079965975 ], [ -95.87639617934019, 41.164203643883127 ], [ -95.859512328830874, 41.1668663026378 ], [ -95.858909606792906, 41.180538177694814 ], [ -95.915809631709124, 41.194065093729137 ], [ -95.921958923365594, 41.207855224239267 ], [ -95.910690307511629, 41.225246429079505 ], [ -95.929939269781414, 41.302059173492125 ], [ -95.910911559620729, 41.308471679624347 ], [ -95.897300720651685, 41.286865234542972 ], [ -95.888816833929695, 41.301391601341379 ], [ -95.942604065125465, 41.3400802612951 ], [ -95.939765929753833, 41.394809722990374 ], [ -95.934776305781838, 41.462387084696275 ], [ -95.952896117961416, 41.472393036209724 ], [ -96.00660705607072, 41.481960296630461 ], [ -96.013160705402186, 41.493000030527014 ], [ -95.996398926169491, 41.511524200381587 ], [ -95.993675232226167, 41.528110503896698 ], [ -96.004302978599526, 41.536670684604474 ], [ -96.04988098142212, 41.524341583697208 ], [ -96.085548400438313, 41.537528991269994 ], [ -96.091644286754388, 41.563152313128796 ], [ -96.080543517669184, 41.576007842987622 ], [ -96.111015319401417, 41.599014282483211 ], [ -96.099014282183362, 41.654689788702854 ], [ -96.119972228835252, 41.684104919406536 ], [ -96.121910095174712, 41.694923401194046 ], [ -96.085266113140563, 41.704998015945705 ], [ -96.09947967504695, 41.731575012177132 ], [ -96.099029540980496, 41.752986907819604 ], [ -96.076126099040209, 41.791481018334366 ], [ -96.135330200528301, 41.862632751700176 ], [ -96.159675598350134, 41.904163360151017 ], [ -96.145576476972792, 41.92491912841507 ], [ -96.147033691651529, 41.966266632199392 ], [ -96.184921264304876, 41.980697632190015 ], [ -96.202545166026539, 41.996627807427444 ], [ -96.235794067042548, 42.00127029398891 ], [ -96.238426208202895, 42.028450012258304 ], [ -96.265182495076033, 42.048908233528209 ], [ -96.284820556223679, 42.123462676861095 ], [ -96.351860046004276, 42.168193816891176 ], [ -96.363204955844026, 42.214050292986713 ], [ -96.337402343343456, 42.22953033415763 ], [ -96.332351684182868, 42.260314941681258 ], [ -96.342575072881289, 42.282089233531337 ], [ -96.368392944178993, 42.298030853541093 ], [ -96.389472961208185, 42.328796386444139 ], [ -96.423866272010798, 42.349285125308313 ], [ -96.411453247269492, 42.380924224573334 ], [ -96.417320251628269, 42.414783477475567 ], [ -96.397583007849505, 42.441799163900328 ], [ -96.395767211887289, 42.467407226961996 ], [ -96.439086913630149, 42.489246368025533 ], [ -96.479934692032373, 42.517135619913006 ], [ -96.489028930640586, 42.564033508239845 ], [ -96.500633240031959, 42.573890685806532 ], [ -96.488189697696328, 42.580486297504706 ], [ -96.512535095518217, 42.629760742364397 ], [ -96.540855407750826, 42.662410736266509 ], [ -96.562728882232079, 42.668518066455647 ], [ -96.626228332871221, 42.708358764245645 ], [ -96.640396118386093, 42.748607635534029 ], [ -96.632667541673698, 42.776840209907789 ], [ -96.600563049545087, 42.799564361206365 ], [ -96.587333679605592, 42.835388184017518 ], [ -96.572814941756121, 42.834354400735037 ], [ -96.555900573652536, 42.846668243744489 ], [ -96.537200928080324, 42.896915435798803 ], [ -96.543952941774819, 42.913875579394528 ], [ -96.514625548929928, 42.952392578554736 ], [ -96.516838073618146, 42.986469268641883 ], [ -96.498710632489633, 43.012062072906417 ], [ -96.519699096735906, 43.05152130166681 ], [ -96.479263305856819, 43.061897277437481 ], [ -96.46178436315779, 43.075595856063956 ], [ -96.460494995247814, 43.087886810428017 ], [ -96.451194763327635, 43.126323699778993 ], [ -96.47280120840901, 43.209098816257438 ], [ -96.486930847380677, 43.217926025465772 ], [ -96.558288574058395, 43.225505829130782 ], [ -96.56667327904853, 43.239650726000264 ], [ -96.559249878279218, 43.253280639589889 ], [ -96.570404052704816, 43.263629913589682 ], [ -96.578811645441021, 43.290092468392743 ], [ -96.540245055864602, 43.307678222671882 ], [ -96.522575378650743, 43.356986999150763 ], [ -96.524734497099303, 43.384246826330013 ], [ -96.557388305925542, 43.400749206910405 ], [ -96.58879089338501, 43.435562134185204 ], [ -96.583473205723806, 43.481945037433604 ], [ -96.597991943573277, 43.499874115098407 ], [ -96.460136413964278, 43.499744414872907 ], [ -96.060737609752834, 43.498565673467112 ], [ -95.866615295759232, 43.498977660990306 ], [ -95.464492797604464, 43.499576569003523 ], [ -95.396278381342199, 43.500370025556265 ], [ -94.920196532943578, 43.49941253625957 ], [ -94.85957336421933, 43.500072479461437 ], [ -94.454986572572238, 43.498146056994983 ], [ -94.246543884192874, 43.498992919787497 ], [ -93.97371673583865, 43.500343322886067 ], [ -93.653480529902481, 43.500808715749713 ], [ -93.500617980935033, 43.500534057400898 ], [ -93.054183960121634, 43.501495361621721 ], [ -93.027015685725303, 43.501316070979954 ], [ -92.55783081094313, 43.500293731570537 ], [ -92.452995300392786, 43.49949646009361 ], [ -92.077369689559475, 43.499187469226399 ], [ -91.73021697982972, 43.49960327167372 ], [ -91.610954285112143, 43.500656127778143 ], [ -91.22343444864083, 43.500835418419854 ], [ -91.235771179396352, 43.464710235489008 ], [ -91.21078491209397, 43.424076080246948 ], [ -91.198112487801041, 43.370536803830475 ], [ -91.17691802934354, 43.353969574036682 ], [ -91.078369140523364, 43.313320159997431 ], [ -91.066299438268402, 43.280704498613773 ], [ -91.068923950479871, 43.257919311227283 ], [ -91.161224365012401, 43.147594452222222 ], [ -91.168441772469805, 43.082904815404959 ], [ -91.15962219221035, 43.081199645946981 ], [ -91.152084350912048, 43.001331328977699 ], [ -91.138992309247612, 42.925907135106229 ], [ -91.093299865896086, 42.87145233175977 ], [ -91.081901550715941, 42.783374786417312 ], [ -91.066040038716778, 42.744922638269202 ], [ -90.999053955175839, 42.707065582310804 ], [ -90.91928100591366, 42.680683136417656 ], [ -90.892417907460413, 42.67824554469621 ], [ -90.745483398040335, 42.65700530984725 ], [ -90.694664001542378, 42.637931823295048 ], [ -90.664253234998739, 42.571392058896436 ], [ -90.639091491978718, 42.555713653362488 ], [ -90.62557983384221, 42.528560638662611 ], [ -90.638328552120925, 42.509361266809094 ], [ -90.651771545220583, 42.494697570836252 ], [ -90.648345947507437, 42.475643158005369 ], [ -90.605827331266312, 42.460559844661134 ], [ -90.563583374273264, 42.421836853088337 ], [ -90.491043091265624, 42.388782501511287 ], [ -90.441596984713044, 42.360073089501554 ], [ -90.427680968901541, 42.340633392716938 ], [ -90.417984009154679, 42.2639236449603 ], [ -90.407173156316048, 42.242645263568136 ], [ -90.367729187252166, 42.210208892826188 ], [ -90.323600769260054, 42.197319030448966 ], [ -90.230934142696469, 42.159721374941569 ], [ -90.191574096567251, 42.122688293130295 ], [ -90.176086425548078, 42.120502472011538 ], [ -90.166648864453521, 42.103744506803594 ], [ -90.168098449283946, 42.061042785895893 ], [ -90.150535583650253, 42.033428192357235 ], [ -90.142669677763365, 41.983963012982713 ], [ -90.154518127009908, 41.93077468890084 ], [ -90.195838928123976, 41.806137085358273 ], [ -90.255310059012004, 41.781738281296725 ], [ -90.304885863991387, 41.756465911772466 ], [ -90.326026916209173, 41.722736358196414 ], [ -90.341133117299478, 41.649089812844636 ], [ -90.339347838931587, 41.602798461479892 ], [ -90.348365783554016, 41.586849212521201 ], [ -90.423004150720942, 41.567272186562207 ], [ -90.434967041395794, 41.543579101194609 ], [ -90.454994201421243, 41.527545929301255 ], [ -90.540840149253427, 41.5259704591694 ], [ -90.600700378119939, 41.509586334042126 ], [ -90.658790588314957, 41.462318420558688 ], [ -90.708213806222147, 41.45006179781376 ], [ -90.779899597488395, 41.449821471983398 ], [ -90.844139099339941, 41.444622039775368 ], [ -90.949653625914095, 41.42123413125023 ], [ -91.000694274521095, 41.431083678968662 ], [ -91.027488708836813, 41.42350769022778 ], [ -91.055786132424032, 41.401378632018293 ], [ -91.073280334819572, 41.334896087884204 ], [ -91.102348327213519, 41.267818450661025 ], [ -91.101524353066395, 41.231521606037347 ], [ -91.05632019032447, 41.176258087340898 ], [ -91.018257141054164, 41.165824890406441 ], [ -90.990341186496551, 41.14437103239726 ], [ -90.957786560301486, 41.104358672914486 ], [ -90.954650878834968, 41.070362090837875 ], [ -90.960708618607839, 40.950504303031209 ], [ -90.983276367010717, 40.92392730679984 ], [ -91.049209594447177, 40.879585266546883 ], [ -91.088905334113861, 40.833728790451346 ], [ -91.092750549198456, 40.761547088727241 ], [ -91.119987487732317, 40.705402373820561 ] ] ] ] } },
{ "type": "Feature", "properties": { "STATE_NAME": "Massachusetts", "STATE_ABBR": "MA", "ELECT_VOTE": 11.0, "WON_12": "O", "WON_16": "C", "F2016Result": "Dem", "WON_20": "B", "F2020Result": "Dem", "Shape_Length": 13.10496447213465, "Shape_Area": 2.3091831619998899, "WON_24": "H", "F2024Result": "Dem" }, "geometry": { "type": "MultiPolygon", "coordinates": [ [ [ [ -71.319831848361048, 41.772094726890202 ], [ -71.340301513504016, 41.784324646065613 ], [ -71.345985412296898, 41.813060760745543 ], [ -71.335044861031463, 41.857803344648687 ], [ -71.342994689853015, 41.875682830997903 ], [ -71.333587646352782, 41.895931244031715 ], [ -71.384452820141519, 41.888339996493698 ], [ -71.382904052679862, 41.97916412352555 ], [ -71.37914276142925, 42.013614654592686 ], [ -71.497924804486104, 42.009155273597059 ], [ -71.798316955962719, 42.004177093498129 ], [ -71.802825927374613, 42.017879486149411 ], [ -72.095451354696195, 42.02570343056891 ], [ -72.136825561150715, 42.026306152606935 ], [ -72.50804138140461, 42.030670165895515 ], [ -72.571693420015265, 42.030029297314286 ], [ -72.582374572628396, 42.021511078073843 ], [ -72.608291625657955, 42.022705078276772 ], [ -72.609992981091182, 42.03044128393816 ], [ -72.75635528606756, 42.033752441122317 ], [ -72.768035888545398, 42.002071380389964 ], [ -72.818138122476341, 41.997089386266225 ], [ -72.816909789754959, 42.033412933560101 ], [ -73.006546020082737, 42.035915374495005 ], [ -73.046081542828915, 42.03621673551396 ], [ -73.484664916552617, 42.047336578320483 ], [ -73.499275207185008, 42.077369689859324 ], [ -73.351272582863373, 42.504673003856112 ], [ -73.258506774567934, 42.745979309297752 ], [ -73.020149231002165, 42.740314483326813 ], [ -72.923454284687466, 42.737281799415541 ], [ -72.45623779293976, 42.725769042807144 ], [ -72.280387878197985, 42.720382690109091 ], [ -71.930694580090744, 42.707122802575327 ], [ -71.901420593485568, 42.705291747815977 ], [ -71.287689208789914, 42.698513031451284 ], [ -71.252906799109439, 42.72597885104318 ], [ -71.240974426028913, 42.743465423590465 ], [ -71.186843872346799, 42.738670349057429 ], [ -71.1815567013806, 42.807228088705358 ], [ -71.121101379425056, 42.818191528616182 ], [ -71.066062926862571, 42.804229736413276 ], [ -71.025924682977688, 42.851081848348656 ], [ -70.921836852588626, 42.885059356704005 ], [ -70.898612975908065, 42.886787414807372 ], [ -70.850242615004618, 42.863338470194321 ], [ -70.814384460574331, 42.866973877042824 ], [ -70.740203857322115, 42.663429259852535 ], [ -70.593711853019556, 42.64620971670513 ], [ -70.633964538332748, 42.582546234221411 ], [ -70.813636779513729, 42.546340942380652 ], [ -70.894111633445107, 42.447971344202244 ], [ -70.961128234580315, 42.432296752693048 ], [ -71.034667968352039, 42.285530090041675 ], [ -70.923713683739493, 42.234416961473642 ], [ -70.893180846818609, 42.265666961860859 ], [ -70.825172423868253, 42.260406494464178 ], [ -70.775108337379834, 42.248538970597053 ], [ -70.686553955300781, 42.153064728054801 ], [ -70.619224548374177, 41.968086243085679 ], [ -70.54086303739922, 41.930847167962497 ], [ -70.538230896238815, 41.805656432798173 ], [ -70.424041748427896, 41.743515014206594 ], [ -70.274368286267361, 41.721553802765811 ], [ -70.341659545751384, 41.71170425414806 ], [ -70.205795287822241, 41.712463379081726 ], [ -70.01975250287569, 41.781410217607515 ], [ -70.000984192266628, 41.856243133314024 ], [ -70.101028442308746, 42.002090454111226 ], [ -70.255676269644084, 42.060016632461668 ], [ -70.135620117474389, 42.072391509760394 ], [ -70.051002502363531, 42.026195526102697 ], [ -69.964706420464893, 41.903987884433377 ], [ -69.918319702292365, 41.767543793111599 ], [ -69.954963684326515, 41.671382903798019 ], [ -70.398147583144407, 41.612461090506997 ], [ -70.433448791928186, 41.569644928170931 ], [ -70.637664795294029, 41.539695739566753 ], [ -70.665412903082995, 41.556018829505433 ], [ -70.620285034326855, 41.735530852866646 ], [ -70.839950561269347, 41.626586913655217 ], [ -70.892646789817434, 41.633808136036691 ], [ -71.001701354633781, 41.52001953097664 ], [ -71.117645264117584, 41.492958069059682 ], [ -71.141723632539595, 41.655170440363577 ], [ -71.199317932276699, 41.678398131968265 ], [ -71.229484558065849, 41.707592010562905 ], [ -71.267135619812962, 41.749641418116994 ], [ -71.319831848361048, 41.772094726890202 ] ] ], [ [ [ -70.604858398496276, 41.429550171203516 ], [ -70.568222046310325, 41.464454651261178 ], [ -70.55335998507519, 41.417274474737269 ], [ -70.576385498292098, 41.410171508708231 ], [ -70.515686035582064, 41.398544311570788 ], [ -70.486671447629192, 41.341442108266733 ], [ -70.739204406558088, 41.334041595243491 ], [ -70.770240783785084, 41.298049926562896 ], [ -70.844444274783427, 41.348487854031305 ], [ -70.78305053725245, 41.352405548177558 ], [ -70.771453857709332, 41.324867248624685 ], [ -70.752296447323147, 41.382057189787531 ], [ -70.668014526649074, 41.454826354752527 ], [ -70.606369018515352, 41.474552154658284 ], [ -70.604858398496276, 41.429550171203516 ] ] ], [ [ [ -70.032257080399916, 41.311809539478702 ], [ -70.007049560988435, 41.324653625464521 ], [ -70.027160644847868, 41.337089538851217 ], [ -70.08817291244992, 41.296726227033787 ], [ -70.035026550734699, 41.34959793129957 ], [ -70.049804687236474, 41.391841888292561 ], [ -69.966522216427109, 41.294769286973064 ], [ -69.968986510818752, 41.251693725984694 ], [ -70.103645324671959, 41.238155365177988 ], [ -70.213806152731706, 41.270080566664888 ], [ -70.207633972429846, 41.293964385647939 ], [ -70.098411559945475, 41.277507782358327 ], [ -70.032257080399916, 41.311809539478702 ] ] ] ] } },
{ "type": "Feature", "properties": { "STATE_NAME": "Nebraska", "STATE_ABBR": "NE", "ELECT_VOTE": 5.0, "WON_12": "R", "WON_16": "T", "F2016Result": "Rep", "WON_20": "T", "F2020Result": "Rep", "Shape_Length": 23.382864404496154, "Shape_Area": 21.606404555556665, "WON_24": "T", "F2024Result": "Rep" }, "geometry": { "type": "MultiPolygon", "coordinates": [ [ [ [ -101.406951904706602, 40.001007079912881 ], [ -102.051071167300506, 39.998928070374177 ], [ -102.047080994092596, 40.342651367466715 ], [ -102.047157287179004, 40.431083679168523 ], [ -102.045570373174144, 40.697322845672829 ], [ -102.046531677394967, 40.74313354447753 ], [ -102.047279357556249, 40.998077392457731 ], [ -102.620788574533037, 41.000225067033284 ], [ -102.651802063114701, 40.998134612722254 ], [ -103.382469177310668, 41.000331878613338 ], [ -103.571823120340696, 40.999664306462648 ], [ -104.051200867126283, 41.003227234249493 ], [ -104.053504943698158, 41.388107299712146 ], [ -104.054992675971164, 41.56424713159987 ], [ -104.053108214972099, 41.698246002251267 ], [ -104.053009033240244, 41.999851226752753 ], [ -104.055725097335312, 42.61470413169036 ], [ -104.055709838538178, 43.003093719599519 ], [ -103.500984191866905, 42.998649597401027 ], [ -103.005409240444067, 42.999374389816296 ], [ -102.787933349544403, 42.995323181419735 ], [ -102.086273193453053, 42.989891052330279 ], [ -101.231307983276793, 42.986835479773617 ], [ -100.197738647720371, 42.991088867457336 ], [ -99.532402038922896, 42.992332458076532 ], [ -99.253593444781643, 42.992389679240375 ], [ -98.497291564853811, 42.991783142278223 ], [ -98.457084655932078, 42.93716430708713 ], [ -98.390846252552478, 42.920139312479364 ], [ -98.309982299743297, 42.881797790835435 ], [ -98.167472839699769, 42.839572906664387 ], [ -98.144515991519768, 42.83579635661664 ], [ -98.122764587415759, 42.82022476176337 ], [ -98.121467590556847, 42.808361053719693 ], [ -98.032791138100492, 42.769191742105249 ], [ -97.994796752967716, 42.76681137064827 ], [ -97.96321105994241, 42.773689269644137 ], [ -97.929130554031815, 42.792324066002891 ], [ -97.889595032184957, 42.831272125508235 ], [ -97.88831329322386, 42.855808257844899 ], [ -97.818298339796513, 42.866588592189828 ], [ -97.796684264866883, 42.849597930999778 ], [ -97.771842956587136, 42.846164703438376 ], [ -97.724906921717036, 42.858009338660111 ], [ -97.685409545514062, 42.836837768848 ], [ -97.634628295559367, 42.861286163325815 ], [ -97.570312499722036, 42.847991943273598 ], [ -97.505790710572796, 42.860137939514345 ], [ -97.482818603595661, 42.857158660943526 ], [ -97.456924438312114, 42.850444793792235 ], [ -97.388969421601473, 42.867435454982342 ], [ -97.31108093243904, 42.861774444834793 ], [ -97.271125793220733, 42.850017547471907 ], [ -97.24285888632852, 42.851829528509995 ], [ -97.224113464364848, 42.841205597060707 ], [ -97.211502075260512, 42.812576293960831 ], [ -97.161094665386486, 42.798622131606123 ], [ -97.130142211993473, 42.773925781449691 ], [ -97.014816284244091, 42.759544372774656 ], [ -96.979270934705823, 42.758316040053273 ], [ -96.969680786539016, 42.752067565765628 ], [ -96.977546691526584, 42.727310180420545 ], [ -96.970451355345745, 42.721149444891012 ], [ -96.907913208028106, 42.731700897278643 ], [ -96.809822082223263, 42.704086303739984 ], [ -96.810119629217468, 42.681343078720147 ], [ -96.799026489081143, 42.670021057525844 ], [ -96.722343444894022, 42.668594360441432 ], [ -96.698745727233472, 42.657718658389399 ], [ -96.694282531313718, 42.64116668739274 ], [ -96.714958190667915, 42.621910095274757 ], [ -96.713745116743723, 42.612304687411438 ], [ -96.636360168786723, 42.550735473263558 ], [ -96.628982543509551, 42.522697448328643 ], [ -96.605155944790965, 42.507240295803058 ], [ -96.584442138893564, 42.518291473572674 ], [ -96.546905517675441, 42.520503997361629 ], [ -96.49439239469325, 42.488464355345798 ], [ -96.439086913630149, 42.489246368025533 ], [ -96.395767211887289, 42.467407226961996 ], [ -96.397583007849505, 42.441799163900328 ], [ -96.417320251628269, 42.414783477475567 ], [ -96.411453247269492, 42.380924224573334 ], [ -96.423866272010798, 42.349285125308313 ], [ -96.389472961208185, 42.328796386444139 ], [ -96.368392944178993, 42.298030853541093 ], [ -96.342575072881289, 42.282089233531337 ], [ -96.332351684182868, 42.260314941681258 ], [ -96.337402343343456, 42.22953033415763 ], [ -96.363204955844026, 42.214050292986713 ], [ -96.351860046004276, 42.168193816891176 ], [ -96.284820556223679, 42.123462676861095 ], [ -96.265182495076033, 42.048908233528209 ], [ -96.238426208202895, 42.028450012258304 ], [ -96.235794067042548, 42.00127029398891 ], [ -96.202545166026539, 41.996627807427444 ], [ -96.184921264304876, 41.980697632190015 ], [ -96.147033691651529, 41.966266632199392 ], [ -96.145576476972792, 41.92491912841507 ], [ -96.159675598350134, 41.904163360151017 ], [ -96.135330200528301, 41.862632751700176 ], [ -96.076126099040209, 41.791481018334366 ], [ -96.099029540980496, 41.752986907819604 ], [ -96.09947967504695, 41.731575012177132 ], [ -96.085266113140563, 41.704998015945705 ], [ -96.121910095174712, 41.694923401194046 ], [ -96.119972228835252, 41.684104919406536 ], [ -96.099014282183362, 41.654689788702854 ], [ -96.111015319401417, 41.599014282483211 ], [ -96.080543517669184, 41.576007842987622 ], [ -96.091644286754388, 41.563152313128796 ], [ -96.085548400438313, 41.537528991269994 ], [ -96.04988098142212, 41.524341583697208 ], [ -96.004302978599526, 41.536670684604474 ], [ -95.993675232226167, 41.528110503896698 ], [ -95.996398926169491, 41.511524200381587 ], [ -96.013160705402186, 41.493000030527014 ], [ -96.00660705607072, 41.481960296630461 ], [ -95.952896117961416, 41.472393036209724 ], [ -95.934776305781838, 41.462387084696275 ], [ -95.939765929753833, 41.394809722990374 ], [ -95.942604065125465, 41.3400802612951 ], [ -95.888816833929695, 41.301391601341379 ], [ -95.897300720651685, 41.286865234542972 ], [ -95.910911559620729, 41.308471679624347 ], [ -95.929939269781414, 41.302059173492125 ], [ -95.910690307511629, 41.225246429079505 ], [ -95.921958923365594, 41.207855224239267 ], [ -95.915809631709124, 41.194065093729137 ], [ -95.858909606792906, 41.180538177694814 ], [ -95.859512328830874, 41.1668663026378 ], [ -95.87639617934019, 41.164203643883127 ], [ -95.857986450014607, 41.109188079965975 ], [ -95.878517151245489, 41.065872192247923 ], [ -95.859252929279251, 41.035003661789631 ], [ -95.860610962226076, 41.002651214881723 ], [ -95.837318420508666, 40.974258422688081 ], [ -95.836257934555988, 40.901107787794217 ], [ -95.834114074904619, 40.870300292524519 ], [ -95.846153259565256, 40.848331451235538 ], [ -95.851509094668927, 40.792598724751372 ], [ -95.87633514415154, 40.730434417514402 ], [ -95.767723083553449, 40.64311599710561 ], [ -95.757270812897673, 40.62090301506214 ], [ -95.767204284450145, 40.589046478612147 ], [ -95.76313781725645, 40.549705505304871 ], [ -95.73676300031218, 40.532371520729157 ], [ -95.691795349375809, 40.524127959837529 ], [ -95.687141418041961, 40.561168670597738 ], [ -95.675422668121598, 40.56583404580465 ], [ -95.662673949842883, 40.558727264851427 ], [ -95.657791137450999, 40.530330657733714 ], [ -95.684700012295707, 40.512203216605201 ], [ -95.695091247762832, 40.485336304127202 ], [ -95.636550903501359, 40.396389007346841 ], [ -95.633918762340954, 40.358798980788379 ], [ -95.615936279335813, 40.346496581651991 ], [ -95.617668151463988, 40.331417084131203 ], [ -95.645286559926774, 40.322345733269003 ], [ -95.646560669039616, 40.309108734380629 ], [ -95.595268249829815, 40.309776306531376 ], [ -95.546875000280977, 40.266216278058835 ], [ -95.476562499859426, 40.226856231929617 ], [ -95.466377258603586, 40.21325683593426 ], [ -95.460693359810648, 40.173995971536897 ], [ -95.422218323017148, 40.131744384695651 ], [ -95.392555236634848, 40.115417480732219 ], [ -95.384284973073022, 40.095363617137252 ], [ -95.403526306393871, 40.080379486424192 ], [ -95.413505554337803, 40.048110961551686 ], [ -95.390274047809044, 40.043750763187234 ], [ -95.370986938096678, 40.028751373676982 ], [ -95.344810485515438, 40.024974822729916 ], [ -95.308441161830103, 39.999408722034957 ], [ -95.32944488487351, 39.992595672252548 ], [ -95.780433654389583, 39.993488311436465 ], [ -96.000976562618234, 39.995159149275366 ], [ -96.240310669201961, 39.994503020997684 ], [ -96.453742980653999, 39.994171142384346 ], [ -96.801116943392174, 39.994472503403358 ], [ -96.907981872165635, 39.996150970191195 ], [ -97.361595153893177, 39.99737548798845 ], [ -97.816268920674133, 39.999717712002848 ], [ -97.929267883206194, 39.998439788865198 ], [ -98.263839721425995, 39.998420715143936 ], [ -98.504142761179423, 39.997116088436769 ], [ -98.720283508676971, 39.998447417814134 ], [ -99.064384460774193, 39.998325348336209 ], [ -99.177833557372765, 39.999565124930598 ], [ -99.62747192379021, 40.002979278770738 ], [ -100.180496215927576, 40.000473022012386 ], [ -100.190696715980607, 40.000579833592496 ], [ -100.734619140560881, 39.999168396204595 ], [ -100.754425048477174, 40.00019454963882 ], [ -101.321708678912387, 40.001823425111013 ], [ -101.406951904706602, 40.001007079912881 ] ] ] ] } },
{ "type": "Feature", "properties": { "STATE_NAME": "New York", "STATE_ABBR": "NY", "ELECT_VOTE": 28.0, "WON_12": "O", "WON_16": "C", "F2016Result": "Dem", "WON_20": "B", "F2020Result": "Dem", "Shape_Length": 28.486875825963242, "Shape_Area": 13.874597436702915, "WON_24": "H", "F2024Result": "Dem" }, "geometry": { "type": "MultiPolygon", "coordinates": [ [ [ [ -79.763465881445256, 42.267269134662911 ], [ -79.444252014019185, 42.419303893659844 ], [ -79.355117797648177, 42.493404388002148 ], [ -79.142471313800058, 42.574558257957278 ], [ -79.043991089117412, 42.699188232550966 ], [ -78.859443664493483, 42.792686462210497 ], [ -78.936790465907222, 42.974174499353694 ], [ -78.883033752305778, 43.022300720401972 ], [ -78.925834655844653, 43.066570281593272 ], [ -79.061347961439253, 43.09054946918269 ], [ -79.039558410791983, 43.144683837788932 ], [ -79.062469482580525, 43.268161773646966 ], [ -78.464904784927853, 43.37193679824469 ], [ -77.992271423787145, 43.365512848239405 ], [ -77.745277404628496, 43.335109710644701 ], [ -77.575988769965704, 43.241485595683741 ], [ -77.377601623516057, 43.275650024529057 ], [ -76.914840697839907, 43.278530120468758 ], [ -76.737152099389846, 43.342666625664322 ], [ -76.718795776303978, 43.323375701927148 ], [ -76.619956970337853, 43.41408538843001 ], [ -76.454994201521117, 43.500652312854015 ], [ -76.223114013301029, 43.554084777690377 ], [ -76.184921264704542, 43.633129119613216 ], [ -76.206016540530868, 43.682632446430318 ], [ -76.240341186296689, 43.835063934153311 ], [ -76.194068908653151, 43.912429809288312 ], [ -76.129417419278411, 43.932147979345814 ], [ -76.134872436113994, 44.013172149974821 ], [ -76.201889038148579, 44.065544128858505 ], [ -76.297225952415715, 44.041961669995146 ], [ -76.363212585192628, 44.098300933441351 ], [ -75.848350524956743, 44.390209198195976 ], [ -75.758972167831246, 44.517475127974819 ], [ -75.329200744518687, 44.810569763084175 ], [ -74.968818664849437, 44.948577880664686 ], [ -74.736480712714695, 44.992866516476624 ], [ -74.021934509170251, 44.990802764835792 ], [ -73.345146178952973, 45.00609970134019 ], [ -73.351181030080454, 44.981933594160068 ], [ -73.336837768847943, 44.932563781593274 ], [ -73.382728576562499, 44.847892761142077 ], [ -73.369476317977671, 44.819076538451554 ], [ -73.327209472339234, 44.799251556813942 ], [ -73.373580932613891, 44.724193573174887 ], [ -73.358573913255441, 44.680324554734455 ], [ -73.373519897425297, 44.661231994461048 ], [ -73.370559692575739, 44.634304046794398 ], [ -73.382247924901776, 44.619762420299537 ], [ -73.371719360260215, 44.579120636108541 ], [ -73.348236084028031, 44.553924560570067 ], [ -73.334877013863036, 44.544281006163544 ], [ -73.293746948163061, 44.432804107523623 ], [ -73.300422668771091, 44.405483246055041 ], [ -73.330215454479628, 44.367340087874823 ], [ -73.30575561522943, 44.260089874248365 ], [ -73.377761841235952, 44.201194763627484 ], [ -73.382492065656265, 44.172054290373239 ], [ -73.408294678156835, 44.136173248196883 ], [ -73.409187317340809, 44.106555939105363 ], [ -73.435646057219742, 44.063842773425279 ], [ -73.436431884823605, 44.045623779513846 ], [ -73.408683777034639, 44.018165587971566 ], [ -73.417839049932184, 43.988140106280923 ], [ -73.405769348576541, 43.914749145556698 ], [ -73.375556945496612, 43.885917663169664 ], [ -73.385177612157008, 43.804447174297707 ], [ -73.359436034845089, 43.778366088524194 ], [ -73.357109069627825, 43.756496429866388 ], [ -73.371429443114266, 43.714218139455625 ], [ -73.42340087924714, 43.632049560838595 ], [ -73.418762206710426, 43.582412719771241 ], [ -73.388557434378072, 43.569076538251693 ], [ -73.364128112722199, 43.614933014347173 ], [ -73.303977966709738, 43.624649047815353 ], [ -73.294548034564116, 43.619586944781702 ], [ -73.282180786214269, 43.59312057505457 ], [ -73.291847229266182, 43.57496643035654 ], [ -73.26042938211026, 43.559314727492733 ], [ -73.23883819582602, 43.512763977475629 ], [ -73.250518799203178, 43.310779571620003 ], [ -73.276451111029928, 42.940216064719664 ], [ -73.280029296714645, 42.837024688438646 ], [ -73.2966156002297, 42.803470611479611 ], [ -73.269721985081503, 42.747402191458036 ], [ -73.258506774567934, 42.745979309297752 ], [ -73.351272582863373, 42.504673003856112 ], [ -73.499275207185008, 42.077369689859324 ], [ -73.484664916552617, 42.047336578320483 ], [ -73.51757812493048, 41.665592193425027 ], [ -73.53082275366711, 41.522651672136988 ], [ -73.544723510681422, 41.36520385777186 ], [ -73.550689697671373, 41.293525695454548 ], [ -73.478553772338671, 41.210659027092504 ], [ -73.725662231127046, 41.100257873202338 ], [ -73.654151916477701, 41.012519836321417 ], [ -73.653579712034059, 40.998294830542022 ], [ -73.780464172783297, 40.886589049944746 ], [ -73.796768188101339, 40.832233429229404 ], [ -73.920280456477826, 40.802703857097356 ], [ -74.006599426122591, 40.703899383649684 ], [ -74.006675720108376, 40.737628936326416 ], [ -73.977478027488928, 40.797386169436209 ], [ -73.922813415906376, 40.885940551515318 ], [ -73.909385680704588, 40.927215576237927 ], [ -73.896568298288287, 40.96077346812109 ], [ -73.897117614985916, 40.998432159716458 ], [ -74.213447570648839, 41.123516082401352 ], [ -74.242767333645475, 41.137531280843973 ], [ -74.372383117286972, 41.1957550052893 ], [ -74.700454711515704, 41.350479125711161 ], [ -74.705665588496061, 41.3749656676315 ], [ -74.740829468105403, 41.401542663862926 ], [ -74.740432739379401, 41.421966552614379 ], [ -74.755218505729431, 41.430053710610309 ], [ -74.793190002216818, 41.429824828652954 ], [ -74.864456177010936, 41.447063446420941 ], [ -74.895668029955573, 41.444580078308036 ], [ -74.898948669545405, 41.461803436379512 ], [ -74.932952880570951, 41.484260559177528 ], [ -74.97217559842511, 41.483512878116869 ], [ -75.015274048058814, 41.539466857609455 ], [ -75.025474548111845, 41.565711975227543 ], [ -75.070251464533442, 41.604389190408881 ], [ -75.07283782930233, 41.612991332583988 ], [ -75.051712035881735, 41.637226104800959 ], [ -75.065788268613687, 41.714748382831658 ], [ -75.057357788131355, 41.72661972072359 ], [ -75.061706542622801, 41.770172119347876 ], [ -75.097541809307018, 41.778953552164751 ], [ -75.097213744718488, 41.797119140735788 ], [ -75.080230712477373, 41.814060211509627 ], [ -75.118164062421499, 41.836898803337135 ], [ -75.125137329124414, 41.84909439089347 ], [ -75.148666381748058, 41.85570144646465 ], [ -75.171669006319576, 41.867752074998293 ], [ -75.254898070889226, 41.868785858280773 ], [ -75.284072875762547, 41.947517395311593 ], [ -75.324447631452983, 41.961189270368607 ], [ -75.346038818636544, 41.992759704596722 ], [ -75.383193969925742, 41.998271941696828 ], [ -75.48011016834954, 41.9962844849411 ], [ -76.105186461985568, 41.999423980432425 ], [ -76.14537048316123, 42.00057983409215 ], [ -76.564247131599814, 42.002937316903683 ], [ -76.928710937259893, 42.002460480167088 ], [ -76.96888732948662, 42.002906799309415 ], [ -77.613136291406704, 41.998760223205807 ], [ -77.74529266342563, 41.997264861983865 ], [ -78.204528808757459, 41.998134613421712 ], [ -78.305351257454504, 41.999355316294839 ], [ -78.918777466207075, 41.999786376640031 ], [ -79.059722899991812, 42.001098633195397 ], [ -79.612594604157607, 42.000530242776563 ], [ -79.761886596389274, 42.003051757432729 ], [ -79.763465881445256, 42.267269134662911 ] ] ], [ [ [ -73.752632141160348, 40.594482421726411 ], [ -73.928009033190278, 40.557544708521561 ], [ -73.76181793255148, 40.618133544727357 ], [ -73.765357970793673, 40.636829376274761 ], [ -73.846481323154478, 40.652496337935702 ], [ -73.916152954095537, 40.631027222028706 ], [ -73.8802337644766, 40.590164184829291 ], [ -74.004455566471165, 40.581153870055118 ], [ -74.028137207066436, 40.639232635477811 ], [ -73.956024169479804, 40.739280700443999 ], [ -73.899436950354925, 40.797016143380347 ], [ -73.754341125542453, 40.788749694742648 ], [ -73.749900818268088, 40.844898223674136 ], [ -73.598701477291286, 40.903045654133678 ], [ -73.478523254744346, 40.879646300836157 ], [ -73.431083679568133, 40.922458648248096 ], [ -73.214965820716031, 40.90094375594964 ], [ -73.141426086044987, 40.951297759584008 ], [ -73.021720886209891, 40.968334198064838 ], [ -72.63203430144182, 40.981185912999536 ], [ -72.317504882943979, 41.149234771967201 ], [ -72.281623840767622, 41.142436980981927 ], [ -72.354751587016096, 41.110103606896018 ], [ -72.416816711621891, 41.025939941675006 ], [ -72.551437378032517, 40.966079711909231 ], [ -72.605278015468002, 40.90520095855743 ], [ -72.476577758756548, 40.920047760096111 ], [ -72.293556212948829, 41.023918151501562 ], [ -72.203826904388109, 41.035274505214318 ], [ -72.077491760336443, 41.000473022711901 ], [ -71.924186706251476, 41.084770203082485 ], [ -71.870475769041491, 41.0744056702855 ], [ -71.919189453330546, 41.03047180173229 ], [ -72.521629333526903, 40.814941406121022 ], [ -73.422958374129621, 40.661224365412181 ], [ -73.752632141160348, 40.594482421726411 ] ] ], [ [ [ -73.293495178459693, 40.626281737911938 ], [ -73.291580199866303, 40.63297653224123 ], [ -73.240875243897335, 40.63297653224123 ], [ -73.051467895526912, 40.675067901262707 ], [ -72.877357482761568, 40.737247467296811 ], [ -72.782653809026044, 40.764034270864954 ], [ -72.757781982252652, 40.767860412228288 ], [ -72.764480590606752, 40.75829315180755 ], [ -72.956764220892069, 40.699939728036099 ], [ -73.031379699413549, 40.671241759899374 ], [ -73.249488830844825, 40.625324249514563 ], [ -73.293495178459693, 40.626281737911938 ] ] ], [ [ [ -74.237350464252472, 40.505897522053033 ], [ -74.237350464252472, 40.537799834894543 ], [ -74.166709900141711, 40.624393462888065 ], [ -74.07328033461971, 40.649459839100359 ], [ -74.059608459562696, 40.601604461476768 ], [ -74.123413086144978, 40.544635772423021 ], [ -74.194053650255739, 40.510456084780515 ], [ -74.237350464252472, 40.505897522053033 ] ] ] ] } },
{ "type": "Feature", "properties": { "STATE_NAME": "Pennsylvania", "STATE_ABBR": "PA", "ELECT_VOTE": 19.0, "WON_12": "O", "WON_16": "T", "F2016Result": "Rep Pickup", "WON_20": "B", "F2020Result": "Dem Pickup", "Shape_Length": 16.840708326769036, "Shape_Area": 12.550054264158062, "WON_24": "T", "F2024Result": "Rep Pickup" }, "geometry": { "type": "MultiPolygon", "coordinates": [ [ [ [ -77.476081848198703, 39.719528198067962 ], [ -78.096221924102451, 39.725368499756485 ], [ -78.334815978574511, 39.724006652784851 ], [ -78.385047912730954, 39.723659515374379 ], [ -78.818016051799304, 39.723030090666214 ], [ -78.930427551090588, 39.722251892011286 ], [ -79.396850586285495, 39.719234466897205 ], [ -79.481208800945353, 39.720195770218652 ], [ -79.7653579713932, 39.721729278883174 ], [ -79.918487548861265, 39.721588134784668 ], [ -80.429283141903454, 39.719760894949388 ], [ -80.524467468199077, 39.721126556845149 ], [ -80.524856567076881, 39.958343505548385 ], [ -80.52516937286822, 40.022750854168635 ], [ -80.526252746566968, 40.162448883309366 ], [ -80.523773193378133, 40.402965545323696 ], [ -80.524566650830252, 40.478717803783695 ], [ -80.522209167119343, 40.637138367141972 ], [ -80.520515441534371, 40.854106902811395 ], [ -80.52113342326885, 40.897209167369226 ], [ -80.52313995374584, 41.129570007250095 ], [ -80.520202636642352, 41.489234924352331 ], [ -80.524131774661612, 41.495048523370713 ], [ -80.522850036599891, 41.850719452340911 ], [ -80.520797729731385, 41.986816406252217 ], [ -79.763465881445256, 42.267269134662911 ], [ -79.761886596389274, 42.003051757432729 ], [ -79.612594604157607, 42.000530242776563 ], [ -79.059722899991812, 42.001098633195397 ], [ -78.918777466207075, 41.999786376640031 ], [ -78.305351257454504, 41.999355316294839 ], [ -78.204528808757459, 41.998134613421712 ], [ -77.74529266342563, 41.997264861983865 ], [ -77.613136291406704, 41.998760223205807 ], [ -76.96888732948662, 42.002906799309415 ], [ -76.928710937259893, 42.002460480167088 ], [ -76.564247131599814, 42.002937316903683 ], [ -76.14537048316123, 42.00057983409215 ], [ -76.105186461985568, 41.999423980432425 ], [ -75.48011016834954, 41.9962844849411 ], [ -75.383193969925742, 41.998271941696828 ], [ -75.346038818636544, 41.992759704596722 ], [ -75.324447631452983, 41.961189270368607 ], [ -75.284072875762547, 41.947517395311593 ], [ -75.254898070889226, 41.868785858280773 ], [ -75.171669006319576, 41.867752074998293 ], [ -75.148666381748058, 41.85570144646465 ], [ -75.125137329124414, 41.84909439089347 ], [ -75.118164062421499, 41.836898803337135 ], [ -75.080230712477373, 41.814060211509627 ], [ -75.097213744718488, 41.797119140735788 ], [ -75.097541809307018, 41.778953552164751 ], [ -75.061706542622801, 41.770172119347876 ], [ -75.057357788131355, 41.72661972072359 ], [ -75.065788268613687, 41.714748382831658 ], [ -75.051712035881735, 41.637226104800959 ], [ -75.07283782930233, 41.612991332583988 ], [ -75.070251464533442, 41.604389190408881 ], [ -75.025474548111845, 41.565711975227543 ], [ -75.015274048058814, 41.539466857609455 ], [ -74.97217559842511, 41.483512878116869 ], [ -74.932952880570951, 41.484260559177528 ], [ -74.898948669545405, 41.461803436379512 ], [ -74.895668029955573, 41.444580078308036 ], [ -74.864456177010936, 41.447063446420941 ], [ -74.793190002216818, 41.429824828652954 ], [ -74.755218505729431, 41.430053710610309 ], [ -74.740432739379401, 41.421966552614379 ], [ -74.740829468105403, 41.401542663862926 ], [ -74.705665588496061, 41.3749656676315 ], [ -74.700454711515704, 41.350479125711161 ], [ -74.792053222278355, 41.311870574667353 ], [ -74.794532775467189, 41.295120239307664 ], [ -74.825584411491377, 41.282611846859311 ], [ -74.866798401025335, 41.226722717479504 ], [ -74.863273620681014, 41.206676482833473 ], [ -74.915153503131648, 41.141010284796835 ], [ -74.950378417929585, 41.111759185937728 ], [ -74.984977722044221, 41.099285126007828 ], [ -74.989265442246335, 41.081665039210236 ], [ -74.966674804298748, 41.08258056614028 ], [ -75.001533507965007, 41.062389373370934 ], [ -75.035636901621672, 41.028106689072501 ], [ -75.070358276113495, 41.010620117424537 ], [ -75.116996764888768, 41.000152587971627 ], [ -75.139678954719955, 40.977432250697859 ], [ -75.135902404672208, 40.962841033786731 ], [ -75.080116271948327, 40.903251648344963 ], [ -75.074066162023712, 40.884529114127361 ], [ -75.056869506622377, 40.87194824261735 ], [ -75.055000305319822, 40.855575561363139 ], [ -75.099922179864677, 40.839187622211057 ], [ -75.089591979586146, 40.82129287706465 ], [ -75.100921630628704, 40.791561126544821 ], [ -75.13069915754005, 40.772609710369863 ], [ -75.170692444200881, 40.774711608553957 ], [ -75.194023132461552, 40.747905731264552 ], [ -75.188133239457386, 40.723758697805692 ], [ -75.205734252533716, 40.685962677035945 ], [ -75.18444061234436, 40.669692993337037 ], [ -75.209297180320561, 40.650638580506154 ], [ -75.198318481612603, 40.634105682331437 ], [ -75.200767517207112, 40.614643096901432 ], [ -75.193893432236052, 40.583667754863029 ], [ -75.197952270480869, 40.570583343946225 ], [ -75.182662963824669, 40.556697845729047 ], [ -75.124908447167059, 40.564697265866187 ], [ -75.080169677288723, 40.54525375325818 ], [ -75.064064025434391, 40.520900726487412 ], [ -75.07050323513613, 40.456150055380817 ], [ -75.057838439792135, 40.420066833917303 ], [ -75.021652221672639, 40.401218414398386 ], [ -75.000862121789453, 40.408515929866326 ], [ -74.973228454529533, 40.40434265109252 ], [ -74.950576782292615, 40.345367431561783 ], [ -74.932891845382301, 40.333667755362683 ], [ -74.921539306593672, 40.313926696659792 ], [ -74.881050109474927, 40.299484252796105 ], [ -74.843154906973325, 40.248344421557874 ], [ -74.739219665455153, 40.177616119588322 ], [ -74.725875854087349, 40.149196624724482 ], [ -74.746688842615981, 40.124248504864681 ], [ -74.829414367778838, 40.116050720364512 ], [ -74.872314453049512, 40.077945709626874 ], [ -74.956588744774706, 40.057903289904971 ], [ -74.983871459700083, 40.033962249758076 ], [ -75.046058654683122, 40.007522582701085 ], [ -75.06842803962229, 39.98527908306329 ], [ -75.084968566745943, 39.975620269859633 ], [ -75.111343383690155, 39.976577759156328 ], [ -75.140243530214718, 39.955806732095084 ], [ -75.14753723165785, 39.934627533334037 ], [ -75.136184691969902, 39.896774292299824 ], [ -75.143280029050061, 39.881488799668432 ], [ -75.185981750857081, 39.877292633148556 ], [ -75.247367858539803, 39.85029220552093 ], [ -75.254112243285363, 39.84542465192618 ], [ -75.346298218188167, 39.848403930497057 ], [ -75.420829772875663, 39.798870086985005 ], [ -75.470344543565773, 39.826435089208076 ], [ -75.583793640164345, 39.840007781633858 ], [ -75.644340514902808, 39.83819580059577 ], [ -75.695114135908625, 39.82034683184088 ], [ -75.745933532406582, 39.774818420333872 ], [ -75.775268555099672, 39.724441528054115 ], [ -75.791435242142654, 39.723754883081426 ], [ -76.139549255193913, 39.722122192685106 ], [ -76.23344421357956, 39.721748351705116 ], [ -76.570144653552859, 39.720161437700256 ], [ -76.790794372462301, 39.721153259515347 ], [ -76.997108459088054, 39.720790863307741 ], [ -77.221343994429787, 39.720581055071705 ], [ -77.464721679561819, 39.71997833213436 ], [ -77.476081848198703, 39.719528198067962 ] ] ] ] } },
{ "type": "Feature", "properties": { "STATE_NAME": "Connecticut", "STATE_ABBR": "CT", "ELECT_VOTE": 7.0, "WON_12": "O", "WON_16": "C", "F2016Result": "Dem", "WON_20": "B", "F2020Result": "Dem", "Shape_Length": 5.722348789599871, "Shape_Area": 1.3924857970105036, "WON_24": "H", "F2024Result": "Dem" }, "geometry": { "type": "MultiPolygon", "coordinates": [ [ [ [ -73.53082275366711, 41.522651672136988 ], [ -73.51757812493048, 41.665592193425027 ], [ -73.484664916552617, 42.047336578320483 ], [ -73.046081542828915, 42.03621673551396 ], [ -73.006546020082737, 42.035915374495005 ], [ -72.816909789754959, 42.033412933560101 ], [ -72.818138122476341, 41.997089386266225 ], [ -72.768035888545398, 42.002071380389964 ], [ -72.75635528606756, 42.033752441122317 ], [ -72.609992981091182, 42.03044128393816 ], [ -72.608291625657955, 42.022705078276772 ], [ -72.582374572628396, 42.021511078073843 ], [ -72.571693420015265, 42.030029297314286 ], [ -72.50804138140461, 42.030670165895515 ], [ -72.136825561150715, 42.026306152606935 ], [ -72.095451354696195, 42.02570343056891 ], [ -71.802825927374613, 42.017879486149411 ], [ -71.798316955962719, 42.004177093498129 ], [ -71.788734435845527, 41.721504211450224 ], [ -71.793090820185171, 41.641658783126388 ], [ -71.790679932033186, 41.601207733450167 ], [ -71.803230285948871, 41.41572952309906 ], [ -71.846481323554201, 41.403755187651825 ], [ -71.837356567351662, 41.341861724738862 ], [ -71.848258972073836, 41.325248718553553 ], [ -71.867164611857334, 41.322669982733544 ], [ -72.281890869268182, 41.28104782060052 ], [ -72.326828002610171, 41.289543152094836 ], [ -72.378883361677765, 41.358249663890945 ], [ -72.378623962126085, 41.278003692816242 ], [ -72.527709961045844, 41.263603210419888 ], [ -72.907188415912628, 41.269966125236522 ], [ -73.104866027844878, 41.160942078014557 ], [ -73.653579712034059, 40.998294830542022 ], [ -73.654151916477701, 41.012519836321417 ], [ -73.725662231127046, 41.100257873202338 ], [ -73.478553772338671, 41.210659027092504 ], [ -73.550689697671373, 41.293525695454548 ], [ -73.544723510681422, 41.36520385777186 ], [ -73.53082275366711, 41.522651672136988 ] ] ] ] } },
{ "type": "Feature", "properties": { "STATE_NAME": "Rhode Island", "STATE_ABBR": "RI", "ELECT_VOTE": 4.0, "WON_12": "O", "WON_16": "C", "F2016Result": "Dem", "WON_20": "B", "F2020Result": "Dem", "Shape_Length": 3.6426287778757809, "Shape_Area": 0.29261982990717833, "WON_24": "H", "F2024Result": "Dem" }, "geometry": { "type": "MultiPolygon", "coordinates": [ [ [ [ -71.790679932033186, 41.601207733450167 ], [ -71.793090820185171, 41.641658783126388 ], [ -71.788734435845527, 41.721504211450224 ], [ -71.798316955962719, 42.004177093498129 ], [ -71.497924804486104, 42.009155273597059 ], [ -71.37914276142925, 42.013614654592686 ], [ -71.382904052679862, 41.97916412352555 ], [ -71.384452820141519, 41.888339996493698 ], [ -71.333587646352782, 41.895931244031715 ], [ -71.342994689853015, 41.875682830997903 ], [ -71.335044861031463, 41.857803344648687 ], [ -71.345985412296898, 41.813060760745543 ], [ -71.340301513504016, 41.784324646065613 ], [ -71.319831848361048, 41.772094726890202 ], [ -71.267135619812962, 41.749641418116994 ], [ -71.229484558065849, 41.707592010562905 ], [ -71.284507751831256, 41.67944717404788 ], [ -71.367889404372477, 41.741249084177923 ], [ -71.394081115750851, 41.761054992993593 ], [ -71.369514464920599, 41.703189849831745 ], [ -71.419746399077042, 41.652111053782164 ], [ -71.427818298275781, 41.486587524394793 ], [ -71.490386963187746, 41.391983032391067 ], [ -71.72275543201755, 41.327163696247624 ], [ -71.867164611857334, 41.322669982733544 ], [ -71.848258972073836, 41.325248718553553 ], [ -71.837356567351662, 41.341861724738862 ], [ -71.846481323554201, 41.403755187651825 ], [ -71.803230285948871, 41.41572952309906 ], [ -71.790679932033186, 41.601207733450167 ] ] ], [ [ [ -71.199317932276699, 41.678398131968265 ], [ -71.141723632539595, 41.655170440363577 ], [ -71.117645264117584, 41.492958069059682 ], [ -71.200447082366907, 41.463214874666789 ], [ -71.199317932276699, 41.678398131968265 ] ] ], [ [ [ -71.26967620819039, 41.621166229338087 ], [ -71.219955444188372, 41.635540008164924 ], [ -71.239181518712087, 41.474746704097186 ], [ -71.288513183836301, 41.483516693040997 ], [ -71.350028991744523, 41.445755004789703 ], [ -71.26967620819039, 41.621166229338087 ] ] ] ] } },
{ "type": "Feature", "properties": { "STATE_NAME": "New Jersey", "STATE_ABBR": "NJ", "ELECT_VOTE": 14.0, "WON_12": "O", "WON_16": "C", "F2016Result": "Dem", "WON_20": "B", "F2020Result": "Dem", "Shape_Length": 8.4194404727361078, "Shape_Area": 2.0566829368519324, "WON_24": "H", "F2024Result": "Dem" }, "geometry": { "type": "MultiPolygon", "coordinates": [ [ [ [ -75.489639282227074, 39.714744568307253 ], [ -75.476333618301794, 39.719970703185481 ], [ -75.475128174225802, 39.741718292365363 ], [ -75.460754394499645, 39.763248443460952 ], [ -75.428009032890543, 39.77812957751803 ], [ -75.412117004196375, 39.789657592923618 ], [ -75.420829772875663, 39.798870086985005 ], [ -75.346298218188167, 39.848403930497057 ], [ -75.254112243285363, 39.84542465192618 ], [ -75.247367858539803, 39.85029220552093 ], [ -75.185981750857081, 39.877292633148556 ], [ -75.143280029050061, 39.881488799668432 ], [ -75.136184691969902, 39.896774292299824 ], [ -75.14753723165785, 39.934627533334037 ], [ -75.140243530214718, 39.955806732095084 ], [ -75.111343383690155, 39.976577759156328 ], [ -75.084968566745943, 39.975620269859633 ], [ -75.06842803962229, 39.98527908306329 ], [ -75.046058654683122, 40.007522582701085 ], [ -74.983871459700083, 40.033962249758076 ], [ -74.956588744774706, 40.057903289904971 ], [ -74.872314453049512, 40.077945709626874 ], [ -74.829414367778838, 40.116050720364512 ], [ -74.746688842615981, 40.124248504864681 ], [ -74.725875854087349, 40.149196624724482 ], [ -74.739219665455153, 40.177616119588322 ], [ -74.843154906973325, 40.248344421557874 ], [ -74.881050109474927, 40.299484252796105 ], [ -74.921539306593672, 40.313926696659792 ], [ -74.932891845382301, 40.333667755362683 ], [ -74.950576782292615, 40.345367431561783 ], [ -74.973228454529533, 40.40434265109252 ], [ -75.000862121789453, 40.408515929866326 ], [ -75.021652221672639, 40.401218414398386 ], [ -75.057838439792135, 40.420066833917303 ], [ -75.07050323513613, 40.456150055380817 ], [ -75.064064025434391, 40.520900726487412 ], [ -75.080169677288723, 40.54525375325818 ], [ -75.124908447167059, 40.564697265866187 ], [ -75.182662963824669, 40.556697845729047 ], [ -75.197952270480869, 40.570583343946225 ], [ -75.193893432236052, 40.583667754863029 ], [ -75.200767517207112, 40.614643096901432 ], [ -75.198318481612603, 40.634105682331437 ], [ -75.209297180320561, 40.650638580506154 ], [ -75.18444061234436, 40.669692993337037 ], [ -75.205734252533716, 40.685962677035945 ], [ -75.188133239457386, 40.723758697805692 ], [ -75.194023132461552, 40.747905731264552 ], [ -75.170692444200881, 40.774711608553957 ], [ -75.13069915754005, 40.772609710369863 ], [ -75.100921630628704, 40.791561126544821 ], [ -75.089591979586146, 40.82129287706465 ], [ -75.099922179864677, 40.839187622211057 ], [ -75.055000305319822, 40.855575561363139 ], [ -75.056869506622377, 40.87194824261735 ], [ -75.074066162023712, 40.884529114127361 ], [ -75.080116271948327, 40.903251648344963 ], [ -75.135902404672208, 40.962841033786731 ], [ -75.139678954719955, 40.977432250697859 ], [ -75.116996764888768, 41.000152587971627 ], [ -75.070358276113495, 41.010620117424537 ], [ -75.035636901621672, 41.028106689072501 ], [ -75.001533507965007, 41.062389373370934 ], [ -74.966674804298748, 41.08258056614028 ], [ -74.989265442246335, 41.081665039210236 ], [ -74.984977722044221, 41.099285126007828 ], [ -74.950378417929585, 41.111759185937728 ], [ -74.915153503131648, 41.141010284796835 ], [ -74.863273620681014, 41.206676482833473 ], [ -74.866798401025335, 41.226722717479504 ], [ -74.825584411491377, 41.282611846859311 ], [ -74.794532775467189, 41.295120239307664 ], [ -74.792053222278355, 41.311870574667353 ], [ -74.700454711515704, 41.350479125711161 ], [ -74.372383117286972, 41.1957550052893 ], [ -74.242767333645475, 41.137531280843973 ], [ -74.213447570648839, 41.123516082401352 ], [ -73.897117614985916, 40.998432159716458 ], [ -73.896568298288287, 40.96077346812109 ], [ -73.909385680704588, 40.927215576237927 ], [ -73.922813415906376, 40.885940551515318 ], [ -73.977478027488928, 40.797386169436209 ], [ -74.006675720108376, 40.737628936326416 ], [ -74.006599426122591, 40.703899383649684 ], [ -74.129470825018529, 40.646968841139142 ], [ -74.11594390898415, 40.705524444197806 ], [ -74.147270202457833, 40.675376892129918 ], [ -74.20866393998881, 40.591083526683462 ], [ -74.279319762896705, 40.514198303209184 ], [ -74.269325256155582, 40.463642120287659 ], [ -74.224914550865776, 40.443477630188511 ], [ -74.122299193952585, 40.451351165923597 ], [ -73.97885894818188, 40.323505401852856 ], [ -74.039649963674833, 40.101726531953943 ], [ -74.091842651017487, 40.1159706114546 ], [ -74.08419036829082, 40.088066100769993 ], [ -74.034713745043234, 40.091251373552097 ], [ -74.0502090450114, 40.05673980729631 ], [ -74.12259674094679, 40.051445007381233 ], [ -74.0777511594884, 40.042156219334117 ], [ -74.159645080655935, 39.878486633351486 ], [ -74.17184448223702, 39.718154907223266 ], [ -74.238090515464876, 39.623928070224338 ], [ -74.323753356831901, 39.57196807886379 ], [ -74.329261779907199, 39.523509979202231 ], [ -74.412796020419989, 39.54250335684452 ], [ -74.401527404566025, 39.502510071082952 ], [ -74.460823058837036, 39.426639557169892 ], [ -74.447906493789617, 39.380958556791995 ], [ -74.658630370994786, 39.287136077468062 ], [ -74.622924804536069, 39.281517028787903 ], [ -74.624984741252774, 39.250713348442332 ], [ -74.802680969551091, 39.026260375915683 ], [ -74.879638672087026, 38.989730835309842 ], [ -74.876686096186347, 38.956569671253362 ], [ -74.968505859058098, 38.971626281927399 ], [ -74.890586853200659, 39.11374664309318 ], [ -74.917037964130714, 39.170524596732832 ], [ -75.014785766549835, 39.198249816775672 ], [ -75.120330810718315, 39.184577941718715 ], [ -75.4160308834185, 39.374858856451112 ], [ -75.553115845120089, 39.490402221385466 ], [ -75.517044067529639, 39.566455840864421 ], [ -75.57058715797092, 39.61762237567217 ], [ -75.489639282227074, 39.714744568307253 ] ] ] ] } },
{ "type": "Feature", "properties": { "STATE_NAME": "Indiana", "STATE_ABBR": "IN", "ELECT_VOTE": 11.0, "WON_12": "R", "WON_16": "T", "F2016Result": "Rep", "WON_20": "T", "F2020Result": "Rep", "Shape_Length": 16.110116981666941, "Shape_Area": 9.9319073142890986, "WON_24": "T", "F2024Result": "Rep" }, "geometry": { "type": "MultiPolygon", "coordinates": [ [ [ [ -86.341629028556781, 38.177223205286737 ], [ -86.364372253576619, 38.193225860485143 ], [ -86.388328552520647, 38.194744110352474 ], [ -86.387123107545335, 38.167957305885011 ], [ -86.343147277524793, 38.155494689828117 ], [ -86.33544158945773, 38.143962860397721 ], [ -86.344062805354156, 38.134204864562889 ], [ -86.39369964642151, 38.123229980779058 ], [ -86.407203674709763, 38.108154297283022 ], [ -86.452545165726804, 38.129692077327547 ], [ -86.464866638584454, 38.129093170213707 ], [ -86.474357605019406, 38.111644745108947 ], [ -86.442543030036745, 38.08863449068923 ], [ -86.442489623797087, 38.075931548801975 ], [ -86.458389282339454, 38.059097289608303 ], [ -86.503135681166725, 38.051586150980143 ], [ -86.519111633694877, 38.046985625885952 ], [ -86.527854919069227, 38.018630981134947 ], [ -86.5308685301585, 37.987415314165446 ], [ -86.516921996752728, 37.942180633829253 ], [ -86.52275848351718, 37.927810669027224 ], [ -86.541107177654112, 37.921455383159469 ], [ -86.581802368084766, 37.925605774187204 ], [ -86.598327636411227, 37.92101287804195 ], [ -86.61479949939735, 37.857917785977065 ], [ -86.645584106021658, 37.845943450529887 ], [ -86.665939330635581, 37.847324371222783 ], [ -86.670684814752349, 37.860584258756603 ], [ -86.660324096879549, 37.902515411756895 ], [ -86.668670654427103, 37.913139343206183 ], [ -86.689140319570072, 37.911796569955811 ], [ -86.728889465476414, 37.894565582036023 ], [ -86.753837585336271, 37.898303985540565 ], [ -86.802825927974141, 37.97874450695349 ], [ -86.826316833155261, 37.991504669105268 ], [ -86.863281249929685, 37.986865997467874 ], [ -86.90008544888434, 37.953643799122062 ], [ -86.931579590026047, 37.937988281334185 ], [ -86.989036559689453, 37.930564880564816 ], [ -87.013160705402186, 37.92471313500323 ], [ -87.036483764713921, 37.907955169795287 ], [ -87.071311950785855, 37.807086944706782 ], [ -87.106430054003738, 37.784202575588438 ], [ -87.131881714169708, 37.78968811001829 ], [ -87.158081054497018, 37.826919555293273 ], [ -87.175781250204523, 37.838592529721495 ], [ -87.226760864522248, 37.849071503047469 ], [ -87.272743225019781, 37.870773315835891 ], [ -87.310554504586662, 37.893672942852106 ], [ -87.387542724716923, 37.934925078929325 ], [ -87.452278137026383, 37.936477661315053 ], [ -87.504791260008631, 37.915584563876564 ], [ -87.604309081998508, 37.971115111972892 ], [ -87.627120972055195, 37.923412323220191 ], [ -87.594703674135189, 37.890724181875555 ], [ -87.593620300436498, 37.86486816403459 ], [ -87.607574462791206, 37.843776703132392 ], [ -87.651679993037192, 37.828132629217521 ], [ -87.684700012095846, 37.83633041371769 ], [ -87.679702759174972, 37.897006988681653 ], [ -87.709388733303342, 37.899711608903658 ], [ -87.728179931658474, 37.894542694289953 ], [ -87.753761291150624, 37.898086547456273 ], [ -87.823623657505777, 37.878211975402394 ], [ -87.857162475667678, 37.890903472517323 ], [ -87.899009704833986, 37.924552917183462 ], [ -87.921867370382813, 37.91986465423048 ], [ -87.934455871741079, 37.904159546026278 ], [ -87.936820983501548, 37.875179290591859 ], [ -87.910202026702109, 37.838569641076106 ], [ -87.920143127203517, 37.809684753348733 ], [ -87.939582824887395, 37.799507141041772 ], [ -87.958709716779993, 37.776180267705229 ], [ -88.011192322167915, 37.801307678206854 ], [ -88.035575866532952, 37.80568313626776 ], [ -88.086029052798494, 37.817611694424215 ], [ -88.089263915996867, 37.831249236962776 ], [ -88.042137145712672, 37.827522278230617 ], [ -88.034240722231516, 37.843746185538066 ], [ -88.075736999063224, 37.867809296062205 ], [ -88.101455688629073, 37.895305633248427 ], [ -88.100082397784377, 37.906169891427396 ], [ -88.044868469504252, 37.896003722993498 ], [ -88.026588439504849, 37.905757903904203 ], [ -88.0304412844377, 37.917591095252874 ], [ -88.083999633676115, 37.923660277999488 ], [ -88.078941345566591, 37.944000243816276 ], [ -88.064620972080149, 37.929782866985761 ], [ -88.041770935480258, 37.93449783350826 ], [ -88.042510986692662, 37.956264495510084 ], [ -88.021705627112965, 37.975055694764535 ], [ -88.029212951716318, 38.008235931642957 ], [ -88.021697998164029, 38.033531188913287 ], [ -88.041473388486054, 38.038303374800932 ], [ -88.04309082008524, 38.045120239507526 ], [ -88.034729003740495, 38.054084777890239 ], [ -87.975296020295048, 38.073307037489826 ], [ -87.964866638284718, 38.096748352254679 ], [ -88.012329101207001, 38.092346191523575 ], [ -88.018547057900378, 38.103302001586144 ], [ -87.973503112978221, 38.131759643892508 ], [ -87.95056915254429, 38.136913299709079 ], [ -87.931991577349379, 38.157527923874625 ], [ -87.932289123444264, 38.171131133894789 ], [ -87.977928161455452, 38.200714111367176 ], [ -87.986007690502504, 38.23481369009977 ], [ -87.980018615766483, 38.241085052133485 ], [ -87.925918578779374, 38.30477142326265 ], [ -87.913650513060702, 38.302345276313531 ], [ -87.914108276076036, 38.281047821200048 ], [ -87.888465881395291, 38.300659179677439 ], [ -87.883445739828971, 38.315551757607579 ], [ -87.874038696328739, 38.316787719277897 ], [ -87.863006591381065, 38.28536224407236 ], [ -87.85008239738471, 38.286098480360636 ], [ -87.834503173582561, 38.352523803330939 ], [ -87.784019470622013, 38.378124237443672 ], [ -87.748428344692343, 38.417964935233613 ], [ -87.738952637054524, 38.445480347040416 ], [ -87.758659363238962, 38.457096099405533 ], [ -87.756095886216144, 38.466125487901024 ], [ -87.692817687686102, 38.481533050909604 ], [ -87.679908752486881, 38.504005432504755 ], [ -87.653533935542669, 38.500442504717853 ], [ -87.651390075891243, 38.515369415166447 ], [ -87.672943115632222, 38.54742431597947 ], [ -87.652854919518859, 38.573871612884659 ], [ -87.640594482749123, 38.593177795418967 ], [ -87.619827270612006, 38.59920883162232 ], [ -87.628646850871405, 38.622917174887789 ], [ -87.625190734664614, 38.642810821562193 ], [ -87.588478088492934, 38.67216873200141 ], [ -87.543891906586168, 38.685974121308732 ], [ -87.508316040352952, 38.736633300886183 ], [ -87.508003234561613, 38.769721984981686 ], [ -87.519027709661032, 38.776699066608671 ], [ -87.507888794032567, 38.795558929101333 ], [ -87.550506592005604, 38.857891083107063 ], [ -87.559059142865124, 38.869812011415263 ], [ -87.539199828709116, 38.904861450495616 ], [ -87.53018188498595, 38.93191909748839 ], [ -87.533470153524718, 38.963703155776045 ], [ -87.547904968439525, 38.977077483838855 ], [ -87.591857909814621, 38.994083404725416 ], [ -87.581748962544566, 38.995742797791934 ], [ -87.585319519280347, 39.062435150162116 ], [ -87.612007141116635, 39.084606170738255 ], [ -87.630867004508616, 39.088973998950962 ], [ -87.631668090909614, 39.103942870866831 ], [ -87.662261963019148, 39.113468169820237 ], [ -87.659454346141104, 39.130653381348509 ], [ -87.670326233269009, 39.146678924292985 ], [ -87.64425659136856, 39.168506622382779 ], [ -87.607925415125749, 39.196067809681722 ], [ -87.594207763677332, 39.198127746398427 ], [ -87.58859252902198, 39.208465576525214 ], [ -87.584564209270809, 39.248752594356802 ], [ -87.606895446767396, 39.258163451881842 ], [ -87.615798949961516, 39.281417847056048 ], [ -87.610618591474804, 39.297660828084815 ], [ -87.62523651105613, 39.307403564223137 ], [ -87.597663878984804, 39.338268279757358 ], [ -87.540214538270277, 39.350524902502286 ], [ -87.538566589076765, 39.477447509794786 ], [ -87.535575866632882, 39.60934066733796 ], [ -87.535774230995912, 39.887302398686813 ], [ -87.535339355726649, 40.166194915762787 ], [ -87.535675049264057, 40.483245849816171 ], [ -87.537170410485999, 40.494609832477863 ], [ -87.53266906712372, 40.745410919278527 ], [ -87.532020568694236, 41.009929656628401 ], [ -87.531730651548287, 41.173755645506674 ], [ -87.532447815014621, 41.301303863482588 ], [ -87.53264617937765, 41.469715118657859 ], [ -87.529861450245676, 41.723590850837127 ], [ -87.463668823257535, 41.671588898009304 ], [ -87.419265746916665, 41.676330566302624 ], [ -87.441932677950717, 41.658077239872796 ], [ -87.394706725934611, 41.634155273447163 ], [ -87.233818054159826, 41.626152038385897 ], [ -86.942428588508506, 41.716464996162699 ], [ -86.834800719877308, 41.765464782673632 ], [ -86.525161742720229, 41.765495300267958 ], [ -86.234558105572091, 41.764816284244148 ], [ -86.068298339896444, 41.764579773337914 ], [ -85.799232482792831, 41.76348495486684 ], [ -85.659469604438641, 41.762577056885732 ], [ -85.297233581364651, 41.7635307312583 ], [ -85.193168640520298, 41.762817382716094 ], [ -84.826049805054424, 41.761825561800265 ], [ -84.788520812785237, 41.760910033970958 ], [ -84.790420532581493, 41.697444915850213 ], [ -84.791412353497265, 41.530441284038091 ], [ -84.791938781549504, 41.42784881577029 ], [ -84.791015624771205, 41.283767700519036 ], [ -84.791625976657485, 41.253082275626582 ], [ -84.790565490704807, 40.988292693952701 ], [ -84.791061401162722, 40.937660217045448 ], [ -84.793098450133357, 40.728813170991089 ], [ -84.793289184648131, 40.588691711353476 ], [ -84.794593811355298, 40.353004455491259 ], [ -84.795425415350621, 40.319454193456295 ], [ -84.803604126129471, 40.013942718681562 ], [ -84.806190490898416, 39.917118072141363 ], [ -84.80873870822478, 39.733249664440507 ], [ -84.811080932239179, 39.563999176320976 ], [ -84.811149597276028, 39.51311111478617 ], [ -84.812072754054327, 39.312278747666141 ], [ -84.812118530445787, 39.302974700821835 ], [ -84.811531067204953, 39.102527618554802 ], [ -84.82791137650878, 39.103630065974812 ], [ -84.886756896713393, 39.064987182412608 ], [ -84.890045166151481, 39.050590514940382 ], [ -84.876342773500141, 39.032836913892538 ], [ -84.844276427914792, 39.005771637051453 ], [ -84.83449554433389, 38.982715606240276 ], [ -84.846366882225823, 38.954570770624628 ], [ -84.875930785976948, 38.927543640326803 ], [ -84.87530517619291, 38.90937042280683 ], [ -84.859794616528291, 38.901981353656595 ], [ -84.803276062440318, 38.897129058859036 ], [ -84.788719177148266, 38.884323120315798 ], [ -84.787498474275139, 38.866580963140962 ], [ -84.824478149846698, 38.834400177026623 ], [ -84.818832397597021, 38.793346405312434 ], [ -84.975662231127046, 38.7805786133124 ], [ -85.02512359647676, 38.764228820703579 ], [ -85.068504333408214, 38.750362396207663 ], [ -85.119705199835039, 38.714076995457049 ], [ -85.160980224557704, 38.695114135409085 ], [ -85.205207824281615, 38.695755004889634 ], [ -85.271438598712336, 38.744316101207176 ], [ -85.335052489880468, 38.736946105778202 ], [ -85.41822814910978, 38.738357544065479 ], [ -85.446731567807547, 38.724781036715513 ], [ -85.453720092408275, 38.694614410027043 ], [ -85.424446105803099, 38.584777831631698 ], [ -85.41750335669451, 38.561412810852573 ], [ -85.432411193421785, 38.536952972501751 ], [ -85.466423034295531, 38.518112182831032 ], [ -85.507240295103486, 38.471355438602643 ], [ -85.612678527691855, 38.446605682206496 ], [ -85.643630981084868, 38.383621215746587 ], [ -85.654266357306483, 38.337684631640514 ], [ -85.681427001854615, 38.300884246710666 ], [ -85.746963500565073, 38.270244598209672 ], [ -85.786247253607826, 38.282321930312889 ], [ -85.806587219424614, 38.286109924233642 ], [ -85.839942932020676, 38.276222229072687 ], [ -85.852371215559117, 38.238491058415661 ], [ -85.912109374947647, 38.179931640432926 ], [ -85.914787292499511, 38.064804077046574 ], [ -85.930908203151034, 38.033977508954933 ], [ -85.958618164396739, 38.011768340936214 ], [ -86.006698608154181, 38.001693725285236 ], [ -86.031654357862294, 37.992877959949965 ], [ -86.05274963368862, 37.966712951241732 ], [ -86.105018615916379, 38.011264800630101 ], [ -86.190650939689078, 38.017688751534706 ], [ -86.252182006394435, 38.040653228663643 ], [ -86.277725219343381, 38.058105468692474 ], [ -86.291465759437187, 38.078422546763193 ], [ -86.297698974927698, 38.150238037355564 ], [ -86.341629028556781, 38.177223205286737 ] ] ] ] } },
{ "type": "Feature", "properties": { "STATE_NAME": "Nevada", "STATE_ABBR": "NV", "ELECT_VOTE": 6.0, "WON_12": "O", "WON_16": "C", "F2016Result": "Dem", "WON_20": "B", "F2020Result": "Dem", "Shape_Length": 23.608488335544511, "Shape_Area": 29.969228368901991, "WON_24": "T", "F2024Result": "Rep Pickup" }, "geometry": { "type": "MultiPolygon", "coordinates": [ [ [ [ -119.151466369877028, 38.411884307714672 ], [ -119.317832947132786, 38.52719497666692 ], [ -119.574684142958802, 38.703002929941306 ], [ -119.888328552120925, 38.922344208118773 ], [ -119.994239807421138, 38.994197845254405 ], [ -119.994132995841028, 39.063583373973586 ], [ -119.993522643954805, 39.106224059692636 ], [ -119.994506835921698, 39.158805846812413 ], [ -119.994277953964342, 39.311637878185593 ], [ -119.994979858633542, 39.443592071816738 ], [ -119.995132446605112, 39.720703125448949 ], [ -119.995277404728427, 41.177669524728856 ], [ -119.992401122813533, 41.989315033162313 ], [ -119.350654601828353, 41.988960265903586 ], [ -119.309906006057304, 41.989242554100656 ], [ -118.184326172215037, 41.996742248855753 ], [ -117.017906188919426, 41.994903564248148 ], [ -116.991355896257573, 41.994903564248148 ], [ -115.946617126579099, 41.994697570936182 ], [ -115.023979186989834, 41.996597289833119 ], [ -114.268615722637435, 41.996009826592285 ], [ -114.038223266690352, 41.995475768691847 ], [ -114.037307738861045, 40.997760772641584 ], [ -114.037269592317784, 40.111110686808786 ], [ -114.039009094294215, 39.908840179630658 ], [ -114.039276122794774, 39.538742065593908 ], [ -114.04344940156858, 38.679042816073149 ], [ -114.044273376615024, 38.571140289093137 ], [ -114.046463012657853, 38.137691497464687 ], [ -114.046447753860718, 37.598506927153039 ], [ -114.043136596676561, 36.996562957414596 ], [ -114.042915344567461, 36.841873168611869 ], [ -114.036598205242967, 36.216037750042176 ], [ -114.044311523158228, 36.19399261476741 ], [ -114.106979369802048, 36.121105194349298 ], [ -114.128227233599944, 36.041744232610313 ], [ -114.205970763739742, 36.01726913456298 ], [ -114.232673645272484, 36.018344879312792 ], [ -114.306785583487851, 36.062248230271678 ], [ -114.303054809831565, 36.087123871069821 ], [ -114.315292357955911, 36.111454010094519 ], [ -114.343429565522001, 36.137496948425508 ], [ -114.379997253570366, 36.151008605662696 ], [ -114.443138122925973, 36.121070861830844 ], [ -114.465805053960025, 36.124729156425474 ], [ -114.529762268513821, 36.155109405374787 ], [ -114.598121642899457, 36.138355255091028 ], [ -114.620796203781765, 36.141986847015403 ], [ -114.711944580477962, 36.105201720882746 ], [ -114.727333068866017, 36.085983276207287 ], [ -114.728149414064148, 36.058773040343567 ], [ -114.716857910464171, 36.036777496384389 ], [ -114.735397339115877, 35.987667083369274 ], [ -114.698463439935779, 35.911628723586773 ], [ -114.660789489543276, 35.880489349703794 ], [ -114.661651611132925, 35.870975494623451 ], [ -114.68905639643549, 35.847457885872814 ], [ -114.681930541761062, 35.764717101912765 ], [ -114.688011169280003, 35.732608794860028 ], [ -114.664283752293272, 35.693111419556431 ], [ -114.66767883331147, 35.656410217257758 ], [ -114.653259277193854, 35.646595001158403 ], [ -114.639060974084657, 35.611358642487403 ], [ -114.652328491466676, 35.584842681444627 ], [ -114.648986816688193, 35.54664611792407 ], [ -114.671409606967757, 35.515762328668586 ], [ -114.644592284905968, 35.450767516807502 ], [ -114.588783264436074, 35.358383178440988 ], [ -114.587089538851103, 35.304771422962858 ], [ -114.558784484516309, 35.220184326345645 ], [ -114.560241699195046, 35.174346923971427 ], [ -114.571456908809239, 35.140068054597066 ], [ -114.581817626682096, 35.13256072999377 ], [ -114.625640868731068, 35.133907318168269 ], [ -114.635108947419951, 35.11865615805533 ], [ -114.59483337436069, 35.076057433803555 ], [ -114.632980346565716, 35.041862487363971 ], [ -114.620269775729525, 34.998912811676973 ], [ -115.625358581233513, 35.795722961545493 ], [ -115.884918213105038, 36.001258850415638 ], [ -117.159523010678356, 36.959655761804015 ], [ -117.837760925726116, 37.457366943030024 ], [ -118.416465759087487, 37.886745452540652 ], [ -119.151466369877028, 38.411884307714672 ] ] ] ] } },
{ "type": "Feature", "properties": { "STATE_NAME": "Utah", "STATE_ABBR": "UT", "ELECT_VOTE": 6.0, "WON_12": "R", "WON_16": "T", "F2016Result": "Rep", "WON_20": "T", "F2020Result": "Rep", "Shape_Length": 19.992025145928121, "Shape_Area": 22.966968691795188, "WON_24": "T", "F2024Result": "Rep" }, "geometry": { "type": "MultiPolygon", "coordinates": [ [ [ [ -114.046463012657853, 38.137691497464687 ], [ -114.044273376615024, 38.571140289093137 ], [ -114.04344940156858, 38.679042816073149 ], [ -114.039276122794774, 39.538742065593908 ], [ -114.039009094294215, 39.908840179630658 ], [ -114.037269592317784, 40.111110686808786 ], [ -114.037307738861045, 40.997760772641584 ], [ -114.038223266690352, 41.995475768691847 ], [ -112.988754272591564, 42.001228332521578 ], [ -112.146324157533797, 41.999130249261668 ], [ -112.099723816201106, 42.002376556333047 ], [ -111.493820190849078, 42.000240325630557 ], [ -111.047950744631123, 41.996265411219781 ], [ -111.050323486239847, 41.578647613096905 ], [ -111.050910949480681, 41.258480072197642 ], [ -111.050285339696643, 40.996635436576184 ], [ -110.062477111629391, 40.997940063283352 ], [ -110.001457214179084, 40.997646332112595 ], [ -109.047637939239451, 40.99847412118379 ], [ -109.04547882079089, 40.665328979149137 ], [ -109.050590515140129, 40.210544585864 ], [ -109.051887511999041, 39.657409668121716 ], [ -109.052864075016998, 39.518196105565892 ], [ -109.050750732060578, 39.360988617031126 ], [ -109.053283691489128, 38.494663238217925 ], [ -109.055198669183198, 38.244930267218137 ], [ -109.042800903239083, 38.152942657577626 ], [ -109.042541503687403, 37.887428283488532 ], [ -109.044937133941517, 37.630828857365941 ], [ -109.047821044805346, 36.996643066324509 ], [ -109.99639892606956, 36.992065429875765 ], [ -110.451545715562304, 36.991748810059562 ], [ -110.483398437088169, 37.003929137919442 ], [ -110.739372253426723, 37.002490996961967 ], [ -111.355453491085711, 37.001720428155295 ], [ -112.236511230908548, 36.995506286386046 ], [ -112.541763305232337, 36.99800872822027 ], [ -112.899215698545618, 36.996242523573642 ], [ -114.043136596676561, 36.996562957414596 ], [ -114.046447753860718, 37.598506927153039 ], [ -114.046463012657853, 38.137691497464687 ] ] ] ] } },
{ "type": "Feature", "properties": { "STATE_NAME": "California", "STATE_ABBR": "CA", "ELECT_VOTE": 54.0, "WON_12": "O", "WON_16": "C", "F2016Result": "Dem", "WON_20": "B", "F2020Result": "Dem", "Shape_Length": 42.259692417511047, "Shape_Area": 41.53308567138663, "WON_24": "H", "F2024Result": "Dem" }, "geometry": { "type": "MultiPolygon", "coordinates": [ [ [ [ -121.664154052467495, 38.169368744172232 ], [ -121.781295776179093, 38.066856383915024 ], [ -121.901695251734452, 38.07299041767368 ], [ -121.983474731473621, 38.139583587412687 ], [ -122.231163024553894, 38.071159362914329 ], [ -122.271919250173198, 38.159500121833219 ], [ -122.314674377320614, 38.20601654023119 ], [ -122.33782196001539, 38.193664550678534 ], [ -122.28427124062523, 38.159393310253108 ], [ -122.2716903682159, 38.097564697452867 ], [ -122.397377013838081, 38.161418914451417 ], [ -122.42811584497025, 38.113887786492228 ], [ -122.487846374510525, 38.113494872690296 ], [ -122.527557372974343, 38.15075302153474 ], [ -122.473457335987234, 38.085536956665294 ], [ -122.505363464652135, 38.018730163766122 ], [ -122.440696716480261, 37.983032226256285 ], [ -122.488937378057528, 37.931842803702466 ], [ -122.457176208415262, 37.834293365646374 ], [ -122.514640807926924, 37.822177886999953 ], [ -122.665298462054352, 37.906993865574464 ], [ -122.690628051843078, 37.894466400304168 ], [ -122.821090698277089, 38.007747650133979 ], [ -122.920074463265848, 38.030696868465782 ], [ -122.955490112578616, 37.990829468005586 ], [ -123.00962066626073, 37.994537353915803 ], [ -122.938163756951781, 38.153343200328493 ], [ -122.993537903051731, 38.297309875050757 ], [ -123.047683715531036, 38.294223785799147 ], [ -123.120429992749905, 38.433685303134268 ], [ -123.296821594341054, 38.547420501954662 ], [ -123.522766113165574, 38.757747650433771 ], [ -123.720771789686296, 38.924861907850811 ], [ -123.682319641538186, 39.041900634906426 ], [ -123.812591552558047, 39.347911835063201 ], [ -123.753524780244391, 39.551994324178793 ], [ -123.782402039022827, 39.68722915650045 ], [ -123.83697509782246, 39.826522827066867 ], [ -124.006500244290805, 39.998714447214013 ], [ -124.093414307024602, 40.100513458029695 ], [ -124.344146728788473, 40.252571105672018 ], [ -124.33494567860015, 40.327697754347923 ], [ -124.391471862536378, 40.435382843243701 ], [ -124.108268737512219, 40.978363037324357 ], [ -124.148521423724674, 41.128986358933389 ], [ -124.070419311402077, 41.313987731648524 ], [ -124.056770324990453, 41.458320617502523 ], [ -124.143020629598368, 41.727355957011866 ], [ -124.241905211955952, 41.776920319017563 ], [ -124.206306457077289, 41.848491668855502 ], [ -124.205245972023931, 41.997814178681438 ], [ -123.817962646458909, 41.993114471855449 ], [ -123.512031555212047, 41.997993469323205 ], [ -123.220939636554931, 42.002346038738722 ], [ -122.283576964904967, 42.000900268832368 ], [ -121.440406799534117, 41.994457245105821 ], [ -120.870826721475964, 41.987789154346046 ], [ -119.992401122813533, 41.989315033162313 ], [ -119.995277404728427, 41.177669524728856 ], [ -119.995132446605112, 39.720703125448949 ], [ -119.994979858633542, 39.443592071816738 ], [ -119.994277953964342, 39.311637878185593 ], [ -119.994506835921698, 39.158805846812413 ], [ -119.993522643954805, 39.106224059692636 ], [ -119.994132995841028, 39.063583373973586 ], [ -119.994239807421138, 38.994197845254405 ], [ -119.888328552120925, 38.922344208118773 ], [ -119.574684142958802, 38.703002929941306 ], [ -119.317832947132786, 38.52719497666692 ], [ -119.151466369877028, 38.411884307714672 ], [ -118.416465759087487, 37.886745452540652 ], [ -117.837760925726116, 37.457366943030024 ], [ -117.159523010678356, 36.959655761804015 ], [ -115.884918213105038, 36.001258850415638 ], [ -115.625358581233513, 35.795722961545493 ], [ -114.620269775729525, 34.998912811676973 ], [ -114.631477356394839, 34.997650146437138 ], [ -114.620208740540932, 34.943607330613872 ], [ -114.629676819229815, 34.919498443698274 ], [ -114.626464843777512, 34.875530242626667 ], [ -114.569419860737923, 34.83185577362508 ], [ -114.54124450662863, 34.75995254517386 ], [ -114.524757384845373, 34.748905182328372 ], [ -114.497009277056463, 34.744750976376508 ], [ -114.464843749739202, 34.709865570040051 ], [ -114.42147827160494, 34.61088561997542 ], [ -114.433509826417321, 34.598953246894894 ], [ -114.408950805435268, 34.583713531554281 ], [ -114.376037597956724, 34.536552428751634 ], [ -114.383071899848289, 34.477073669814047 ], [ -114.37571716321645, 34.459667206176675 ], [ -114.331848144776018, 34.454860686871257 ], [ -114.302078246813608, 34.435741424826972 ], [ -114.282608032434723, 34.412055969307573 ], [ -114.257057189637578, 34.405475616406648 ], [ -114.1812973022287, 34.36519241349913 ], [ -114.15263366661037, 34.336433411073131 ], [ -114.133346557797381, 34.314533233921679 ], [ -114.124450683552197, 34.272605895845459 ], [ -114.149131774911439, 34.266963958519909 ], [ -114.234992980641493, 34.186206817290838 ], [ -114.284584045317388, 34.171215057628842 ], [ -114.322013854955401, 34.141281127821856 ], [ -114.409378051755652, 34.102638244259595 ], [ -114.423240661327441, 34.078315735083152 ], [ -114.428192138756174, 34.029827117827267 ], [ -114.517417907910101, 33.965045929126404 ], [ -114.524841308679413, 33.952396392579487 ], [ -114.497398376833587, 33.92501831084644 ], [ -114.520172119447693, 33.862907409849129 ], [ -114.510932922716165, 33.841945648273111 ], [ -114.520332336368199, 33.826011658111611 ], [ -114.503768920599157, 33.771694183040154 ], [ -114.509498595783555, 33.743179321368643 ], [ -114.494888306050427, 33.708347320372582 ], [ -114.535644531669789, 33.682712554640716 ], [ -114.524475097547679, 33.665481567620304 ], [ -114.526382446292814, 33.622112274561857 ], [ -114.539459228260739, 33.580482482580578 ], [ -114.528633117524294, 33.560047149956063 ], [ -114.586273193652914, 33.50941848797288 ], [ -114.59729766875239, 33.486099243585272 ], [ -114.620300293323851, 33.468570709570656 ], [ -114.629783630809868, 33.439395904697278 ], [ -114.644302367760019, 33.419086456474815 ], [ -114.724143982059104, 33.41102981607321 ], [ -114.702812194427224, 33.352386474256434 ], [ -114.734634399258084, 33.305675506419561 ], [ -114.676902771245864, 33.26798248320506 ], [ -114.686920165733056, 33.23922347987974 ], [ -114.679260254057453, 33.224559783906955 ], [ -114.677330016666929, 33.16721343984841 ], [ -114.708671569837065, 33.122337341695015 ], [ -114.710563659785009, 33.095344543016324 ], [ -114.663162231152, 33.038883209192818 ], [ -114.644371032796869, 33.044372558546797 ], [ -114.633178710928746, 33.03352737408909 ], [ -114.609138489049997, 33.026962279985298 ], [ -114.558303832855586, 33.03674316446552 ], [ -114.51984405485922, 33.027667999578568 ], [ -114.467605591125107, 32.977748871213464 ], [ -114.475662231526712, 32.93586730952876 ], [ -114.460655212168263, 32.845378876034374 ], [ -114.525436401768502, 32.80986785901456 ], [ -114.534294128571162, 32.788002014381505 ], [ -114.529312133548103, 32.771366119550805 ], [ -114.542404175212482, 32.771186828909094 ], [ -114.542221069646587, 32.760704040658993 ], [ -114.560798644841555, 32.760707855583121 ], [ -114.559967040846232, 32.748889923031584 ], [ -114.57142639121497, 32.748783111451473 ], [ -114.571174621511545, 32.737392425220321 ], [ -114.602737426790782, 32.735839843733856 ], [ -114.603157043262911, 32.726238250794665 ], [ -114.693252563854685, 32.741378784403423 ], [ -114.711906433035438, 32.734966278271202 ], [ -114.721260071195275, 32.720809936629337 ], [ -116.106124877660932, 32.619407653640337 ], [ -117.127235412983907, 32.535724640080105 ], [ -117.198944091996225, 32.718391418629096 ], [ -117.119743347177689, 32.602817535201154 ], [ -117.12366485624807, 32.678878784528308 ], [ -117.197906493789617, 32.738883972417455 ], [ -117.247337341545062, 32.680042267136969 ], [ -117.28445434539168, 32.851173400432117 ], [ -117.253997802456581, 32.888126373333535 ], [ -117.327568053822574, 33.11144256592172 ], [ -117.409271240475334, 33.234054565266035 ], [ -117.596450805360348, 33.394504546847429 ], [ -118.105819702217445, 33.747547149581351 ], [ -118.245712279897759, 33.773906707728429 ], [ -118.285987853856341, 33.703887939376955 ], [ -118.404182433672361, 33.738433838151138 ], [ -118.42804717983347, 33.775432586544696 ], [ -118.387268066468039, 33.812309265460271 ], [ -118.411201476766678, 33.88295364359584 ], [ -118.540939330785477, 34.0372428896477 ], [ -118.787193298731722, 34.018249512005411 ], [ -118.938430786251729, 34.040073395171078 ], [ -119.215393066836555, 34.146335601906571 ], [ -119.265823364456651, 34.238094329589671 ], [ -119.482055663837798, 34.374866485499979 ], [ -119.605331421307994, 34.416439056317472 ], [ -119.868461609016038, 34.404800415306966 ], [ -120.01052093499311, 34.461669921729538 ], [ -120.13918304426204, 34.471912384149277 ], [ -120.455207824881199, 34.442512512242672 ], [ -120.508407592836079, 34.521389007396806 ], [ -120.640289306506247, 34.572353362917397 ], [ -120.600624084433889, 34.704040527148663 ], [ -120.630668639845794, 34.759925842503662 ], [ -120.607154846019284, 34.855636596851525 ], [ -120.66493988027122, 34.903831482037333 ], [ -120.643333435189845, 34.972660065109949 ], [ -120.615760803118519, 35.074840545854556 ], [ -120.637405395642475, 35.140052795799932 ], [ -120.860328674428729, 35.209278106699344 ], [ -120.882583617939588, 35.259429931945874 ], [ -120.848983764589036, 35.364562988591103 ], [ -120.874198913848772, 35.427791595805559 ], [ -120.990928650037119, 35.456607818496082 ], [ -121.145530700981055, 35.629352569365608 ], [ -121.269226074024061, 35.663566589526511 ], [ -121.328041076634349, 35.801067351876839 ], [ -121.444496154473939, 35.879886626766449 ], [ -121.688751220892073, 36.181171417427038 ], [ -121.88121032689503, 36.306980133426464 ], [ -121.954216003665579, 36.582813263021706 ], [ -121.910354614174082, 36.640468597048141 ], [ -121.866317748964889, 36.607753753932627 ], [ -121.807502746354601, 36.648262023873372 ], [ -121.760330200578267, 36.819034576784361 ], [ -121.790649414338986, 36.85037231413105 ], [ -121.882469177210737, 36.962146758865856 ], [ -122.060256958291973, 36.947555541954728 ], [ -122.172363281640116, 37.000919341754297 ], [ -122.273551940569575, 37.106834411978582 ], [ -122.413551330729319, 37.239181518512339 ], [ -122.388168334700879, 37.352470398190349 ], [ -122.440376281739987, 37.47954177853029 ], [ -122.504592895845406, 37.522964477828452 ], [ -122.497123718684634, 37.700321197665176 ], [ -122.497131347633569, 37.783012390309636 ], [ -122.39984893807798, 37.808696746457713 ], [ -122.345390319807393, 37.725292206170423 ], [ -122.365249633963401, 37.702518463556316 ], [ -122.358589172152563, 37.609851836992732 ], [ -122.088233948038237, 37.452602386091314 ], [ -121.974266052336418, 37.460781097769484 ], [ -122.091949462897389, 37.497375488488046 ], [ -122.198654174750345, 37.735271454114354 ], [ -122.311332702542131, 37.778533935592691 ], [ -122.306472777896374, 37.891838074067891 ], [ -122.370414733652979, 37.90942001342296 ], [ -122.378601074280141, 37.97352218610007 ], [ -122.294441223083936, 38.014873504808463 ], [ -121.999549865733684, 38.05723190322982 ], [ -121.697891234992483, 38.023574828715425 ], [ -121.656684875306723, 38.086181641069913 ], [ -121.575820922497542, 38.094219207750314 ], [ -121.568481445562213, 38.063747406018024 ], [ -121.54640960671793, 38.063552856579122 ], [ -121.571769714100981, 38.113880157543292 ], [ -121.553085327325959, 38.137443542685389 ], [ -121.658515930066073, 38.096546172967578 ], [ -121.664154052467495, 38.169368744172232 ] ] ], [ [ [ -119.866859436213986, 34.075225830008094 ], [ -119.666961669745206, 34.021339416181149 ], [ -119.571632385326268, 34.055778503375279 ], [ -119.522140503281548, 34.034587859841906 ], [ -119.53842163085352, 34.006492614642525 ], [ -119.711578369246297, 33.96527862510851 ], [ -119.846313476185969, 33.9684104916509 ], [ -119.888099670163626, 34.004665374807246 ], [ -119.87302398666759, 34.031871795746838 ], [ -119.926727294928696, 34.059177398418228 ], [ -119.866859436213986, 34.075225830008094 ] ] ], [ [ [ -120.166419982795958, 33.9241600032816 ], [ -120.237579346009966, 34.010887146424693 ], [ -120.045837402574023, 34.04110336263011 ], [ -119.962425231539157, 33.947757720942093 ], [ -120.108215332071893, 33.894809722690582 ], [ -120.166419982795958, 33.9241600032816 ] ] ], [ [ [ -118.593864441290918, 33.480792998897812 ], [ -118.361488342612915, 33.41098403968175 ], [ -118.293685912974468, 33.334419250048427 ], [ -118.303131103917281, 33.307464599711579 ], [ -118.454475403017398, 33.324756621920642 ], [ -118.480430602590218, 33.419525146668263 ], [ -118.555519103823542, 33.434455871141608 ], [ -118.593864441290918, 33.480792998897812 ] ] ], [ [ [ -118.350051879990247, 32.819156647061675 ], [ -118.419197082879066, 32.806076050169622 ], [ -118.510765076047392, 32.89204025255566 ], [ -118.598602294660111, 33.020988464046411 ], [ -118.570571899573451, 33.035938263140395 ], [ -118.540672302284861, 32.987350464152655 ], [ -118.350051879990247, 32.819156647061675 ] ] ] ] } },
{ "type": "Feature", "properties": { "STATE_NAME": "Ohio", "STATE_ABBR": "OH", "ELECT_VOTE": 17.0, "WON_12": "O", "WON_16": "T", "F2016Result": "Rep Pickup", "WON_20": "T", "F2020Result": "Rep", "Shape_Length": 16.130188979142645, "Shape_Area": 11.299890130230205, "WON_24": "T", "F2024Result": "Rep" }, "geometry": { "type": "MultiPolygon", "coordinates": [ [ [ [ -83.27285003649996, 38.609180450617373 ], [ -83.290138244684215, 38.596561431664782 ], [ -83.306625366467472, 38.596240996924507 ], [ -83.320419311901674, 38.606487274268318 ], [ -83.330116271648592, 38.631912231764147 ], [ -83.371513366748445, 38.654922485284544 ], [ -83.453704834010864, 38.663700104076611 ], [ -83.500160217220184, 38.690063476248497 ], [ -83.526641845744564, 38.696037292187327 ], [ -83.618461608616315, 38.677898407185808 ], [ -83.63332366985145, 38.664897918304348 ], [ -83.643272400201056, 38.635787963543748 ], [ -83.655838012913932, 38.623806000046898 ], [ -83.678611755528038, 38.620853424146276 ], [ -83.712905883699534, 38.6354789735758 ], [ -83.770301819073666, 38.650745391586611 ], [ -83.790542602259222, 38.693771362158714 ], [ -83.837608337354823, 38.71180725140357 ], [ -83.857627868431337, 38.744846344183486 ], [ -83.912612914754163, 38.757888793632958 ], [ -83.962234497024383, 38.777576446096191 ], [ -84.053871155229615, 38.763664245208815 ], [ -84.088935852207783, 38.765434264779572 ], [ -84.176818847212019, 38.788429260402097 ], [ -84.228767394699446, 38.812622070252417 ], [ -84.235359191473492, 38.874488830495181 ], [ -84.26158905029439, 38.917411804411302 ], [ -84.290199279673004, 38.944473266328202 ], [ -84.313377379962105, 39.014011383018953 ], [ -84.345840454273514, 39.037750243878691 ], [ -84.391372680704592, 39.035682678213107 ], [ -84.419799804517311, 39.047275542832097 ], [ -84.425743102861873, 39.084663391002721 ], [ -84.444976806334523, 39.11176681528633 ], [ -84.492111206466973, 39.107303619366576 ], [ -84.515357970893604, 39.094135284615732 ], [ -84.593124389678792, 39.0702056883419 ], [ -84.622703552227108, 39.07487487757362 ], [ -84.667541503837299, 39.089565277115923 ], [ -84.742927551165508, 39.142005920137137 ], [ -84.789978027463974, 39.106975555677423 ], [ -84.811531067204953, 39.102527618554802 ], [ -84.812118530445787, 39.302974700821835 ], [ -84.812072754054327, 39.312278747666141 ], [ -84.811149597276028, 39.51311111478617 ], [ -84.811080932239179, 39.563999176320976 ], [ -84.80873870822478, 39.733249664440507 ], [ -84.806190490898416, 39.917118072141363 ], [ -84.803604126129471, 40.013942718681562 ], [ -84.795425415350621, 40.319454193456295 ], [ -84.794593811355298, 40.353004455491259 ], [ -84.793289184648131, 40.588691711353476 ], [ -84.793098450133357, 40.728813170991089 ], [ -84.791061401162722, 40.937660217045448 ], [ -84.790565490704807, 40.988292693952701 ], [ -84.791625976657485, 41.253082275626582 ], [ -84.791015624771205, 41.283767700519036 ], [ -84.791938781549504, 41.42784881577029 ], [ -84.791412353497265, 41.530441284038091 ], [ -84.790420532581493, 41.697444915850213 ], [ -84.384445190393194, 41.707099914129799 ], [ -84.359260558727783, 41.707988739288965 ], [ -83.868698119922271, 41.715942383034587 ], [ -83.76401519734344, 41.716991424214882 ], [ -83.482757568506941, 41.725082397134997 ], [ -83.153823852688618, 41.626041412781035 ], [ -83.003517150895732, 41.538143158080345 ], [ -82.795921325308882, 41.537597656306843 ], [ -82.784797668477609, 41.507366180404972 ], [ -83.070480346690601, 41.456058502398037 ], [ -82.909019470472174, 41.429416656053888 ], [ -82.71704101523062, 41.450473785336953 ], [ -82.548942565846687, 41.39128875757018 ], [ -82.34149932823135, 41.431457519948651 ], [ -82.015739441322125, 41.515270232835007 ], [ -81.962043762009955, 41.501876831050993 ], [ -81.738647460511856, 41.491104125654942 ], [ -81.478424072313032, 41.631668090410074 ], [ -81.362434387337089, 41.724239349266611 ], [ -80.999954223508553, 41.850204468161735 ], [ -80.520797729731385, 41.986816406252217 ], [ -80.522850036599891, 41.850719452340911 ], [ -80.524131774661612, 41.495048523370713 ], [ -80.520202636642352, 41.489234924352331 ], [ -80.52313995374584, 41.129570007250095 ], [ -80.52113342326885, 40.897209167369226 ], [ -80.520515441534371, 40.854106902811395 ], [ -80.522209167119343, 40.637138367141972 ], [ -80.574623107470416, 40.615909576166075 ], [ -80.611755371013544, 40.61999893200516 ], [ -80.637542724716923, 40.613918304486219 ], [ -80.667930602615172, 40.582073211909233 ], [ -80.668823241799146, 40.568214416362252 ], [ -80.633644104291932, 40.539138794120106 ], [ -80.625457763664826, 40.504398345906964 ], [ -80.602035522621236, 40.48047256455726 ], [ -80.62805175738265, 40.398159026917597 ], [ -80.629447936872737, 40.388595581420986 ], [ -80.60945129354235, 40.373207092133669 ], [ -80.604721069121979, 40.306175232201269 ], [ -80.614891052480061, 40.276432036909057 ], [ -80.650314330741708, 40.245609283741487 ], [ -80.678756714250937, 40.194080352726132 ], [ -80.701087951747525, 40.168109893456858 ], [ -80.702262878229192, 40.154018401927772 ], [ -80.738433837551497, 40.035591125230326 ], [ -80.739082335980981, 39.983402251912423 ], [ -80.763252258085231, 39.946941375444169 ], [ -80.759078979311425, 39.921192169183314 ], [ -80.768318176042953, 39.913238525437635 ], [ -80.796211242854554, 39.919765472098902 ], [ -80.808029174506771, 39.915828705130707 ], [ -80.812324523657821, 39.904827117777302 ], [ -80.791038513316721, 39.872272491582294 ], [ -80.798713683789458, 39.856647491388685 ], [ -80.826103210294889, 39.839591980085856 ], [ -80.8192901614118, 39.808925628914722 ], [ -80.870910644310754, 39.759918212555533 ], [ -80.856636047215773, 39.736259460605652 ], [ -80.832481383908714, 39.718757629261233 ], [ -80.832969665417693, 39.703323364481719 ], [ -80.863594055121496, 39.680274963518798 ], [ -80.872924804636, 39.662334441980988 ], [ -80.881286620980745, 39.624004364210066 ], [ -80.912765503325261, 39.607276916596504 ], [ -80.932785034401775, 39.606864929073254 ], [ -80.983818054059896, 39.58172988872343 ], [ -81.032737731660973, 39.544067383103311 ], [ -81.03755187991527, 39.53258895901331 ], [ -81.098411560445129, 39.496376037324296 ], [ -81.117256164140599, 39.467708587681216 ], [ -81.180732727033671, 39.437725067457961 ], [ -81.200469970812492, 39.415821075382382 ], [ -81.225112914729209, 39.408283234084024 ], [ -81.237785339022139, 39.388397216358499 ], [ -81.284179687942185, 39.386997222843604 ], [ -81.338996887496307, 39.353569031185884 ], [ -81.376075744799721, 39.345615386540885 ], [ -81.434135437400471, 39.405948639018504 ], [ -81.448112487501248, 39.410953521787633 ], [ -81.465164184779269, 39.406784057937955 ], [ -81.540802001810903, 39.352634429635259 ], [ -81.557540893297528, 39.332580566040349 ], [ -81.572837829801983, 39.265842438178026 ], [ -81.667671203763007, 39.27042007462677 ], [ -81.689674377570441, 39.26015090953689 ], [ -81.69805145271232, 39.219944000615214 ], [ -81.723220825580597, 39.2131919860214 ], [ -81.759056091365494, 39.175674438524595 ], [ -81.744850158408042, 39.125797271626823 ], [ -81.753707886110021, 39.094642638946709 ], [ -81.786506653059575, 39.077178955044815 ], [ -81.819709777684068, 39.076938629214396 ], [ -81.824417114358312, 39.066337585511235 ], [ -81.813606262419057, 39.044029235760661 ], [ -81.775825500446444, 39.016750335759468 ], [ -81.78187561037106, 38.96844863899355 ], [ -81.762443542535436, 38.930099487501423 ], [ -81.783370971593001, 38.923480987157859 ], [ -81.823921203900397, 38.948387145550385 ], [ -81.841056824113082, 38.937808990492556 ], [ -81.866943359548372, 38.885627747022966 ], [ -81.892837524831862, 38.873371124278037 ], [ -81.915390014437605, 38.88436508178313 ], [ -81.931991576749851, 38.894660949543265 ], [ -81.898750305582098, 38.932144165420937 ], [ -81.927970885947616, 38.984191894640276 ], [ -81.937873839905762, 38.991096496306284 ], [ -81.975326538189165, 38.992927551065691 ], [ -81.999816894134312, 39.015182495475813 ], [ -82.043022155348126, 39.014060974334541 ], [ -82.058639526592856, 38.988986969173368 ], [ -82.085151672711504, 38.977119446205506 ], [ -82.101341247500557, 38.952014923450008 ], [ -82.139450073162322, 38.899318694901922 ], [ -82.146232605350406, 38.83870697005068 ], [ -82.19785308824936, 38.804538727180557 ], [ -82.216880798410102, 38.778858185057231 ], [ -82.184104919206618, 38.71022033649939 ], [ -82.189109801975746, 38.677810669326959 ], [ -82.173789977725278, 38.632106781203049 ], [ -82.184379577555433, 38.594947814989723 ], [ -82.213790893335045, 38.5847511289615 ], [ -82.271026610889351, 38.594806670891217 ], [ -82.290100097441496, 38.579998016795116 ], [ -82.3143692012776, 38.465145110858259 ], [ -82.32930755649852, 38.441867827937983 ], [ -82.394889831600437, 38.428386688295063 ], [ -82.415016174257005, 38.43030929583739 ], [ -82.495109558259458, 38.405750274855336 ], [ -82.547668456733845, 38.400428772270061 ], [ -82.575538634900056, 38.403820037464811 ], [ -82.5867233278193, 38.412437439336429 ], [ -82.613861083721986, 38.472587585348833 ], [ -82.669876098403165, 38.502059936317039 ], [ -82.695693969700926, 38.539062499634724 ], [ -82.742057800127327, 38.552986145294426 ], [ -82.802474975539667, 38.557209014484499 ], [ -82.82710266155857, 38.571582794210656 ], [ -82.853965759112441, 38.600379944079236 ], [ -82.860137939414358, 38.652317046794337 ], [ -82.880119323947611, 38.68322372469521 ], [ -82.873298645216266, 38.718929291153927 ], [ -82.890419006631817, 38.742698669607989 ], [ -82.921409606568034, 38.7463378904813 ], [ -82.972587585248846, 38.719566344811028 ], [ -83.027046203519433, 38.714435577639847 ], [ -83.060981750407393, 38.68564987164433 ], [ -83.111343383890016, 38.664756775105161 ], [ -83.143249511655597, 38.619262695217287 ], [ -83.182037353341173, 38.609764098934079 ], [ -83.24510955765993, 38.624095917192903 ], [ -83.27285003649996, 38.609180450617373 ] ] ] ] } },
{ "type": "Feature", "properties": { "STATE_NAME": "Illinois", "STATE_ABBR": "IL", "ELECT_VOTE": 19.0, "WON_12": "O", "WON_16": "C", "F2016Result": "Dem", "WON_20": "B", "F2020Result": "Dem", "Shape_Length": 19.999011887331889, "Shape_Area": 15.396467334031689, "WON_24": "H", "F2024Result": "Dem" }, "geometry": { "type": "MultiPolygon", "coordinates": [ [ [ [ -88.071563720289419, 37.510990142381218 ], [ -88.087882995303971, 37.476272582813522 ], [ -88.311706543122455, 37.442852020104681 ], [ -88.359176635892993, 37.409309387018652 ], [ -88.419853210856957, 37.420291900650739 ], [ -88.46764373746845, 37.400756836159132 ], [ -88.511322021394108, 37.296852112235229 ], [ -88.501426696384897, 37.25778198235264 ], [ -88.450698852669859, 37.205669403020579 ], [ -88.42251586871231, 37.156909942340008 ], [ -88.450469970712561, 37.098670959097547 ], [ -88.476799011265314, 37.072143555081027 ], [ -88.490699768279626, 37.068180084543314 ], [ -88.517272949586925, 37.064769744727982 ], [ -88.559272765825426, 37.072814941256581 ], [ -88.614219665605049, 37.109046935767537 ], [ -88.688369751262996, 37.135410308838743 ], [ -88.739112853775168, 37.141181945490416 ], [ -88.746505736950155, 37.152107238858036 ], [ -88.863288879378217, 37.202194213991845 ], [ -88.932502746404566, 37.218406677426287 ], [ -88.993171691520331, 37.22003555289848 ], [ -89.065032959403538, 37.185859680180158 ], [ -89.116821289071197, 37.112136840842595 ], [ -89.146347046279118, 37.093185424667638 ], [ -89.169548034314289, 37.064235686827544 ], [ -89.174331664974318, 37.025711059617777 ], [ -89.150245666704109, 36.998439788565463 ], [ -89.129859924495861, 36.988113403211059 ], [ -89.193511963106573, 36.986770629960631 ], [ -89.210052490230225, 37.028972625486347 ], [ -89.23767852764189, 37.041732787638068 ], [ -89.264053344586159, 37.087123870870016 ], [ -89.284233093482442, 37.091243744303426 ], [ -89.303291321237452, 37.085384368893585 ], [ -89.309700012445603, 37.060909270846253 ], [ -89.264244080000253, 37.027732848891901 ], [ -89.262001037717653, 37.008686065909274 ], [ -89.282768249854826, 36.999206543347327 ], [ -89.310981750507324, 37.009681701749173 ], [ -89.382949829071322, 37.049213409571223 ], [ -89.379989624221764, 37.09908294662074 ], [ -89.423797607473546, 37.137203216155569 ], [ -89.440521240163093, 37.165317535076213 ], [ -89.468215942611607, 37.224266051936809 ], [ -89.465309143102445, 37.253730773956079 ], [ -89.489593505735684, 37.256000518908877 ], [ -89.513885498217121, 37.276401519914259 ], [ -89.513885498217121, 37.304962157977286 ], [ -89.500579834291898, 37.32944107094869 ], [ -89.468742370663847, 37.339408874120295 ], [ -89.435737609503065, 37.355716705261784 ], [ -89.427574157521292, 37.411018371400758 ], [ -89.453620910776351, 37.45318603530734 ], [ -89.494781494070651, 37.491725921314242 ], [ -89.52497100850519, 37.57195663449113 ], [ -89.513366699113817, 37.615928649587545 ], [ -89.519180298132198, 37.65037536662993 ], [ -89.513374328962072, 37.679840087749881 ], [ -89.521522522146654, 37.6947975157928 ], [ -89.581436157252824, 37.706104278189912 ], [ -89.66645813003862, 37.745452880446123 ], [ -89.675857543690654, 37.783969878707012 ], [ -89.691055297563878, 37.804794311108651 ], [ -89.728446960658687, 37.840991974000474 ], [ -89.851715088280685, 37.905063629083259 ], [ -89.861045837795132, 37.905487060479516 ], [ -89.866813659522734, 37.891876220611152 ], [ -89.900550842047664, 37.875904083007072 ], [ -89.937873840105624, 37.87804412863369 ], [ -89.978912353921942, 37.911884307814603 ], [ -89.958229064719546, 37.963634490939057 ], [ -90.010810851839324, 37.969318389731939 ], [ -90.041923523052105, 37.993206024538438 ], [ -90.119338989502751, 38.032272338597579 ], [ -90.134712219093615, 38.053951263639931 ], [ -90.20752716045007, 38.088905334113917 ], [ -90.254058837645232, 38.12216949482638 ], [ -90.289634704777768, 38.16681671102242 ], [ -90.336715698670503, 38.188713074149121 ], [ -90.364768981503232, 38.234298705920594 ], [ -90.369346618851353, 38.323558807592974 ], [ -90.358688354883611, 38.36532974277344 ], [ -90.339607238483211, 38.390846252152869 ], [ -90.301841736207109, 38.427356719936711 ], [ -90.265785217413793, 38.518688202198803 ], [ -90.261230468711119, 38.532768249854882 ], [ -90.240943909134046, 38.562805175418589 ], [ -90.18370819068042, 38.610271454164319 ], [ -90.18357849135424, 38.658771515293267 ], [ -90.202239990383191, 38.700363158932703 ], [ -90.196571350387501, 38.723964691517324 ], [ -90.163398742457957, 38.773097992278565 ], [ -90.135177611957204, 38.785484314349674 ], [ -90.121726989908609, 38.800510406530066 ], [ -90.113121032809374, 38.830467224083179 ], [ -90.132812500196678, 38.853031158461249 ], [ -90.24392700172973, 38.91450881982621 ], [ -90.278930664418567, 38.924716949727497 ], [ -90.319740295378267, 38.924907684242271 ], [ -90.41307067826915, 38.962329864931348 ], [ -90.469841003859187, 38.959178924667697 ], [ -90.530426025140912, 38.891609191910732 ], [ -90.570327759018824, 38.871326446358466 ], [ -90.627212524238587, 38.880794525047349 ], [ -90.668876647838999, 38.935253143317937 ], [ -90.706069946570722, 39.037792206245399 ], [ -90.707588195538733, 39.05817794755427 ], [ -90.690399169985653, 39.093700409346468 ], [ -90.716735839487342, 39.144210815876477 ], [ -90.718193054166079, 39.19587326024282 ], [ -90.73233795193488, 39.224746704097186 ], [ -90.738082885916413, 39.247810363857241 ], [ -90.779342650942567, 39.296802520519975 ], [ -90.850494385207696, 39.350452423440629 ], [ -90.947891235292218, 39.400585174965897 ], [ -91.036338805791218, 39.444412231039678 ], [ -91.064384460574331, 39.473983764639058 ], [ -91.093612670788104, 39.528926849494553 ], [ -91.156188964648948, 39.552593231292633 ], [ -91.203247069896349, 39.600021362595839 ], [ -91.317665099664566, 39.685916900844347 ], [ -91.367088317571756, 39.724639892417144 ], [ -91.373420715693442, 39.761272430578288 ], [ -91.381713867001338, 39.803771973098151 ], [ -91.449188232051256, 39.8630485536479 ], [ -91.450988769216281, 39.885242461970108 ], [ -91.434051513366626, 39.901828765485163 ], [ -91.430389403847869, 39.921836852688671 ], [ -91.44724273676286, 39.946063995057386 ], [ -91.487289428764086, 40.005752563130329 ], [ -91.504005432504641, 40.066711425392043 ], [ -91.516128540099999, 40.134544372624759 ], [ -91.506546020882126, 40.200458526339958 ], [ -91.498931884698663, 40.251377105469089 ], [ -91.486694335674997, 40.309623718559806 ], [ -91.448593139861487, 40.371902465426501 ], [ -91.418815612950141, 40.386875152266498 ], [ -91.385757446448963, 40.392360687595726 ], [ -91.372756957567503, 40.402988433969085 ], [ -91.385398865165484, 40.447250366211506 ], [ -91.374794006538139, 40.503654479770489 ], [ -91.382102965879142, 40.528495788949556 ], [ -91.412872314605579, 40.547992705998638 ], [ -91.411117553832014, 40.57297134435214 ], [ -91.375610351736327, 40.603439331160246 ], [ -91.262062072506581, 40.63954544036983 ], [ -91.214912414476316, 40.64381790177481 ], [ -91.162498474125243, 40.656311035425972 ], [ -91.129158020326315, 40.682147979545675 ], [ -91.119987487732317, 40.705402373820561 ], [ -91.092750549198456, 40.761547088727241 ], [ -91.088905334113861, 40.833728790451346 ], [ -91.049209594447177, 40.879585266546883 ], [ -90.983276367010717, 40.92392730679984 ], [ -90.960708618607839, 40.950504303031209 ], [ -90.954650878834968, 41.070362090837875 ], [ -90.957786560301486, 41.104358672914486 ], [ -90.990341186496551, 41.14437103239726 ], [ -91.018257141054164, 41.165824890406441 ], [ -91.05632019032447, 41.176258087340898 ], [ -91.101524353066395, 41.231521606037347 ], [ -91.102348327213519, 41.267818450661025 ], [ -91.073280334819572, 41.334896087884204 ], [ -91.055786132424032, 41.401378632018293 ], [ -91.027488708836813, 41.42350769022778 ], [ -91.000694274521095, 41.431083678968662 ], [ -90.949653625914095, 41.42123413125023 ], [ -90.844139099339941, 41.444622039775368 ], [ -90.779899597488395, 41.449821471983398 ], [ -90.708213806222147, 41.45006179781376 ], [ -90.658790588314957, 41.462318420558688 ], [ -90.600700378119939, 41.509586334042126 ], [ -90.540840149253427, 41.5259704591694 ], [ -90.454994201421243, 41.527545929301255 ], [ -90.434967041395794, 41.543579101194609 ], [ -90.423004150720942, 41.567272186562207 ], [ -90.348365783554016, 41.586849212521201 ], [ -90.339347838931587, 41.602798461479892 ], [ -90.341133117299478, 41.649089812844636 ], [ -90.326026916209173, 41.722736358196414 ], [ -90.304885863991387, 41.756465911772466 ], [ -90.255310059012004, 41.781738281296725 ], [ -90.195838928123976, 41.806137085358273 ], [ -90.154518127009908, 41.93077468890084 ], [ -90.142669677763365, 41.983963012982713 ], [ -90.150535583650253, 42.033428192357235 ], [ -90.168098449283946, 42.061042785895893 ], [ -90.166648864453521, 42.103744506803594 ], [ -90.176086425548078, 42.120502472011538 ], [ -90.191574096567251, 42.122688293130295 ], [ -90.230934142696469, 42.159721374941569 ], [ -90.323600769260054, 42.197319030448966 ], [ -90.367729187252166, 42.210208892826188 ], [ -90.407173156316048, 42.242645263568136 ], [ -90.417984009154679, 42.2639236449603 ], [ -90.427680968901541, 42.340633392716938 ], [ -90.441596984713044, 42.360073089501554 ], [ -90.491043091265624, 42.388782501511287 ], [ -90.563583374273264, 42.421836853088337 ], [ -90.605827331266312, 42.460559844661134 ], [ -90.648345947507437, 42.475643158005369 ], [ -90.651771545220583, 42.494697570836252 ], [ -90.638328552120925, 42.509361266809094 ], [ -90.419975280834478, 42.50836181604501 ], [ -89.923568725416317, 42.504108429260668 ], [ -89.834617614611204, 42.503459930831184 ], [ -89.4004974368072, 42.497489928917162 ], [ -89.359443664193691, 42.497905731364483 ], [ -88.939079284381421, 42.490863799624719 ], [ -88.764953613718262, 42.490905761991371 ], [ -88.706520080137579, 42.489654540624599 ], [ -88.297897338891062, 42.491970061968857 ], [ -88.194702148585236, 42.489612579157267 ], [ -87.797309875750102, 42.489131927496487 ], [ -87.836944580228135, 42.314212799381266 ], [ -87.760238647395624, 42.156455993249551 ], [ -87.670547485378108, 42.059822082123446 ], [ -87.612625121951794, 41.847332001170969 ], [ -87.529861450245676, 41.723590850837127 ], [ -87.53264617937765, 41.469715118657859 ], [ -87.532447815014621, 41.301303863482588 ], [ -87.531730651548287, 41.173755645506674 ], [ -87.532020568694236, 41.009929656628401 ], [ -87.53266906712372, 40.745410919278527 ], [ -87.537170410485999, 40.494609832477863 ], [ -87.535675049264057, 40.483245849816171 ], [ -87.535339355726649, 40.166194915762787 ], [ -87.535774230995912, 39.887302398686813 ], [ -87.535575866632882, 39.60934066733796 ], [ -87.538566589076765, 39.477447509794786 ], [ -87.540214538270277, 39.350524902502286 ], [ -87.597663878984804, 39.338268279757358 ], [ -87.62523651105613, 39.307403564223137 ], [ -87.610618591474804, 39.297660828084815 ], [ -87.615798949961516, 39.281417847056048 ], [ -87.606895446767396, 39.258163451881842 ], [ -87.584564209270809, 39.248752594356802 ], [ -87.58859252902198, 39.208465576525214 ], [ -87.594207763677332, 39.198127746398427 ], [ -87.607925415125749, 39.196067809681722 ], [ -87.64425659136856, 39.168506622382779 ], [ -87.670326233269009, 39.146678924292985 ], [ -87.659454346141104, 39.130653381348509 ], [ -87.662261963019148, 39.113468169820237 ], [ -87.631668090909614, 39.103942870866831 ], [ -87.630867004508616, 39.088973998950962 ], [ -87.612007141116635, 39.084606170738255 ], [ -87.585319519280347, 39.062435150162116 ], [ -87.581748962544566, 38.995742797791934 ], [ -87.591857909814621, 38.994083404725416 ], [ -87.547904968439525, 38.977077483838855 ], [ -87.533470153524718, 38.963703155776045 ], [ -87.53018188498595, 38.93191909748839 ], [ -87.539199828709116, 38.904861450495616 ], [ -87.559059142865124, 38.869812011415263 ], [ -87.550506592005604, 38.857891083107063 ], [ -87.507888794032567, 38.795558929101333 ], [ -87.519027709661032, 38.776699066608671 ], [ -87.508003234561613, 38.769721984981686 ], [ -87.508316040352952, 38.736633300886183 ], [ -87.543891906586168, 38.685974121308732 ], [ -87.588478088492934, 38.67216873200141 ], [ -87.625190734664614, 38.642810821562193 ], [ -87.628646850871405, 38.622917174887789 ], [ -87.619827270612006, 38.59920883162232 ], [ -87.640594482749123, 38.593177795418967 ], [ -87.652854919518859, 38.573871612884659 ], [ -87.672943115632222, 38.54742431597947 ], [ -87.651390075891243, 38.515369415166447 ], [ -87.653533935542669, 38.500442504717853 ], [ -87.679908752486881, 38.504005432504755 ], [ -87.692817687686102, 38.481533050909604 ], [ -87.756095886216144, 38.466125487901024 ], [ -87.758659363238962, 38.457096099405533 ], [ -87.738952637054524, 38.445480347040416 ], [ -87.748428344692343, 38.417964935233613 ], [ -87.784019470622013, 38.378124237443672 ], [ -87.834503173582561, 38.352523803330939 ], [ -87.85008239738471, 38.286098480360636 ], [ -87.863006591381065, 38.28536224407236 ], [ -87.874038696328739, 38.316787719277897 ], [ -87.883445739828971, 38.315551757607579 ], [ -87.888465881395291, 38.300659179677439 ], [ -87.914108276076036, 38.281047821200048 ], [ -87.913650513060702, 38.302345276313531 ], [ -87.925918578779374, 38.30477142326265 ], [ -87.980018615766483, 38.241085052133485 ], [ -87.986007690502504, 38.23481369009977 ], [ -87.977928161455452, 38.200714111367176 ], [ -87.932289123444264, 38.171131133894789 ], [ -87.931991577349379, 38.157527923874625 ], [ -87.95056915254429, 38.136913299709079 ], [ -87.973503112978221, 38.131759643892508 ], [ -88.018547057900378, 38.103302001586144 ], [ -88.012329101207001, 38.092346191523575 ], [ -87.964866638284718, 38.096748352254679 ], [ -87.975296020295048, 38.073307037489826 ], [ -88.034729003740495, 38.054084777890239 ], [ -88.04309082008524, 38.045120239507526 ], [ -88.041473388486054, 38.038303374800932 ], [ -88.021697998164029, 38.033531188913287 ], [ -88.029212951716318, 38.008235931642957 ], [ -88.021705627112965, 37.975055694764535 ], [ -88.042510986692662, 37.956264495510084 ], [ -88.041770935480258, 37.93449783350826 ], [ -88.064620972080149, 37.929782866985761 ], [ -88.078941345566591, 37.944000243816276 ], [ -88.083999633676115, 37.923660277999488 ], [ -88.0304412844377, 37.917591095252874 ], [ -88.026588439504849, 37.905757903904203 ], [ -88.044868469504252, 37.896003722993498 ], [ -88.100082397784377, 37.906169891427396 ], [ -88.101455688629073, 37.895305633248427 ], [ -88.075736999063224, 37.867809296062205 ], [ -88.034240722231516, 37.843746185538066 ], [ -88.042137145712672, 37.827522278230617 ], [ -88.089263915996867, 37.831249236962776 ], [ -88.086029052798494, 37.817611694424215 ], [ -88.035575866532952, 37.80568313626776 ], [ -88.072471618270527, 37.735401153440534 ], [ -88.133636474743469, 37.700744629061433 ], [ -88.159370422207189, 37.660686493187143 ], [ -88.157630920230758, 37.628479003503287 ], [ -88.134170532643907, 37.583572387755567 ], [ -88.071563720289419, 37.510990142381218 ] ] ] ] } },
{ "type": "Feature", "properties": { "STATE_NAME": "District of Columbia", "STATE_ABBR": "DC", "ELECT_VOTE": 3.0, "WON_12": "O", "WON_16": "C", "F2016Result": "Dem", "WON_20": "B", "F2020Result": "Dem", "Shape_Length": 0.63245808265533399, "Shape_Area": 0.017769685627493041, "WON_24": "H", "F2024Result": "Dem" }, "geometry": { "type": "MultiPolygon", "coordinates": [ [ [ [ -77.008232116818704, 38.966556549045549 ], [ -76.911209106814795, 38.889987945387418 ], [ -77.045448303296496, 38.788120269534886 ], [ -77.035247802344145, 38.81391525308652 ], [ -77.045188903744872, 38.829364776663169 ], [ -77.040405273084843, 38.838413238879923 ], [ -77.039077758631606, 38.862430572113283 ], [ -77.06788635237325, 38.88610076883549 ], [ -77.078948974915249, 38.915599823373213 ], [ -77.122627257941588, 38.932060241586953 ], [ -77.042388915815764, 38.993431091371804 ], [ -77.008232116818704, 38.966556549045549 ] ] ] ] } },
{ "type": "Feature", "properties": { "STATE_NAME": "Delaware", "STATE_ABBR": "DE", "ELECT_VOTE": 3.0, "WON_12": "O", "WON_16": "C", "F2016Result": "Dem", "WON_20": "B", "F2020Result": "Dem", "Shape_Length": 4.0752958340396965, "Shape_Area": 0.55331817452512833, "WON_24": "H", "F2024Result": "Dem" }, "geometry": { "type": "MultiPolygon", "coordinates": [ [ [ [ -75.707420349069821, 38.557476043884378 ], [ -75.711059569943131, 38.649551391383682 ], [ -75.724937439211431, 38.830169677988295 ], [ -75.75292205790663, 39.141548157121804 ], [ -75.761657715231308, 39.247753143592774 ], [ -75.764663696472383, 39.295848846147408 ], [ -75.772697449127918, 39.383007049635694 ], [ -75.791435242142654, 39.723754883081426 ], [ -75.775268555099672, 39.724441528054115 ], [ -75.745933532406582, 39.774818420333872 ], [ -75.695114135908625, 39.82034683184088 ], [ -75.644340514902808, 39.83819580059577 ], [ -75.583793640164345, 39.840007781633858 ], [ -75.470344543565773, 39.826435089208076 ], [ -75.420829772875663, 39.798870086985005 ], [ -75.412117004196375, 39.789657592923618 ], [ -75.428009032890543, 39.77812957751803 ], [ -75.460754394499645, 39.763248443460952 ], [ -75.475128174225802, 39.741718292365363 ], [ -75.476333618301794, 39.719970703185481 ], [ -75.489639282227074, 39.714744568307253 ], [ -75.610725402755122, 39.612792968620681 ], [ -75.562995910432903, 39.5667228702643 ], [ -75.590187072575304, 39.463768005788893 ], [ -75.515571594053768, 39.366939544324566 ], [ -75.402481078738731, 39.257637023829659 ], [ -75.397727966572347, 39.073036193865335 ], [ -75.324851990027298, 39.012386322470832 ], [ -75.307899475380452, 38.945911407285678 ], [ -75.19094085723475, 38.808670043587711 ], [ -75.083137511986536, 38.799812316785051 ], [ -75.045997619494528, 38.449489593070325 ], [ -75.06829833939679, 38.449962615782169 ], [ -75.093093872184397, 38.450450897291148 ], [ -75.350204467562094, 38.45520782438166 ], [ -75.699150085507995, 38.463066101319555 ], [ -75.707420349069821, 38.557476043884378 ] ] ] ] } },
{ "type": "Feature", "properties": { "STATE_NAME": "West Virginia", "STATE_ABBR": "WV", "ELECT_VOTE": 4.0, "WON_12": "R", "WON_16": "T", "F2016Result": "Rep", "WON_20": "T", "F2020Result": "Rep", "Shape_Length": 18.196047415920212, "Shape_Area": 6.4931950284524893, "WON_24": "T", "F2024Result": "Rep" }, "geometry": { "type": "MultiPolygon", "coordinates": [ [ [ [ -79.231903076265894, 38.480373382325809 ], [ -79.272598266696605, 38.437183379909129 ], [ -79.317237853943766, 38.412509918398086 ], [ -79.486579894846216, 38.462024689088196 ], [ -79.536743163965809, 38.553688049064249 ], [ -79.642631530620577, 38.592239379843534 ], [ -79.66965484599433, 38.550060272063945 ], [ -79.665840148504003, 38.520660400157396 ], [ -79.692878723574211, 38.500236511405944 ], [ -79.684318542866436, 38.430118560423296 ], [ -79.720260620231386, 38.394565581936092 ], [ -79.733055114901617, 38.351718902905077 ], [ -79.764228820403673, 38.353870391505438 ], [ -79.800552368596868, 38.31420516943308 ], [ -79.803001404191434, 38.298748016008176 ], [ -79.786735534517277, 38.284996032940626 ], [ -79.79384613039457, 38.268543243675822 ], [ -79.831375121764438, 38.250156402995628 ], [ -79.9163818357531, 38.179141997904935 ], [ -79.910560607785783, 38.162483215328166 ], [ -79.935546875088164, 38.121185302859487 ], [ -79.928512573196656, 38.103187561057155 ], [ -79.957733154461494, 38.067241668768077 ], [ -79.966712951641341, 38.038497925139211 ], [ -80.000717162666888, 37.989746093407518 ], [ -80.055023192965962, 37.955524444297737 ], [ -80.10670471195283, 37.914535522696269 ], [ -80.118721007968077, 37.891155243120011 ], [ -80.160217284799842, 37.877105713058256 ], [ -80.172431946077438, 37.860061645628491 ], [ -80.171806335394024, 37.842845916505894 ], [ -80.223945617396282, 37.802242278858159 ], [ -80.22075653058937, 37.778736114879848 ], [ -80.254898071688615, 37.757110596077212 ], [ -80.250244140354766, 37.725929259827524 ], [ -80.303321837932458, 37.68254852289607 ], [ -80.29591369596028, 37.67137908967328 ], [ -80.305076598706023, 37.652122497555297 ], [ -80.301147460686707, 37.640422821356196 ], [ -80.254638672136991, 37.640579223352518 ], [ -80.219146728838439, 37.624141692884848 ], [ -80.246612548430335, 37.596771240100679 ], [ -80.31694030764902, 37.566593170438523 ], [ -80.326126099040209, 37.533275604385665 ], [ -80.308525085064559, 37.528244018946395 ], [ -80.28095245389261, 37.536132812579297 ], [ -80.288139342856368, 37.511024474899671 ], [ -80.347732544121584, 37.491050720214616 ], [ -80.352378845607177, 37.475975036718637 ], [ -80.388526916284093, 37.465599060048646 ], [ -80.425598144638627, 37.434780120905884 ], [ -80.474983215103236, 37.422695159853788 ], [ -80.487014770814994, 37.433734893750398 ], [ -80.488098144513742, 37.460472106902273 ], [ -80.508979797179848, 37.474922180614215 ], [ -80.542968750307523, 37.469085692950443 ], [ -80.597702026027662, 37.445930481306732 ], [ -80.7054138184929, 37.388256072659658 ], [ -80.729942321880628, 37.392597198202168 ], [ -80.746528625395683, 37.387615204078486 ], [ -80.747894287291501, 37.378959655663607 ], [ -80.763198852744836, 37.371292114139806 ], [ -80.770225524788088, 37.386074066465028 ], [ -80.799446106052926, 37.391632079956594 ], [ -80.79981231718466, 37.412940978943084 ], [ -80.850723266465536, 37.423339843359145 ], [ -80.877555847324459, 37.388576507399932 ], [ -80.848617553357371, 37.350822448996894 ], [ -80.85562896750281, 37.339290618667178 ], [ -80.934379577355571, 37.301250458042261 ], [ -80.968086242286233, 37.29167175284914 ], [ -80.978729248356103, 37.296356200877995 ], [ -80.986129760480026, 37.306121826561082 ], [ -81.025123596376829, 37.285942077664799 ], [ -81.140922545938679, 37.274806976061143 ], [ -81.223114014100418, 37.240097046341646 ], [ -81.312049866108396, 37.293590545467339 ], [ -81.358970642181362, 37.338836669676596 ], [ -81.391120910701432, 37.311038970572099 ], [ -81.403518676645547, 37.282508850103397 ], [ -81.475532531601004, 37.254306793323906 ], [ -81.495704650649088, 37.252735138116179 ], [ -81.50570678723841, 37.234256744653123 ], [ -81.556823730730571, 37.206237792540151 ], [ -81.666053772163821, 37.204795837557924 ], [ -81.701896667796916, 37.235321044630552 ], [ -81.738624572765787, 37.25037765530459 ], [ -81.752021789473986, 37.27214431730647 ], [ -81.79282379148475, 37.287040710160682 ], [ -81.815544128758518, 37.279426574876595 ], [ -81.839050292736772, 37.28539276096717 ], [ -81.858840942755251, 37.306919098038009 ], [ -81.863975524850559, 37.325344085261406 ], [ -81.897315978649431, 37.340476989921228 ], [ -81.926979065031787, 37.371616363804208 ], [ -81.920890807664591, 37.415405273334727 ], [ -81.988357543765574, 37.466476440435429 ], [ -81.976577758656617, 37.482795715449981 ], [ -81.948150634843898, 37.49291610749242 ], [ -81.935607909877092, 37.506534576309718 ], [ -81.959732055589882, 37.531063079697446 ], [ -81.976730346628131, 37.543144225825415 ], [ -82.02650451686992, 37.530410766343834 ], [ -82.049285888432962, 37.551345825249712 ], [ -82.055816650018357, 37.525234222781194 ], [ -82.084541320825281, 37.548202514834259 ], [ -82.142654418766369, 37.55734634385874 ], [ -82.146667480619669, 37.565814971783595 ], [ -82.137619018402916, 37.569789886194371 ], [ -82.131927490661155, 37.590431213030115 ], [ -82.159454345441645, 37.59346389784065 ], [ -82.185691833211479, 37.640563964555383 ], [ -82.205581664961812, 37.62391281092755 ], [ -82.238510132136867, 37.656673431333843 ], [ -82.295761108488307, 37.668956756748969 ], [ -82.329536437556499, 37.744071960652491 ], [ -82.319633483598352, 37.758327484026211 ], [ -82.339981079263339, 37.784301758219613 ], [ -82.405937194445926, 37.811622619688194 ], [ -82.421638488625319, 37.872261047209633 ], [ -82.437736511530773, 37.894760131474925 ], [ -82.500335693137686, 37.922168731701674 ], [ -82.493522644254597, 37.942420959659614 ], [ -82.480300903264038, 37.954303741424553 ], [ -82.475906372381132, 37.975814819698201 ], [ -82.524803161336763, 38.015571594553478 ], [ -82.593330383390423, 38.109874725538191 ], [ -82.646247864047666, 38.146244049223526 ], [ -82.647277832406019, 38.16934967045097 ], [ -82.613883972367375, 38.1780090328906 ], [ -82.606765746641884, 38.193740844664319 ], [ -82.616348266759076, 38.238727569321895 ], [ -82.589233398602403, 38.24530410729875 ], [ -82.574699401955797, 38.255889892204834 ], [ -82.580169677588515, 38.292427062658874 ], [ -82.572418213129993, 38.3077278140874 ], [ -82.598358153905622, 38.368381500405974 ], [ -82.5867233278193, 38.412437439336429 ], [ -82.575538634900056, 38.403820037464811 ], [ -82.547668456733845, 38.400428772270061 ], [ -82.495109558259458, 38.405750274855336 ], [ -82.415016174257005, 38.43030929583739 ], [ -82.394889831600437, 38.428386688295063 ], [ -82.32930755649852, 38.441867827937983 ], [ -82.3143692012776, 38.465145110858259 ], [ -82.290100097441496, 38.579998016795116 ], [ -82.271026610889351, 38.594806670891217 ], [ -82.213790893335045, 38.5847511289615 ], [ -82.184379577555433, 38.594947814989723 ], [ -82.173789977725278, 38.632106781203049 ], [ -82.189109801975746, 38.677810669326959 ], [ -82.184104919206618, 38.71022033649939 ], [ -82.216880798410102, 38.778858185057231 ], [ -82.19785308824936, 38.804538727180557 ], [ -82.146232605350406, 38.83870697005068 ], [ -82.139450073162322, 38.899318694901922 ], [ -82.101341247500557, 38.952014923450008 ], [ -82.085151672711504, 38.977119446205506 ], [ -82.058639526592856, 38.988986969173368 ], [ -82.043022155348126, 39.014060974334541 ], [ -81.999816894134312, 39.015182495475813 ], [ -81.975326538189165, 38.992927551065691 ], [ -81.937873839905762, 38.991096496306284 ], [ -81.927970885947616, 38.984191894640276 ], [ -81.898750305582098, 38.932144165420937 ], [ -81.931991576749851, 38.894660949543265 ], [ -81.915390014437605, 38.88436508178313 ], [ -81.892837524831862, 38.873371124278037 ], [ -81.866943359548372, 38.885627747022966 ], [ -81.841056824113082, 38.937808990492556 ], [ -81.823921203900397, 38.948387145550385 ], [ -81.783370971593001, 38.923480987157859 ], [ -81.762443542535436, 38.930099487501423 ], [ -81.78187561037106, 38.96844863899355 ], [ -81.775825500446444, 39.016750335759468 ], [ -81.813606262419057, 39.044029235760661 ], [ -81.824417114358312, 39.066337585511235 ], [ -81.819709777684068, 39.076938629214396 ], [ -81.786506653059575, 39.077178955044815 ], [ -81.753707886110021, 39.094642638946709 ], [ -81.744850158408042, 39.125797271626823 ], [ -81.759056091365494, 39.175674438524595 ], [ -81.723220825580597, 39.2131919860214 ], [ -81.69805145271232, 39.219944000615214 ], [ -81.689674377570441, 39.26015090953689 ], [ -81.667671203763007, 39.27042007462677 ], [ -81.572837829801983, 39.265842438178026 ], [ -81.557540893297528, 39.332580566040349 ], [ -81.540802001810903, 39.352634429635259 ], [ -81.465164184779269, 39.406784057937955 ], [ -81.448112487501248, 39.410953521787633 ], [ -81.434135437400471, 39.405948639018504 ], [ -81.376075744799721, 39.345615386540885 ], [ -81.338996887496307, 39.353569031185884 ], [ -81.284179687942185, 39.386997222843604 ], [ -81.237785339022139, 39.388397216358499 ], [ -81.225112914729209, 39.408283234084024 ], [ -81.200469970812492, 39.415821075382382 ], [ -81.180732727033671, 39.437725067457961 ], [ -81.117256164140599, 39.467708587681216 ], [ -81.098411560445129, 39.496376037324296 ], [ -81.03755187991527, 39.53258895901331 ], [ -81.032737731660973, 39.544067383103311 ], [ -80.983818054059896, 39.58172988872343 ], [ -80.932785034401775, 39.606864929073254 ], [ -80.912765503325261, 39.607276916596504 ], [ -80.881286620980745, 39.624004364210066 ], [ -80.872924804636, 39.662334441980988 ], [ -80.863594055121496, 39.680274963518798 ], [ -80.832969665417693, 39.703323364481719 ], [ -80.832481383908714, 39.718757629261233 ], [ -80.856636047215773, 39.736259460605652 ], [ -80.870910644310754, 39.759918212555533 ], [ -80.8192901614118, 39.808925628914722 ], [ -80.826103210294889, 39.839591980085856 ], [ -80.798713683789458, 39.856647491388685 ], [ -80.791038513316721, 39.872272491582294 ], [ -80.812324523657821, 39.904827117777302 ], [ -80.808029174506771, 39.915828705130707 ], [ -80.796211242854554, 39.919765472098902 ], [ -80.768318176042953, 39.913238525437635 ], [ -80.759078979311425, 39.921192169183314 ], [ -80.763252258085231, 39.946941375444169 ], [ -80.739082335980981, 39.983402251912423 ], [ -80.738433837551497, 40.035591125230326 ], [ -80.702262878229192, 40.154018401927772 ], [ -80.701087951747525, 40.168109893456858 ], [ -80.678756714250937, 40.194080352726132 ], [ -80.650314330741708, 40.245609283741487 ], [ -80.614891052480061, 40.276432036909057 ], [ -80.604721069121979, 40.306175232201269 ], [ -80.60945129354235, 40.373207092133669 ], [ -80.629447936872737, 40.388595581420986 ], [ -80.62805175738265, 40.398159026917597 ], [ -80.602035522621236, 40.48047256455726 ], [ -80.625457763664826, 40.504398345906964 ], [ -80.633644104291932, 40.539138794120106 ], [ -80.668823241799146, 40.568214416362252 ], [ -80.667930602615172, 40.582073211909233 ], [ -80.637542724716923, 40.613918304486219 ], [ -80.611755371013544, 40.61999893200516 ], [ -80.574623107470416, 40.615909576166075 ], [ -80.522209167119343, 40.637138367141972 ], [ -80.524566650830252, 40.478717803783695 ], [ -80.523773193378133, 40.402965545323696 ], [ -80.526252746566968, 40.162448883309366 ], [ -80.52516937286822, 40.022750854168635 ], [ -80.524856567076881, 39.958343505548385 ], [ -80.524467468199077, 39.721126556845149 ], [ -80.429283141903454, 39.719760894949388 ], [ -79.918487548861265, 39.721588134784668 ], [ -79.7653579713932, 39.721729278883174 ], [ -79.481208800945353, 39.720195770218652 ], [ -79.490089416393403, 39.197288513454168 ], [ -79.461418151826194, 39.213157653502947 ], [ -79.449508667391058, 39.211986541945407 ], [ -79.385078430125418, 39.269195556829516 ], [ -79.346427917614278, 39.291988373164941 ], [ -79.295509338485147, 39.300437927368478 ], [ -79.280059814009178, 39.325141906473846 ], [ -79.260406494064398, 39.348541259771366 ], [ -79.163261413683244, 39.393398285102819 ], [ -79.158370971443162, 39.41386413532166 ], [ -79.131645203063613, 39.416934966675399 ], [ -79.104324340695712, 39.447212218968787 ], [ -79.096961975114993, 39.464534759671494 ], [ -79.104843139799016, 39.470779419035011 ], [ -79.07087707531673, 39.470756530389622 ], [ -79.06465911862341, 39.485733032153746 ], [ -79.049102783466651, 39.483722686752628 ], [ -78.970687866251978, 39.438430786151912 ], [ -78.955642700350325, 39.460365295821816 ], [ -78.871070861630926, 39.525699615245117 ], [ -78.838371276413227, 39.563228607514304 ], [ -78.80680847203331, 39.566734314137364 ], [ -78.822669983133153, 39.585609436326479 ], [ -78.798728942986315, 39.615329742073982 ], [ -78.798408508246041, 39.630744934031554 ], [ -78.772964477928269, 39.64415359461276 ], [ -78.767875671325157, 39.626525878866289 ], [ -78.732643127578228, 39.626876831200832 ], [ -78.730758666579163, 39.621456145984382 ], [ -78.736511230408894, 39.608703613680859 ], [ -78.774002075235558, 39.601528167690844 ], [ -78.761711120871496, 39.581703186053232 ], [ -78.732978821115637, 39.576553345160789 ], [ -78.716575622267101, 39.559482574161507 ], [ -78.666687011496322, 39.536838531772901 ], [ -78.649406433160323, 39.537906646674458 ], [ -78.637344360753616, 39.529857635221731 ], [ -78.604629516738783, 39.5355911253302 ], [ -78.564453125411376, 39.520980834697809 ], [ -78.5090484617171, 39.525066375612823 ], [ -78.481544494682623, 39.519844054759346 ], [ -78.456077575719519, 39.533641815117733 ], [ -78.446136474318791, 39.548225403079925 ], [ -78.421089172727079, 39.549316406626929 ], [ -78.462081909252674, 39.580741882731729 ], [ -78.45089721723275, 39.592613220623662 ], [ -78.404266357406414, 39.587520599096422 ], [ -78.432159424218014, 39.62086105379467 ], [ -78.38490295370832, 39.614402771270932 ], [ -78.377937316853661, 39.631225585692277 ], [ -78.3570480343393, 39.63227844269602 ], [ -78.34819030753664, 39.640499114942259 ], [ -78.273284911869155, 39.618316650493057 ], [ -78.257995605212955, 39.641075134310029 ], [ -78.229499817262706, 39.658473968099202 ], [ -78.227867126866386, 39.673896789904973 ], [ -78.204574585148919, 39.675846100117496 ], [ -78.183242797517039, 39.69454956061378 ], [ -78.094612121452201, 39.67550659165596 ], [ -78.026695251284764, 39.622772216564613 ], [ -77.995483398340127, 39.59887313878437 ], [ -77.96451568614998, 39.611228943261153 ], [ -77.94525909403194, 39.585914611370299 ], [ -77.935737610002661, 39.59184265091767 ], [ -77.947822571054758, 39.614917755450108 ], [ -77.938888549366993, 39.618122101054155 ], [ -77.903533935242876, 39.596027374463802 ], [ -77.891021728769715, 39.600605010912602 ], [ -77.888717651298521, 39.6164741518607 ], [ -77.855804442920657, 39.602069854540218 ], [ -77.842689514409528, 39.605278015068393 ], [ -77.8401489260321, 39.572643279963472 ], [ -77.853240966797159, 39.565357208368539 ], [ -77.885452270505823, 39.564353942680384 ], [ -77.890197753723328, 39.557994842787821 ], [ -77.869842529109405, 39.545814514028677 ], [ -77.864913940326062, 39.514553069768397 ], [ -77.844131469391755, 39.531833649003772 ], [ -77.835746765300939, 39.525512695654413 ], [ -77.829208373867345, 39.529155731451908 ], [ -77.825546264348588, 39.511940002329311 ], [ -77.848159790042246, 39.501907349044984 ], [ -77.825469970362803, 39.49380874627667 ], [ -77.771835327138604, 39.498016357568872 ], [ -77.799781799290542, 39.480728149384618 ], [ -77.785392761666571, 39.459003448850126 ], [ -77.804473877167652, 39.463039398449553 ], [ -77.796081543228581, 39.450817108223021 ], [ -77.804977416574502, 39.439918518424918 ], [ -77.802558898574262, 39.432216644382663 ], [ -77.757270812897673, 39.425064087038038 ], [ -77.741119384651824, 39.403339385604227 ], [ -77.737518310321718, 39.396095275476625 ], [ -77.756507873939199, 39.378376006947235 ], [ -77.745735168543149, 39.360271453564792 ], [ -77.754585266396873, 39.338493346790585 ], [ -77.750373840180544, 39.3267173766057 ], [ -77.727752685537951, 39.317695617958464 ], [ -77.759742737137572, 39.284542083750239 ], [ -77.768516540106191, 39.246448516885607 ], [ -77.80573272748336, 39.196502685850305 ], [ -77.820327758419296, 39.141620636183461 ], [ -77.830963134640911, 39.132076263508793 ], [ -78.033607482799027, 39.265537262234943 ], [ -78.229782104560456, 39.391014098721712 ], [ -78.27715301469982, 39.423366546528939 ], [ -78.347816467455971, 39.456901550666089 ], [ -78.350502013956714, 39.380729675734017 ], [ -78.365745544221454, 39.361587524144966 ], [ -78.344200134328673, 39.350856781115624 ], [ -78.341117859101871, 39.341358184832416 ], [ -78.413818359030017, 39.257438659466629 ], [ -78.399398803811721, 39.244850159007683 ], [ -78.423339843958615, 39.212039947285803 ], [ -78.424339294722643, 39.197525024360459 ], [ -78.402633667010093, 39.170490265113699 ], [ -78.430839538713712, 39.148521422925398 ], [ -78.448249817275212, 39.118930816504019 ], [ -78.485519409093399, 39.111839294347988 ], [ -78.501869201702277, 39.093578338969223 ], [ -78.536918639883311, 39.057025909717993 ], [ -78.56444549556312, 39.03503799470775 ], [ -78.549468993798996, 39.023380279975981 ], [ -78.553474426703417, 39.013828277453115 ], [ -78.598960876743035, 38.967197418526098 ], [ -78.631111145263105, 38.979602813419149 ], [ -78.647232055914628, 38.950443268242282 ], [ -78.680488586778836, 38.921573639312044 ], [ -78.719245910870029, 38.904880523317559 ], [ -78.724403381610728, 38.930213928030412 ], [ -78.737991332833701, 38.929172515798996 ], [ -78.749511718391034, 38.911380768207948 ], [ -78.793312072693936, 38.880107880074661 ], [ -78.816116332902425, 38.833633423144022 ], [ -78.866813659922457, 38.763290405128146 ], [ -78.987701416087418, 38.846649169923296 ], [ -79.033988952528091, 38.799846649303447 ], [ -79.055046081811213, 38.790519714713128 ], [ -79.056800842584778, 38.761940002029519 ], [ -79.087478637628976, 38.707153320069722 ], [ -79.088790893285079, 38.659088135109414 ], [ -79.121307372936883, 38.663650512761023 ], [ -79.127670287753517, 38.658126830888591 ], [ -79.231903076265894, 38.480373382325809 ] ] ] ] } },
{ "type": "Feature", "properties": { "STATE_NAME": "Maryland", "STATE_ABBR": "MD", "ELECT_VOTE": 10.0, "WON_12": "O", "WON_16": "C", "F2016Result": "Dem", "WON_20": "B", "F2020Result": "Dem", "Shape_Length": 21.880670411708394, "Shape_Area": 2.6251171117423766, "WON_24": "H", "F2024Result": "Dem" }, "geometry": { "type": "MultiPolygon", "coordinates": [ [ [ [ -75.711059569943131, 38.649551391383682 ], [ -75.707420349069821, 38.557476043884378 ], [ -75.699150085507995, 38.463066101319555 ], [ -75.350204467562094, 38.45520782438166 ], [ -75.093093872184397, 38.450450897291148 ], [ -75.155242919724913, 38.36962509192449 ], [ -75.150985718016443, 38.273765563629922 ], [ -75.262863159407232, 38.201416016036376 ], [ -75.373428345141974, 38.068920135555857 ], [ -75.37277984581317, 38.016712188516749 ], [ -75.626434325883395, 37.99641799909142 ], [ -75.648216247581729, 37.970130920006 ], [ -75.865730285923917, 37.979656219858725 ], [ -75.769554137813145, 38.097248077636721 ], [ -75.897796630610003, 38.174934387512053 ], [ -75.838073730917927, 38.231594085698532 ], [ -75.8616714476791, 38.240043639902126 ], [ -75.794174193983849, 38.263603210120095 ], [ -75.894958496137633, 38.258872985699782 ], [ -75.872436523226952, 38.357231140005183 ], [ -75.886825561750243, 38.375461578688942 ], [ -75.949928283663326, 38.28205490091301 ], [ -75.99528503437682, 38.282524108700727 ], [ -76.02080535868032, 38.321895599602271 ], [ -76.065460204724616, 38.258934020888432 ], [ -76.294273376515093, 38.436935425129832 ], [ -76.291984557841033, 38.478729248056425 ], [ -76.192214966147731, 38.543342589988583 ], [ -76.251052856504089, 38.595081329240031 ], [ -76.031936645359849, 38.571922302672192 ], [ -76.028060912680928, 38.622005462881873 ], [ -76.046920776072909, 38.591857909914665 ], [ -76.075996399214432, 38.610782623419368 ], [ -76.12403869642867, 38.707977295116109 ], [ -76.174041747728438, 38.70909500133331 ], [ -76.223312377664058, 38.762790679746104 ], [ -76.267120360915897, 38.769886016826263 ], [ -76.337623595852222, 38.679374694686487 ], [ -76.350532531950762, 38.699024200606402 ], [ -76.272415160830974, 38.833999633376436 ], [ -76.195175170997288, 38.765254974137804 ], [ -76.165855408000652, 38.788608551043865 ], [ -76.114372253376757, 38.885456085330134 ], [ -76.075866698988932, 38.889549255194027 ], [ -76.102897644210884, 38.898017883118882 ], [ -76.095497131187642, 38.948131560922832 ], [ -76.113868713070588, 38.920715331747203 ], [ -76.199668884511368, 38.973354340030824 ], [ -76.1112823483017, 39.11859512296661 ], [ -76.221771240050657, 39.092918395767413 ], [ -76.238891601466207, 39.130825043041341 ], [ -76.21843719512043, 39.204853057422724 ], [ -76.112373351848646, 39.32129669228857 ], [ -76.037422179789701, 39.358367919743728 ], [ -75.849739074598574, 39.379138946805028 ], [ -75.978797912593564, 39.394550323838416 ], [ -75.952636718809515, 39.471179961785879 ], [ -75.974761962994137, 39.52402114845728 ], [ -76.031410217307666, 39.569927215868347 ], [ -76.078506469997535, 39.542362212745957 ], [ -76.154525756958094, 39.401935577165204 ], [ -76.226661682290739, 39.374889374045438 ], [ -76.364028930390759, 39.393280029649702 ], [ -76.399040222028589, 39.231143951432273 ], [ -76.531295776678689, 39.242618560598146 ], [ -76.604026794201161, 39.25935363806002 ], [ -76.565132140935532, 39.231445312451285 ], [ -76.576980591081394, 39.198120117449491 ], [ -76.607330322436383, 39.180984497236807 ], [ -76.595138549804176, 39.158687591359296 ], [ -76.563919067011284, 39.196266174044752 ], [ -76.423934936548051, 39.118354797136249 ], [ -76.472038268950939, 38.908237456893175 ], [ -76.549125671712318, 38.758972168231026 ], [ -76.52525329570301, 38.709632873258556 ], [ -76.508895874145253, 38.522098541114815 ], [ -76.385810852089094, 38.391281128321452 ], [ -76.405456543084938, 38.346019745315061 ], [ -76.421463012308152, 38.320499420112185 ], [ -76.471923828421893, 38.335659027442205 ], [ -76.520080566165177, 38.410137176789306 ], [ -76.647254944060364, 38.45042419462095 ], [ -76.343780517356947, 38.213062285995761 ], [ -76.330169677488584, 38.045703887824232 ], [ -76.577270508227343, 38.222637176264698 ], [ -76.760238647795347, 38.234279632199332 ], [ -76.864181518262399, 38.391345977534911 ], [ -76.90857696565439, 38.299850463428186 ], [ -76.9730300906661, 38.331027984753746 ], [ -77.002395630054252, 38.426853179630598 ], [ -77.220924377058338, 38.390663146586974 ], [ -77.255874633507517, 38.413593292096778 ], [ -77.27775573693765, 38.487098694249369 ], [ -77.129989624421569, 38.64812469519859 ], [ -77.125114440978621, 38.677799224554633 ], [ -77.093147278024446, 38.703983306984071 ], [ -77.081878662170482, 38.715278625508233 ], [ -77.057121276825399, 38.712020873664414 ], [ -77.04647064180665, 38.718780517207165 ], [ -77.045448303296496, 38.788120269534886 ], [ -76.911209106814795, 38.889987945387418 ], [ -77.008232116818704, 38.966556549045549 ], [ -77.042388915815764, 38.993431091371804 ], [ -77.122627257941588, 38.932060241586953 ], [ -77.152046203569398, 38.964778900525914 ], [ -77.24372863726677, 38.975879669611118 ], [ -77.255989074935826, 39.027572631571729 ], [ -77.32460021992415, 39.062587738133686 ], [ -77.346519469897601, 39.068511962756929 ], [ -77.433036803905338, 39.066776275704626 ], [ -77.459693909046621, 39.080837249639387 ], [ -77.479248047259546, 39.103958129664022 ], [ -77.513046264973127, 39.116653442602342 ], [ -77.516616821708908, 39.15744399984078 ], [ -77.478637695373322, 39.176933288840246 ], [ -77.461997985618495, 39.218631744059792 ], [ -77.464958191367373, 39.22905731204537 ], [ -77.494064331203901, 39.249912262041335 ], [ -77.542190551352803, 39.26893997220202 ], [ -77.568962097023132, 39.298393249448964 ], [ -77.616523742576646, 39.299716949877393 ], [ -77.679588317946468, 39.318679809925356 ], [ -77.727752685537951, 39.317695617958464 ], [ -77.750373840180544, 39.3267173766057 ], [ -77.754585266396873, 39.338493346790585 ], [ -77.745735168543149, 39.360271453564792 ], [ -77.756507873939199, 39.378376006947235 ], [ -77.737518310321718, 39.396095275476625 ], [ -77.741119384651824, 39.403339385604227 ], [ -77.757270812897673, 39.425064087038038 ], [ -77.802558898574262, 39.432216644382663 ], [ -77.804977416574502, 39.439918518424918 ], [ -77.796081543228581, 39.450817108223021 ], [ -77.804473877167652, 39.463039398449553 ], [ -77.785392761666571, 39.459003448850126 ], [ -77.799781799290542, 39.480728149384618 ], [ -77.771835327138604, 39.498016357568872 ], [ -77.825469970362803, 39.49380874627667 ], [ -77.848159790042246, 39.501907349044984 ], [ -77.825546264348588, 39.511940002329311 ], [ -77.829208373867345, 39.529155731451908 ], [ -77.835746765300939, 39.525512695654413 ], [ -77.844131469391755, 39.531833649003772 ], [ -77.864913940326062, 39.514553069768397 ], [ -77.869842529109405, 39.545814514028677 ], [ -77.890197753723328, 39.557994842787821 ], [ -77.885452270505823, 39.564353942680384 ], [ -77.853240966797159, 39.565357208368539 ], [ -77.8401489260321, 39.572643279963472 ], [ -77.842689514409528, 39.605278015068393 ], [ -77.855804442920657, 39.602069854540218 ], [ -77.888717651298521, 39.6164741518607 ], [ -77.891021728769715, 39.600605010912602 ], [ -77.903533935242876, 39.596027374463802 ], [ -77.938888549366993, 39.618122101054155 ], [ -77.947822571054758, 39.614917755450108 ], [ -77.935737610002661, 39.59184265091767 ], [ -77.94525909403194, 39.585914611370299 ], [ -77.96451568614998, 39.611228943261153 ], [ -77.995483398340127, 39.59887313878437 ], [ -78.026695251284764, 39.622772216564613 ], [ -78.094612121452201, 39.67550659165596 ], [ -78.183242797517039, 39.69454956061378 ], [ -78.204574585148919, 39.675846100117496 ], [ -78.227867126866386, 39.673896789904973 ], [ -78.229499817262706, 39.658473968099202 ], [ -78.257995605212955, 39.641075134310029 ], [ -78.273284911869155, 39.618316650493057 ], [ -78.34819030753664, 39.640499114942259 ], [ -78.3570480343393, 39.63227844269602 ], [ -78.377937316853661, 39.631225585692277 ], [ -78.38490295370832, 39.614402771270932 ], [ -78.432159424218014, 39.62086105379467 ], [ -78.404266357406414, 39.587520599096422 ], [ -78.45089721723275, 39.592613220623662 ], [ -78.462081909252674, 39.580741882731729 ], [ -78.421089172727079, 39.549316406626929 ], [ -78.446136474318791, 39.548225403079925 ], [ -78.456077575719519, 39.533641815117733 ], [ -78.481544494682623, 39.519844054759346 ], [ -78.5090484617171, 39.525066375612823 ], [ -78.564453125411376, 39.520980834697809 ], [ -78.604629516738783, 39.5355911253302 ], [ -78.637344360753616, 39.529857635221731 ], [ -78.649406433160323, 39.537906646674458 ], [ -78.666687011496322, 39.536838531772901 ], [ -78.716575622267101, 39.559482574161507 ], [ -78.732978821115637, 39.576553345160789 ], [ -78.761711120871496, 39.581703186053232 ], [ -78.774002075235558, 39.601528167690844 ], [ -78.736511230408894, 39.608703613680859 ], [ -78.730758666579163, 39.621456145984382 ], [ -78.732643127578228, 39.626876831200832 ], [ -78.767875671325157, 39.626525878866289 ], [ -78.772964477928269, 39.64415359461276 ], [ -78.798408508246041, 39.630744934031554 ], [ -78.798728942986315, 39.615329742073982 ], [ -78.822669983133153, 39.585609436326479 ], [ -78.80680847203331, 39.566734314137364 ], [ -78.838371276413227, 39.563228607514304 ], [ -78.871070861630926, 39.525699615245117 ], [ -78.955642700350325, 39.460365295821816 ], [ -78.970687866251978, 39.438430786151912 ], [ -79.049102783466651, 39.483722686752628 ], [ -79.06465911862341, 39.485733032153746 ], [ -79.07087707531673, 39.470756530389622 ], [ -79.104843139799016, 39.470779419035011 ], [ -79.096961975114993, 39.464534759671494 ], [ -79.104324340695712, 39.447212218968787 ], [ -79.131645203063613, 39.416934966675399 ], [ -79.158370971443162, 39.41386413532166 ], [ -79.163261413683244, 39.393398285102819 ], [ -79.260406494064398, 39.348541259771366 ], [ -79.280059814009178, 39.325141906473846 ], [ -79.295509338485147, 39.300437927368478 ], [ -79.346427917614278, 39.291988373164941 ], [ -79.385078430125418, 39.269195556829516 ], [ -79.449508667391058, 39.211986541945407 ], [ -79.461418151826194, 39.213157653502947 ], [ -79.490089416393403, 39.197288513454168 ], [ -79.481208800945353, 39.720195770218652 ], [ -79.396850586285495, 39.719234466897205 ], [ -78.930427551090588, 39.722251892011286 ], [ -78.818016051799304, 39.723030090666214 ], [ -78.385047912730954, 39.723659515374379 ], [ -78.334815978574511, 39.724006652784851 ], [ -78.096221924102451, 39.725368499756485 ], [ -77.476081848198703, 39.719528198067962 ], [ -77.464721679561819, 39.71997833213436 ], [ -77.221343994429787, 39.720581055071705 ], [ -76.997108459088054, 39.720790863307741 ], [ -76.790794372462301, 39.721153259515347 ], [ -76.570144653552859, 39.720161437700256 ], [ -76.23344421357956, 39.721748351705116 ], [ -76.139549255193913, 39.722122192685106 ], [ -75.791435242142654, 39.723754883081426 ], [ -75.772697449127918, 39.383007049635694 ], [ -75.764663696472383, 39.295848846147408 ], [ -75.761657715231308, 39.247753143592774 ], [ -75.75292205790663, 39.141548157121804 ], [ -75.724937439211431, 38.830169677988295 ], [ -75.711059569943131, 38.649551391383682 ] ] ], [ [ [ -76.293128967627695, 38.907722472713999 ], [ -76.294509887421327, 38.96756744368264 ], [ -76.339065551733768, 38.956661224036338 ], [ -76.314453125411376, 38.941925049001838 ], [ -76.322631836190226, 38.912086486901899 ], [ -76.342544555686629, 38.924057006525686 ], [ -76.329711914473251, 38.875888824909396 ], [ -76.375564575644603, 38.854103088286934 ], [ -76.356796265035541, 38.958187102852548 ], [ -76.29981231718466, 39.040596008199259 ], [ -76.248146056994869, 38.978897094725198 ], [ -76.246734618707649, 38.923580169789034 ], [ -76.273513794226176, 38.949230194318091 ], [ -76.293128967627695, 38.907722472713999 ] ] ], [ [ [ -75.06829833939679, 38.449962615782169 ], [ -75.045997619494528, 38.449489593070325 ], [ -75.087692260689266, 38.322944640782623 ], [ -75.06829833939679, 38.449962615782169 ] ] ], [ [ [ -75.270721435445864, 38.027587890568725 ], [ -75.244461059929961, 38.037902832050122 ], [ -75.209754944235272, 38.094177246282925 ], [ -75.164741516008121, 38.20484542867365 ], [ -75.094398498891564, 38.3202018740173 ], [ -75.173179626338651, 38.124187469176434 ], [ -75.242584228779094, 38.028526306144158 ], [ -75.270721435445864, 38.027587890568725 ] ] ] ] } },
{ "type": "Feature", "properties": { "STATE_NAME": "Colorado", "STATE_ABBR": "CO", "ELECT_VOTE": 10.0, "WON_12": "O", "WON_16": "C", "F2016Result": "Dem", "WON_20": "B", "F2020Result": "Dem", "Shape_Length": 22.025267043954994, "Shape_Area": 28.041027109964347, "WON_24": "H", "F2024Result": "Dem" }, "geometry": { "type": "MultiPolygon", "coordinates": [ [ [ [ -102.043998717966417, 37.641460418663428 ], [ -102.041557312220164, 37.386260986055731 ], [ -102.036758422762944, 36.98897170987658 ], [ -102.997222900716281, 36.998504638678185 ], [ -103.077377319008008, 36.999740600348503 ], [ -103.993110656931265, 36.994445800433368 ], [ -105.145614624415373, 36.99318313609291 ], [ -105.212532043818726, 36.992580414054942 ], [ -105.712890625002331, 36.994541168140472 ], [ -105.991424560794826, 36.992275238111802 ], [ -106.471588135184277, 36.991493225432066 ], [ -106.86065673821787, 36.989490508979884 ], [ -106.889778136851476, 36.999073028197756 ], [ -107.410217285199508, 36.997520446711292 ], [ -107.471855163484975, 36.998771667178744 ], [ -108.371833800989066, 36.999473571847886 ], [ -109.047821044805346, 36.996643066324509 ], [ -109.044937133941517, 37.630828857365941 ], [ -109.042541503687403, 37.887428283488532 ], [ -109.042800903239083, 38.152942657577626 ], [ -109.055198669183198, 38.244930267218137 ], [ -109.053283691489128, 38.494663238217925 ], [ -109.050750732060578, 39.360988617031126 ], [ -109.052864075016998, 39.518196105565892 ], [ -109.051887511999041, 39.657409668121716 ], [ -109.050590515140129, 40.210544585864 ], [ -109.04547882079089, 40.665328979149137 ], [ -109.047637939239451, 40.99847412118379 ], [ -107.918037414594949, 41.003410338916069 ], [ -107.303436279360767, 41.000167846768761 ], [ -106.864837646839874, 40.998489379980981 ], [ -106.328544616340935, 41.001316070580231 ], [ -106.202896118161277, 41.000110626504238 ], [ -105.278259277043958, 40.996364593151498 ], [ -104.933967590431905, 40.994304657334112 ], [ -104.051200867126283, 41.003227234249493 ], [ -103.571823120340696, 40.999664306462648 ], [ -103.382469177310668, 41.000331878613338 ], [ -102.651802063114701, 40.998134612722254 ], [ -102.620788574533037, 41.000225067033284 ], [ -102.047279357556249, 40.998077392457731 ], [ -102.046531677394967, 40.74313354447753 ], [ -102.045570373174144, 40.697322845672829 ], [ -102.047157287179004, 40.431083679168523 ], [ -102.047080994092596, 40.342651367466715 ], [ -102.051071167300506, 39.998928070374177 ], [ -102.048980712989476, 39.568698883146965 ], [ -102.048339843508927, 39.562808990142855 ], [ -102.047416686730685, 39.12675094599939 ], [ -102.048515320125887, 39.03699874879328 ], [ -102.047111510787545, 38.692539215412523 ], [ -102.047126769584736, 38.615486145169541 ], [ -102.04508972151342, 38.2633285526706 ], [ -102.045600890768469, 38.253807067742059 ], [ -102.043518066305694, 37.734386443879316 ], [ -102.043998717966417, 37.641460418663428 ] ] ] ] } },
{ "type": "Feature", "properties": { "STATE_NAME": "Kentucky", "STATE_ABBR": "KY", "ELECT_VOTE": 8.0, "WON_12": "R", "WON_16": "T", "F2016Result": "Rep", "WON_20": "T", "F2020Result": "Rep", "Shape_Length": 21.151942942059968, "Shape_Area": 10.645119078217512, "WON_24": "T", "F2024Result": "Rep" }, "geometry": { "type": "MultiPolygon", "coordinates": [ [ [ [ -86.510673523364346, 36.655033111289129 ], [ -86.770538330279692, 36.65205764764238 ], [ -87.068183899167593, 36.650768279732404 ], [ -87.11270141603751, 36.651264191089581 ], [ -87.346603393531723, 36.649230957043073 ], [ -87.640640259140582, 36.645168304773506 ], [ -87.693511962507046, 36.644439697434166 ], [ -87.853515624946112, 36.641471862736353 ], [ -87.870689391702001, 36.669372558496832 ], [ -88.071311950585994, 36.679630279713706 ], [ -88.04106140096286, 36.582668303999071 ], [ -88.035049438480769, 36.538146973104404 ], [ -88.042732238801761, 36.496517181123068 ], [ -88.495979309397569, 36.498149871519388 ], [ -88.512634277050211, 36.499488830745008 ], [ -88.81066131586698, 36.498985290438839 ], [ -88.82630157485778, 36.499847412028487 ], [ -88.83031463581176, 36.499794006688091 ], [ -89.346595764183121, 36.502548217326421 ], [ -89.414710998713588, 36.50261688236327 ], [ -89.418136596426734, 36.510562897160014 ], [ -89.373878479108498, 36.61618804933903 ], [ -89.363548278829967, 36.625701904419429 ], [ -89.342323302778141, 36.628849029758953 ], [ -89.322273254107358, 36.622016907154602 ], [ -89.283424377233189, 36.575248718153887 ], [ -89.241615295509462, 36.569267273266121 ], [ -89.210060120078424, 36.581893921167591 ], [ -89.200119018677754, 36.631298065353462 ], [ -89.177093505460846, 36.653003693066012 ], [ -89.167831420983248, 36.671569824387916 ], [ -89.197494506466285, 36.713367462238637 ], [ -89.196296692238491, 36.727420807224519 ], [ -89.177200317040956, 36.760925292868023 ], [ -89.151367187845381, 36.759040832768278 ], [ -89.125473022561891, 36.768032073821189 ], [ -89.125839233693625, 36.792411804161475 ], [ -89.164375304776456, 36.804420471227843 ], [ -89.173461914435791, 36.829383849884834 ], [ -89.166496276681812, 36.843421936073526 ], [ -89.129585266147103, 36.866439819442178 ], [ -89.104965209976399, 36.953868866355151 ], [ -89.107147217070349, 36.97745132431919 ], [ -89.129859924495861, 36.988113403211059 ], [ -89.150245666704109, 36.998439788565463 ], [ -89.174331664974318, 37.025711059617777 ], [ -89.169548034314289, 37.064235686827544 ], [ -89.146347046279118, 37.093185424667638 ], [ -89.116821289071197, 37.112136840842595 ], [ -89.065032959403538, 37.185859680180158 ], [ -88.993171691520331, 37.22003555289848 ], [ -88.932502746404566, 37.218406677426287 ], [ -88.863288879378217, 37.202194213991845 ], [ -88.746505736950155, 37.152107238858036 ], [ -88.739112853775168, 37.141181945490416 ], [ -88.688369751262996, 37.135410308838743 ], [ -88.614219665605049, 37.109046935767537 ], [ -88.559272765825426, 37.072814941256581 ], [ -88.517272949586925, 37.064769744727982 ], [ -88.490699768279626, 37.068180084543314 ], [ -88.476799011265314, 37.072143555081027 ], [ -88.450469970712561, 37.098670959097547 ], [ -88.42251586871231, 37.156909942340008 ], [ -88.450698852669859, 37.205669403020579 ], [ -88.501426696384897, 37.25778198235264 ], [ -88.511322021394108, 37.296852112235229 ], [ -88.46764373746845, 37.400756836159132 ], [ -88.419853210856957, 37.420291900650739 ], [ -88.359176635892993, 37.409309387018652 ], [ -88.311706543122455, 37.442852020104681 ], [ -88.087882995303971, 37.476272582813522 ], [ -88.071563720289419, 37.510990142381218 ], [ -88.134170532643907, 37.583572387755567 ], [ -88.157630920230758, 37.628479003503287 ], [ -88.159370422207189, 37.660686493187143 ], [ -88.133636474743469, 37.700744629061433 ], [ -88.072471618270527, 37.735401153440534 ], [ -88.035575866532952, 37.80568313626776 ], [ -88.011192322167915, 37.801307678206854 ], [ -87.958709716779993, 37.776180267705229 ], [ -87.939582824887395, 37.799507141041772 ], [ -87.920143127203517, 37.809684753348733 ], [ -87.910202026702109, 37.838569641076106 ], [ -87.936820983501548, 37.875179290591859 ], [ -87.934455871741079, 37.904159546026278 ], [ -87.921867370382813, 37.91986465423048 ], [ -87.899009704833986, 37.924552917183462 ], [ -87.857162475667678, 37.890903472517323 ], [ -87.823623657505777, 37.878211975402394 ], [ -87.753761291150624, 37.898086547456273 ], [ -87.728179931658474, 37.894542694289953 ], [ -87.709388733303342, 37.899711608903658 ], [ -87.679702759174972, 37.897006988681653 ], [ -87.684700012095846, 37.83633041371769 ], [ -87.651679993037192, 37.828132629217521 ], [ -87.607574462791206, 37.843776703132392 ], [ -87.593620300436498, 37.86486816403459 ], [ -87.594703674135189, 37.890724181875555 ], [ -87.627120972055195, 37.923412323220191 ], [ -87.604309081998508, 37.971115111972892 ], [ -87.504791260008631, 37.915584563876564 ], [ -87.452278137026383, 37.936477661315053 ], [ -87.387542724716923, 37.934925078929325 ], [ -87.310554504586662, 37.893672942852106 ], [ -87.272743225019781, 37.870773315835891 ], [ -87.226760864522248, 37.849071503047469 ], [ -87.175781250204523, 37.838592529721495 ], [ -87.158081054497018, 37.826919555293273 ], [ -87.131881714169708, 37.78968811001829 ], [ -87.106430054003738, 37.784202575588438 ], [ -87.071311950785855, 37.807086944706782 ], [ -87.036483764713921, 37.907955169795287 ], [ -87.013160705402186, 37.92471313500323 ], [ -86.989036559689453, 37.930564880564816 ], [ -86.931579590026047, 37.937988281334185 ], [ -86.90008544888434, 37.953643799122062 ], [ -86.863281249929685, 37.986865997467874 ], [ -86.826316833155261, 37.991504669105268 ], [ -86.802825927974141, 37.97874450695349 ], [ -86.753837585336271, 37.898303985540565 ], [ -86.728889465476414, 37.894565582036023 ], [ -86.689140319570072, 37.911796569955811 ], [ -86.668670654427103, 37.913139343206183 ], [ -86.660324096879549, 37.902515411756895 ], [ -86.670684814752349, 37.860584258756603 ], [ -86.665939330635581, 37.847324371222783 ], [ -86.645584106021658, 37.845943450529887 ], [ -86.61479949939735, 37.857917785977065 ], [ -86.598327636411227, 37.92101287804195 ], [ -86.581802368084766, 37.925605774187204 ], [ -86.541107177654112, 37.921455383159469 ], [ -86.52275848351718, 37.927810669027224 ], [ -86.516921996752728, 37.942180633829253 ], [ -86.5308685301585, 37.987415314165446 ], [ -86.527854919069227, 38.018630981134947 ], [ -86.519111633694877, 38.046985625885952 ], [ -86.503135681166725, 38.051586150980143 ], [ -86.458389282339454, 38.059097289608303 ], [ -86.442489623797087, 38.075931548801975 ], [ -86.442543030036745, 38.08863449068923 ], [ -86.474357605019406, 38.111644745108947 ], [ -86.464866638584454, 38.129093170213707 ], [ -86.452545165726804, 38.129692077327547 ], [ -86.407203674709763, 38.108154297283022 ], [ -86.39369964642151, 38.123229980779058 ], [ -86.344062805354156, 38.134204864562889 ], [ -86.33544158945773, 38.143962860397721 ], [ -86.343147277524793, 38.155494689828117 ], [ -86.387123107545335, 38.167957305885011 ], [ -86.388328552520647, 38.194744110352474 ], [ -86.364372253576619, 38.193225860485143 ], [ -86.341629028556781, 38.177223205286737 ], [ -86.297698974927698, 38.150238037355564 ], [ -86.291465759437187, 38.078422546763193 ], [ -86.277725219343381, 38.058105468692474 ], [ -86.252182006394435, 38.040653228663643 ], [ -86.190650939689078, 38.017688751534706 ], [ -86.105018615916379, 38.011264800630101 ], [ -86.05274963368862, 37.966712951241732 ], [ -86.031654357862294, 37.992877959949965 ], [ -86.006698608154181, 38.001693725285236 ], [ -85.958618164396739, 38.011768340936214 ], [ -85.930908203151034, 38.033977508954933 ], [ -85.914787292499511, 38.064804077046574 ], [ -85.912109374947647, 38.179931640432926 ], [ -85.852371215559117, 38.238491058415661 ], [ -85.839942932020676, 38.276222229072687 ], [ -85.806587219424614, 38.286109924233642 ], [ -85.786247253607826, 38.282321930312889 ], [ -85.746963500565073, 38.270244598209672 ], [ -85.681427001854615, 38.300884246710666 ], [ -85.654266357306483, 38.337684631640514 ], [ -85.643630981084868, 38.383621215746587 ], [ -85.612678527691855, 38.446605682206496 ], [ -85.507240295103486, 38.471355438602643 ], [ -85.466423034295531, 38.518112182831032 ], [ -85.432411193421785, 38.536952972501751 ], [ -85.41750335669451, 38.561412810852573 ], [ -85.424446105803099, 38.584777831631698 ], [ -85.453720092408275, 38.694614410027043 ], [ -85.446731567807547, 38.724781036715513 ], [ -85.41822814910978, 38.738357544065479 ], [ -85.335052489880468, 38.736946105778202 ], [ -85.271438598712336, 38.744316101207176 ], [ -85.205207824281615, 38.695755004889634 ], [ -85.160980224557704, 38.695114135409085 ], [ -85.119705199835039, 38.714076995457049 ], [ -85.068504333408214, 38.750362396207663 ], [ -85.02512359647676, 38.764228820703579 ], [ -84.975662231127046, 38.7805786133124 ], [ -84.818832397597021, 38.793346405312434 ], [ -84.824478149846698, 38.834400177026623 ], [ -84.787498474275139, 38.866580963140962 ], [ -84.788719177148266, 38.884323120315798 ], [ -84.803276062440318, 38.897129058859036 ], [ -84.859794616528291, 38.901981353656595 ], [ -84.87530517619291, 38.90937042280683 ], [ -84.875930785976948, 38.927543640326803 ], [ -84.846366882225823, 38.954570770624628 ], [ -84.83449554433389, 38.982715606240276 ], [ -84.844276427914792, 39.005771637051453 ], [ -84.876342773500141, 39.032836913892538 ], [ -84.890045166151481, 39.050590514940382 ], [ -84.886756896713393, 39.064987182412608 ], [ -84.82791137650878, 39.103630065974812 ], [ -84.811531067204953, 39.102527618554802 ], [ -84.789978027463974, 39.106975555677423 ], [ -84.742927551165508, 39.142005920137137 ], [ -84.667541503837299, 39.089565277115923 ], [ -84.622703552227108, 39.07487487757362 ], [ -84.593124389678792, 39.0702056883419 ], [ -84.515357970893604, 39.094135284615732 ], [ -84.492111206466973, 39.107303619366576 ], [ -84.444976806334523, 39.11176681528633 ], [ -84.425743102861873, 39.084663391002721 ], [ -84.419799804517311, 39.047275542832097 ], [ -84.391372680704592, 39.035682678213107 ], [ -84.345840454273514, 39.037750243878691 ], [ -84.313377379962105, 39.014011383018953 ], [ -84.290199279673004, 38.944473266328202 ], [ -84.26158905029439, 38.917411804411302 ], [ -84.235359191473492, 38.874488830495181 ], [ -84.228767394699446, 38.812622070252417 ], [ -84.176818847212019, 38.788429260402097 ], [ -84.088935852207783, 38.765434264779572 ], [ -84.053871155229615, 38.763664245208815 ], [ -83.962234497024383, 38.777576446096191 ], [ -83.912612914754163, 38.757888793632958 ], [ -83.857627868431337, 38.744846344183486 ], [ -83.837608337354823, 38.71180725140357 ], [ -83.790542602259222, 38.693771362158714 ], [ -83.770301819073666, 38.650745391586611 ], [ -83.712905883699534, 38.6354789735758 ], [ -83.678611755528038, 38.620853424146276 ], [ -83.655838012913932, 38.623806000046898 ], [ -83.643272400201056, 38.635787963543748 ], [ -83.63332366985145, 38.664897918304348 ], [ -83.618461608616315, 38.677898407185808 ], [ -83.526641845744564, 38.696037292187327 ], [ -83.500160217220184, 38.690063476248497 ], [ -83.453704834010864, 38.663700104076611 ], [ -83.371513366748445, 38.654922485284544 ], [ -83.330116271648592, 38.631912231764147 ], [ -83.320419311901674, 38.606487274268318 ], [ -83.306625366467472, 38.596240996924507 ], [ -83.290138244684215, 38.596561431664782 ], [ -83.27285003649996, 38.609180450617373 ], [ -83.24510955765993, 38.624095917192903 ], [ -83.182037353341173, 38.609764098934079 ], [ -83.143249511655597, 38.619262695217287 ], [ -83.111343383890016, 38.664756775105161 ], [ -83.060981750407393, 38.68564987164433 ], [ -83.027046203519433, 38.714435577639847 ], [ -82.972587585248846, 38.719566344811028 ], [ -82.921409606568034, 38.7463378904813 ], [ -82.890419006631817, 38.742698669607989 ], [ -82.873298645216266, 38.718929291153927 ], [ -82.880119323947611, 38.68322372469521 ], [ -82.860137939414358, 38.652317046794337 ], [ -82.853965759112441, 38.600379944079236 ], [ -82.82710266155857, 38.571582794210656 ], [ -82.802474975539667, 38.557209014484499 ], [ -82.742057800127327, 38.552986145294426 ], [ -82.695693969700926, 38.539062499634724 ], [ -82.669876098403165, 38.502059936317039 ], [ -82.613861083721986, 38.472587585348833 ], [ -82.5867233278193, 38.412437439336429 ], [ -82.598358153905622, 38.368381500405974 ], [ -82.572418213129993, 38.3077278140874 ], [ -82.580169677588515, 38.292427062658874 ], [ -82.574699401955797, 38.255889892204834 ], [ -82.589233398602403, 38.24530410729875 ], [ -82.616348266759076, 38.238727569321895 ], [ -82.606765746641884, 38.193740844664319 ], [ -82.613883972367375, 38.1780090328906 ], [ -82.647277832406019, 38.16934967045097 ], [ -82.646247864047666, 38.146244049223526 ], [ -82.593330383390423, 38.109874725538191 ], [ -82.524803161336763, 38.015571594553478 ], [ -82.475906372381132, 37.975814819698201 ], [ -82.480300903264038, 37.954303741424553 ], [ -82.493522644254597, 37.942420959659614 ], [ -82.500335693137686, 37.922168731701674 ], [ -82.437736511530773, 37.894760131474925 ], [ -82.421638488625319, 37.872261047209633 ], [ -82.405937194445926, 37.811622619688194 ], [ -82.339981079263339, 37.784301758219613 ], [ -82.319633483598352, 37.758327484026211 ], [ -82.329536437556499, 37.744071960652491 ], [ -82.295761108488307, 37.668956756748969 ], [ -82.238510132136867, 37.656673431333843 ], [ -82.205581664961812, 37.62391281092755 ], [ -82.185691833211479, 37.640563964555383 ], [ -82.159454345441645, 37.59346389784065 ], [ -82.131927490661155, 37.590431213030115 ], [ -82.137619018402916, 37.569789886194371 ], [ -82.146667480619669, 37.565814971783595 ], [ -82.142654418766369, 37.55734634385874 ], [ -82.084541320825281, 37.548202514834259 ], [ -82.055816650018357, 37.525234222781194 ], [ -82.049285888432962, 37.551345825249712 ], [ -82.02650451686992, 37.530410766343834 ], [ -81.976730346628131, 37.543144225825415 ], [ -81.959732055589882, 37.531063079697446 ], [ -82.289085387880334, 37.304752349741193 ], [ -82.353973389060627, 37.260410308588916 ], [ -82.406013488431711, 37.250595092489561 ], [ -82.550163268719814, 37.199272155685492 ], [ -82.568145751725012, 37.193813323925838 ], [ -82.719215393375691, 37.109916687205384 ], [ -82.721496582201496, 37.093017577898934 ], [ -82.709289550772098, 37.075382232304207 ], [ -82.720176696697138, 37.06583023068066 ], [ -82.72371673583865, 37.033893585320754 ], [ -82.812339782954609, 37.005504608051297 ], [ -82.866676330847952, 36.974491119469633 ], [ -82.860748291300581, 36.932067870935555 ], [ -82.87815856896276, 36.893600463990254 ], [ -82.95092010497882, 36.863986968923541 ], [ -83.046745299855672, 36.85870361288147 ], [ -83.068061828690418, 36.850906372031488 ], [ -83.128326416131188, 36.779064178768863 ], [ -83.124496459843726, 36.751079559174343 ], [ -83.138618468967138, 36.739971161140204 ], [ -83.203758239850856, 36.734172820919014 ], [ -83.321479796955032, 36.709445953168256 ], [ -83.385948180763876, 36.688133240156958 ], [ -83.404243469560413, 36.67224121056347 ], [ -83.460311889581988, 36.661746978440362 ], [ -83.530982971287074, 36.661396027005082 ], [ -83.646888733328353, 36.616893768033037 ], [ -83.675262450901357, 36.59862136878121 ], [ -83.695693969501065, 36.58416748014514 ], [ -83.935676574514275, 36.591209411884904 ], [ -84.006820678931149, 36.592006683361774 ], [ -84.254554748402882, 36.595371246785646 ], [ -84.256843567076942, 36.595417022277786 ], [ -84.781929016011247, 36.605003357319163 ], [ -84.79111480740238, 36.605365753526769 ], [ -84.998512267726937, 36.620914458835273 ], [ -85.272537231208219, 36.625553131371987 ], [ -85.300132751025615, 36.626037597956838 ], [ -85.437408447242035, 36.618137359551554 ], [ -85.785499572547224, 36.626628876121799 ], [ -85.980628967153052, 36.63306045507602 ], [ -86.199005127084888, 36.64324569723118 ], [ -86.415451049626199, 36.650890350109648 ], [ -86.510673523364346, 36.655033111289129 ] ] ], [ [ [ -89.533195495675557, 36.498107910052056 ], [ -89.566986083540883, 36.518737793014793 ], [ -89.568153381073614, 36.541408538972973 ], [ -89.556137085058367, 36.55774307278466 ], [ -89.530364990152123, 36.564556121667749 ], [ -89.49312591592826, 36.559116363629357 ], [ -89.481674194508457, 36.547775268713735 ], [ -89.471374511824251, 36.52555465682201 ], [ -89.481681823457336, 36.504695891901918 ], [ -89.475822448946815, 36.498546600245447 ], [ -89.533195495675557, 36.498107910052056 ] ] ] ] } },
{ "type": "Feature", "properties": { "STATE_NAME": "Kansas", "STATE_ABBR": "KS", "ELECT_VOTE": 6.0, "WON_12": "R", "WON_16": "T", "F2016Result": "Rep", "WON_20": "T", "F2020Result": "Rep", "Shape_Length": 21.104509785177303, "Shape_Area": 21.981892678581865, "WON_24": "T", "F2024Result": "Rep" }, "geometry": { "type": "MultiPolygon", "coordinates": [ [ [ [ -95.071693420015265, 37.001407623263276 ], [ -95.40637207071444, 37.000537872724692 ], [ -95.525764465657517, 37.000938415475559 ], [ -95.785491943398426, 36.998035430890468 ], [ -95.957702636367515, 37.00001144377319 ], [ -96.005790710872589, 36.998264312847823 ], [ -96.518898010334851, 37.000537872724692 ], [ -96.748390198149082, 37.000133514150434 ], [ -97.137374878248011, 36.999778747791026 ], [ -97.465080261344951, 36.996440887037352 ], [ -97.803916931121421, 36.998542785221389 ], [ -98.104187011321471, 36.998645782776691 ], [ -98.346794128546151, 36.999034881654495 ], [ -98.539863586435331, 36.998348235782487 ], [ -98.999137878310421, 36.998043060738723 ], [ -99.437080383452894, 36.994529724267409 ], [ -99.54424285922056, 36.995433807324389 ], [ -99.99884796186393, 36.995388030932929 ], [ -100.088157653952521, 36.997623443367274 ], [ -100.63381195066097, 36.997806548933113 ], [ -100.950141906323893, 36.996635437375573 ], [ -101.071159362714354, 36.997440337801379 ], [ -101.553237914797876, 36.996665954969899 ], [ -102.024070739672879, 36.988853454423463 ], [ -102.036758422762944, 36.98897170987658 ], [ -102.041557312220164, 37.386260986055731 ], [ -102.043998717966417, 37.641460418663428 ], [ -102.043518066305694, 37.734386443879316 ], [ -102.045600890768469, 38.253807067742059 ], [ -102.04508972151342, 38.2633285526706 ], [ -102.047126769584736, 38.615486145169541 ], [ -102.047111510787545, 38.692539215412523 ], [ -102.048515320125887, 39.03699874879328 ], [ -102.047416686730685, 39.12675094599939 ], [ -102.048339843508927, 39.562808990142855 ], [ -102.048980712989476, 39.568698883146965 ], [ -102.051071167300506, 39.998928070374177 ], [ -101.406951904706602, 40.001007079912881 ], [ -101.321708678912387, 40.001823425111013 ], [ -100.754425048477174, 40.00019454963882 ], [ -100.734619140560881, 39.999168396204595 ], [ -100.190696715980607, 40.000579833592496 ], [ -100.180496215927576, 40.000473022012386 ], [ -99.62747192379021, 40.002979278770738 ], [ -99.177833557372765, 39.999565124930598 ], [ -99.064384460774193, 39.998325348336209 ], [ -98.720283508676971, 39.998447417814134 ], [ -98.504142761179423, 39.997116088436769 ], [ -98.263839721425995, 39.998420715143936 ], [ -97.929267883206194, 39.998439788865198 ], [ -97.816268920674133, 39.999717712002848 ], [ -97.361595153893177, 39.99737548798845 ], [ -96.907981872165635, 39.996150970191195 ], [ -96.801116943392174, 39.994472503403358 ], [ -96.453742980653999, 39.994171142384346 ], [ -96.240310669201961, 39.994503020997684 ], [ -96.000976562618234, 39.995159149275366 ], [ -95.780433654389583, 39.993488311436465 ], [ -95.32944488487351, 39.992595672252548 ], [ -95.308441161830103, 39.999408722034957 ], [ -95.240707397228562, 39.942108154367872 ], [ -95.207344054784244, 39.938179016348556 ], [ -95.193710327169811, 39.91018295288103 ], [ -95.150299072644032, 39.908058166950923 ], [ -95.100471496162584, 39.869869232379244 ], [ -95.062995911032431, 39.866542816397896 ], [ -95.033256530664346, 39.877849578795065 ], [ -95.021522521946792, 39.89698410053586 ], [ -94.964775085002145, 39.900829315620456 ], [ -94.937995910382938, 39.896087646427816 ], [ -94.936264038254706, 39.849391937388077 ], [ -94.92362976050498, 39.833137512486246 ], [ -94.898078918607155, 39.828338623029083 ], [ -94.888259887583729, 39.817405700712584 ], [ -94.899078369371239, 39.793781280381836 ], [ -94.933021545208135, 39.782779693927807 ], [ -94.934867858764619, 39.775432586244904 ], [ -94.921554564991141, 39.757846831965765 ], [ -94.87682342496106, 39.760684967337397 ], [ -94.870941161805149, 39.754123688157733 ], [ -94.877616882413179, 39.739311218238186 ], [ -94.905433654339618, 39.7267608643225 ], [ -94.93061065705615, 39.727031707747187 ], [ -94.952896118161277, 39.736507415384949 ], [ -94.961540221803773, 39.732044220364514 ], [ -94.978324890581177, 39.684993744066105 ], [ -95.028045654583252, 39.661918640432987 ], [ -95.055770873726829, 39.625694274870966 ], [ -95.053367614523779, 39.586780547884018 ], [ -95.10874176062373, 39.560695648085755 ], [ -95.101791381666885, 39.532852172589742 ], [ -95.047355652041688, 39.485332489402936 ], [ -95.040267943910465, 39.462944030742449 ], [ -94.98596191451071, 39.439464569434392 ], [ -94.958251953265005, 39.411449432245547 ], [ -94.925506591655846, 39.381267547659263 ], [ -94.898040771164631, 39.380641936975849 ], [ -94.911102295234684, 39.340122223162098 ], [ -94.907440185715984, 39.323028564416745 ], [ -94.880867004408685, 39.286045074820379 ], [ -94.833236694717641, 39.261764526211948 ], [ -94.820579529221845, 39.211002349978514 ], [ -94.789810180495408, 39.196880340855103 ], [ -94.730293274115297, 39.171253204072173 ], [ -94.675277710198145, 39.174919128515 ], [ -94.646171569462297, 39.158424377782865 ], [ -94.612419128140232, 39.151645660518852 ], [ -94.600990295365818, 39.141223907457402 ], [ -94.607902526880082, 39.112796783644683 ], [ -94.609046935767424, 39.044662475392954 ], [ -94.612236022574336, 38.8371009823245 ], [ -94.612915039497466, 38.737213135178081 ], [ -94.618484496861981, 38.471458435258626 ], [ -94.618820190399447, 38.392013549685601 ], [ -94.61709594722015, 38.055751800805012 ], [ -94.616500854131061, 38.030353545979438 ], [ -94.619056701305681, 37.679824828952746 ], [ -94.618759155210796, 37.650329590238471 ], [ -94.618530273253498, 37.360713959081977 ], [ -94.618743896413662, 37.327678680326869 ], [ -94.620437621998633, 37.060085296699128 ], [ -94.620155334700883, 36.996982574786045 ], [ -95.032508850503007, 37.000709533518204 ], [ -95.071693420015265, 37.001407623263276 ] ] ] ] } },
{ "type": "Feature", "properties": { "STATE_NAME": "Virginia", "STATE_ABBR": "VA", "ELECT_VOTE": 13.0, "WON_12": "O", "WON_16": "C", "F2016Result": "Dem", "WON_20": "B", "F2020Result": "Dem", "Shape_Length": 31.198998430889159, "Shape_Area": 10.512135866286322, "WON_24": "H", "F2024Result": "Dem" }, "geometry": { "type": "MultiPolygon", "coordinates": [ [ [ [ -79.144325256305478, 36.546058654483375 ], [ -79.217063903676149, 36.549781799190725 ], [ -79.510299682884011, 36.547657013260618 ], [ -79.717445373505143, 36.547889709242725 ], [ -80.024055480775758, 36.545024872100214 ], [ -80.048095703553827, 36.547134399233187 ], [ -80.435310364082, 36.551044464430561 ], [ -80.611053467243664, 36.557296752743014 ], [ -80.83815765375266, 36.563438415450548 ], [ -80.903442382759692, 36.565212249945432 ], [ -81.345298767124348, 36.572864532672099 ], [ -81.669998168980271, 36.589649200550241 ], [ -81.652435302447202, 36.607555389569598 ], [ -81.829055785995706, 36.611480712664786 ], [ -81.918449401918338, 36.613494872990032 ], [ -81.929458618220622, 36.595836639649235 ], [ -82.154327392295272, 36.595043182197173 ], [ -82.216804504424317, 36.593967437447304 ], [ -82.296997070158625, 36.591697692494563 ], [ -82.610961914061022, 36.591445922791138 ], [ -82.849937439361327, 36.590946197409153 ], [ -82.986808777003432, 36.591197967112521 ], [ -83.211029052648598, 36.588001251356729 ], [ -83.248489379880937, 36.589847564913271 ], [ -83.275131225325765, 36.600379943579583 ], [ -83.464302062789955, 36.598754883031461 ], [ -83.675262450901357, 36.59862136878121 ], [ -83.646888733328353, 36.616893768033037 ], [ -83.530982971287074, 36.661396027005082 ], [ -83.460311889581988, 36.661746978440362 ], [ -83.404243469560413, 36.67224121056347 ], [ -83.385948180763876, 36.688133240156958 ], [ -83.321479796955032, 36.709445953168256 ], [ -83.203758239850856, 36.734172820919014 ], [ -83.138618468967138, 36.739971161140204 ], [ -83.124496459843726, 36.751079559174343 ], [ -83.128326416131188, 36.779064178768863 ], [ -83.068061828690418, 36.850906372031488 ], [ -83.046745299855672, 36.85870361288147 ], [ -82.95092010497882, 36.863986968923541 ], [ -82.87815856896276, 36.893600463990254 ], [ -82.860748291300581, 36.932067870935555 ], [ -82.866676330847952, 36.974491119469633 ], [ -82.812339782954609, 37.005504608051297 ], [ -82.72371673583865, 37.033893585320754 ], [ -82.720176696697138, 37.06583023068066 ], [ -82.709289550772098, 37.075382232304207 ], [ -82.721496582201496, 37.093017577898934 ], [ -82.719215393375691, 37.109916687205384 ], [ -82.568145751725012, 37.193813323925838 ], [ -82.550163268719814, 37.199272155685492 ], [ -82.406013488431711, 37.250595092489561 ], [ -82.353973389060627, 37.260410308588916 ], [ -82.289085387880334, 37.304752349741193 ], [ -81.959732055589882, 37.531063079697446 ], [ -81.935607909877092, 37.506534576309718 ], [ -81.948150634843898, 37.49291610749242 ], [ -81.976577758656617, 37.482795715449981 ], [ -81.988357543765574, 37.466476440435429 ], [ -81.920890807664591, 37.415405273334727 ], [ -81.926979065031787, 37.371616363804208 ], [ -81.897315978649431, 37.340476989921228 ], [ -81.863975524850559, 37.325344085261406 ], [ -81.858840942755251, 37.306919098038009 ], [ -81.839050292736772, 37.28539276096717 ], [ -81.815544128758518, 37.279426574876595 ], [ -81.79282379148475, 37.287040710160682 ], [ -81.752021789473986, 37.27214431730647 ], [ -81.738624572765787, 37.25037765530459 ], [ -81.701896667796916, 37.235321044630552 ], [ -81.666053772163821, 37.204795837557924 ], [ -81.556823730730571, 37.206237792540151 ], [ -81.50570678723841, 37.234256744653123 ], [ -81.495704650649088, 37.252735138116179 ], [ -81.475532531601004, 37.254306793323906 ], [ -81.403518676645547, 37.282508850103397 ], [ -81.391120910701432, 37.311038970572099 ], [ -81.358970642181362, 37.338836669676596 ], [ -81.312049866108396, 37.293590545467339 ], [ -81.223114014100418, 37.240097046341646 ], [ -81.140922545938679, 37.274806976061143 ], [ -81.025123596376829, 37.285942077664799 ], [ -80.986129760480026, 37.306121826561082 ], [ -80.978729248356103, 37.296356200877995 ], [ -80.968086242286233, 37.29167175284914 ], [ -80.934379577355571, 37.301250458042261 ], [ -80.85562896750281, 37.339290618667178 ], [ -80.848617553357371, 37.350822448996894 ], [ -80.877555847324459, 37.388576507399932 ], [ -80.850723266465536, 37.423339843359145 ], [ -80.79981231718466, 37.412940978943084 ], [ -80.799446106052926, 37.391632079956594 ], [ -80.770225524788088, 37.386074066465028 ], [ -80.763198852744836, 37.371292114139806 ], [ -80.747894287291501, 37.378959655663607 ], [ -80.746528625395683, 37.387615204078486 ], [ -80.729942321880628, 37.392597198202168 ], [ -80.7054138184929, 37.388256072659658 ], [ -80.597702026027662, 37.445930481306732 ], [ -80.542968750307523, 37.469085692950443 ], [ -80.508979797179848, 37.474922180614215 ], [ -80.488098144513742, 37.460472106902273 ], [ -80.487014770814994, 37.433734893750398 ], [ -80.474983215103236, 37.422695159853788 ], [ -80.425598144638627, 37.434780120905884 ], [ -80.388526916284093, 37.465599060048646 ], [ -80.352378845607177, 37.475975036718637 ], [ -80.347732544121584, 37.491050720214616 ], [ -80.288139342856368, 37.511024474899671 ], [ -80.28095245389261, 37.536132812579297 ], [ -80.308525085064559, 37.528244018946395 ], [ -80.326126099040209, 37.533275604385665 ], [ -80.31694030764902, 37.566593170438523 ], [ -80.246612548430335, 37.596771240100679 ], [ -80.219146728838439, 37.624141692884848 ], [ -80.254638672136991, 37.640579223352518 ], [ -80.301147460686707, 37.640422821356196 ], [ -80.305076598706023, 37.652122497555297 ], [ -80.29591369596028, 37.67137908967328 ], [ -80.303321837932458, 37.68254852289607 ], [ -80.250244140354766, 37.725929259827524 ], [ -80.254898071688615, 37.757110596077212 ], [ -80.22075653058937, 37.778736114879848 ], [ -80.223945617396282, 37.802242278858159 ], [ -80.171806335394024, 37.842845916505894 ], [ -80.172431946077438, 37.860061645628491 ], [ -80.160217284799842, 37.877105713058256 ], [ -80.118721007968077, 37.891155243120011 ], [ -80.10670471195283, 37.914535522696269 ], [ -80.055023192965962, 37.955524444297737 ], [ -80.000717162666888, 37.989746093407518 ], [ -79.966712951641341, 38.038497925139211 ], [ -79.957733154461494, 38.067241668768077 ], [ -79.928512573196656, 38.103187561057155 ], [ -79.935546875088164, 38.121185302859487 ], [ -79.910560607785783, 38.162483215328166 ], [ -79.9163818357531, 38.179141997904935 ], [ -79.831375121764438, 38.250156402995628 ], [ -79.79384613039457, 38.268543243675822 ], [ -79.786735534517277, 38.284996032940626 ], [ -79.803001404191434, 38.298748016008176 ], [ -79.800552368596868, 38.31420516943308 ], [ -79.764228820403673, 38.353870391505438 ], [ -79.733055114901617, 38.351718902905077 ], [ -79.720260620231386, 38.394565581936092 ], [ -79.684318542866436, 38.430118560423296 ], [ -79.692878723574211, 38.500236511405944 ], [ -79.665840148504003, 38.520660400157396 ], [ -79.66965484599433, 38.550060272063945 ], [ -79.642631530620577, 38.592239379843534 ], [ -79.536743163965809, 38.553688049064249 ], [ -79.486579894846216, 38.462024689088196 ], [ -79.317237853943766, 38.412509918398086 ], [ -79.272598266696605, 38.437183379909129 ], [ -79.231903076265894, 38.480373382325809 ], [ -79.127670287753517, 38.658126830888591 ], [ -79.121307372936883, 38.663650512761023 ], [ -79.088790893285079, 38.659088135109414 ], [ -79.087478637628976, 38.707153320069722 ], [ -79.056800842584778, 38.761940002029519 ], [ -79.055046081811213, 38.790519714713128 ], [ -79.033988952528091, 38.799846649303447 ], [ -78.987701416087418, 38.846649169923296 ], [ -78.866813659922457, 38.763290405128146 ], [ -78.816116332902425, 38.833633423144022 ], [ -78.793312072693936, 38.880107880074661 ], [ -78.749511718391034, 38.911380768207948 ], [ -78.737991332833701, 38.929172515798996 ], [ -78.724403381610728, 38.930213928030412 ], [ -78.719245910870029, 38.904880523317559 ], [ -78.680488586778836, 38.921573639312044 ], [ -78.647232055914628, 38.950443268242282 ], [ -78.631111145263105, 38.979602813419149 ], [ -78.598960876743035, 38.967197418526098 ], [ -78.553474426703417, 39.013828277453115 ], [ -78.549468993798996, 39.023380279975981 ], [ -78.56444549556312, 39.03503799470775 ], [ -78.536918639883311, 39.057025909717993 ], [ -78.501869201702277, 39.093578338969223 ], [ -78.485519409093399, 39.111839294347988 ], [ -78.448249817275212, 39.118930816504019 ], [ -78.430839538713712, 39.148521422925398 ], [ -78.402633667010093, 39.170490265113699 ], [ -78.424339294722643, 39.197525024360459 ], [ -78.423339843958615, 39.212039947285803 ], [ -78.399398803811721, 39.244850159007683 ], [ -78.413818359030017, 39.257438659466629 ], [ -78.341117859101871, 39.341358184832416 ], [ -78.344200134328673, 39.350856781115624 ], [ -78.365745544221454, 39.361587524144966 ], [ -78.350502013956714, 39.380729675734017 ], [ -78.347816467455971, 39.456901550666089 ], [ -78.27715301469982, 39.423366546528939 ], [ -78.229782104560456, 39.391014098721712 ], [ -78.033607482799027, 39.265537262234943 ], [ -77.830963134640911, 39.132076263508793 ], [ -77.820327758419296, 39.141620636183461 ], [ -77.80573272748336, 39.196502685850305 ], [ -77.768516540106191, 39.246448516885607 ], [ -77.759742737137572, 39.284542083750239 ], [ -77.727752685537951, 39.317695617958464 ], [ -77.679588317946468, 39.318679809925356 ], [ -77.616523742576646, 39.299716949877393 ], [ -77.568962097023132, 39.298393249448964 ], [ -77.542190551352803, 39.26893997220202 ], [ -77.494064331203901, 39.249912262041335 ], [ -77.464958191367373, 39.22905731204537 ], [ -77.461997985618495, 39.218631744059792 ], [ -77.478637695373322, 39.176933288840246 ], [ -77.516616821708908, 39.15744399984078 ], [ -77.513046264973127, 39.116653442602342 ], [ -77.479248047259546, 39.103958129664022 ], [ -77.459693909046621, 39.080837249639387 ], [ -77.433036803905338, 39.066776275704626 ], [ -77.346519469897601, 39.068511962756929 ], [ -77.32460021992415, 39.062587738133686 ], [ -77.255989074935826, 39.027572631571729 ], [ -77.24372863726677, 38.975879669611118 ], [ -77.152046203569398, 38.964778900525914 ], [ -77.122627257941588, 38.932060241586953 ], [ -77.078948974915249, 38.915599823373213 ], [ -77.06788635237325, 38.88610076883549 ], [ -77.039077758631606, 38.862430572113283 ], [ -77.040405273084843, 38.838413238879923 ], [ -77.045188903744872, 38.829364776663169 ], [ -77.035247802344145, 38.81391525308652 ], [ -77.045448303296496, 38.788120269534886 ], [ -77.04647064180665, 38.718780517207165 ], [ -77.057121276825399, 38.712020873664414 ], [ -77.081878662170482, 38.715278625508233 ], [ -77.093147278024446, 38.703983306984071 ], [ -77.125114440978621, 38.677799224554633 ], [ -77.129989624421569, 38.64812469519859 ], [ -77.197257995260259, 38.62269973770276 ], [ -77.194747924477099, 38.660766601897194 ], [ -77.227592467818113, 38.650722503840541 ], [ -77.30361938462687, 38.501911163269597 ], [ -77.338485718141328, 38.436824798625594 ], [ -77.289482116706267, 38.362670898043575 ], [ -77.321823119741168, 38.343982696344426 ], [ -77.240699768279626, 38.33137130724009 ], [ -77.054534912056511, 38.37535095218476 ], [ -76.99935913121891, 38.280273437469191 ], [ -76.936462402617735, 38.202472687064926 ], [ -76.595603942667765, 38.120223998638664 ], [ -76.549034118929399, 38.074111938814951 ], [ -76.558044433703628, 38.02532958948899 ], [ -76.573692321643307, 38.003170013685235 ], [ -76.524543762084932, 38.012744903954228 ], [ -76.367744446149231, 37.956951141382149 ], [ -76.25920104968867, 37.890029907054611 ], [ -76.251922607042616, 37.850177764492287 ], [ -76.324539184935418, 37.798812866220828 ], [ -76.309944153100162, 37.719112396020307 ], [ -76.357002258347507, 37.700130462251082 ], [ -76.323059081611291, 37.677814483551629 ], [ -76.344871520903951, 37.622924804935849 ], [ -76.507087707131916, 37.656383514187894 ], [ -76.580459595034256, 37.770114898983479 ], [ -76.63177490199007, 37.796348571829185 ], [ -76.771850586135599, 37.916675567423567 ], [ -76.818504333708006, 37.919506072946945 ], [ -76.732353210832002, 37.798480987607547 ], [ -76.681732177797755, 37.774753570620817 ], [ -76.569496155123431, 37.641906738705075 ], [ -76.31464385992615, 37.551200867126397 ], [ -76.348640442002761, 37.52515029894721 ], [ -76.512855529758838, 37.552574157971094 ], [ -76.434181212992542, 37.515201568597547 ], [ -76.355667114046014, 37.515754699319984 ], [ -76.254592895645601, 37.390190124074991 ], [ -76.275192261014013, 37.330322265360337 ], [ -76.300971984869193, 37.334571838119871 ], [ -76.339019775342308, 37.393547058549984 ], [ -76.446868896082663, 37.457965851043241 ], [ -76.463935852157817, 37.418891907135844 ], [ -76.417083740222381, 37.412136077617959 ], [ -76.403755187651768, 37.373027801192109 ], [ -76.455551147167682, 37.377490997111863 ], [ -76.392738342400548, 37.293426513622762 ], [ -76.461135864228709, 37.255432128489986 ], [ -76.653488159550875, 37.41220092773068 ], [ -76.704681396129502, 37.418491363485714 ], [ -76.669982910283068, 37.371646881398533 ], [ -76.595039368072321, 37.291297912768528 ], [ -76.424667358811519, 37.207298278492829 ], [ -76.412994384383296, 37.152393341079858 ], [ -76.396873473731773, 37.173030852991531 ], [ -76.36378478963627, 37.146427154989283 ], [ -76.337318420808458, 37.177009582326434 ], [ -76.285675049264057, 37.122097015065265 ], [ -76.395690918301227, 37.107707977441237 ], [ -76.278930663619178, 37.074344634996976 ], [ -76.293342589888596, 37.020488738764357 ], [ -76.384552001773443, 36.990413665758126 ], [ -76.426116943642, 36.965259551687041 ], [ -76.531120300061787, 37.067642211718749 ], [ -76.515266418810143, 37.088367462388533 ], [ -76.564491272354303, 37.117771148319889 ], [ -76.568443298119689, 37.080173492812492 ], [ -76.624916076715522, 37.132274627372226 ], [ -76.610031127734317, 37.178577423509353 ], [ -76.648094177004623, 37.225837707144535 ], [ -76.697151183780079, 37.232521056701444 ], [ -76.746101378975425, 37.193389892529581 ], [ -76.795928955456873, 37.240386962588332 ], [ -76.85717010501628, 37.24390029905959 ], [ -76.875488281558887, 37.322944640982428 ], [ -76.878425597763112, 37.259426116622024 ], [ -76.941490173132934, 37.236610412540585 ], [ -76.900863647739129, 37.201053619129254 ], [ -76.797393799084546, 37.207302093416956 ], [ -76.72920989951723, 37.150669097900618 ], [ -76.685966491760155, 37.197986602699586 ], [ -76.671539306693603, 37.147712707075812 ], [ -76.665641784740558, 37.054134368506368 ], [ -76.577827453873851, 37.024494170769401 ], [ -76.613372802512799, 36.994842529159428 ], [ -76.55504608141149, 37.006195067948056 ], [ -76.489509582701032, 36.961723327469656 ], [ -76.517173766655958, 36.912185669033477 ], [ -76.482177734714639, 36.919086456674677 ], [ -76.486618041989004, 36.895568847924039 ], [ -76.560516357044207, 36.841800689550212 ], [ -76.5618515013457, 36.795616149765578 ], [ -76.507194518712026, 36.869472503353393 ], [ -76.410804748340411, 36.901412963637426 ], [ -76.348144531544847, 36.913341521793825 ], [ -76.341918945003272, 36.860187530230405 ], [ -76.394088745499175, 36.835926056242556 ], [ -76.401184081680015, 36.826137542813399 ], [ -76.317436218007003, 36.845844268997894 ], [ -76.292701721307367, 36.828342437653419 ], [ -76.307617187882897, 36.942001342488027 ], [ -76.284225463534256, 36.96273422210669 ], [ -76.202331543266098, 36.935070038151764 ], [ -76.191665649450101, 36.904441833523833 ], [ -76.118431091621517, 36.9316177368691 ], [ -75.995361328362549, 36.92313385014711 ], [ -75.878166198411293, 36.55587387058273 ], [ -75.901985168180943, 36.556198120247132 ], [ -75.892852783029468, 36.59902191153202 ], [ -75.950798035101172, 36.721565246738805 ], [ -75.998664855698507, 36.556652069237657 ], [ -76.027168273497011, 36.556716919350379 ], [ -76.061859131293829, 36.603591919031885 ], [ -76.045959472751406, 36.556953430256669 ], [ -76.127395630004287, 36.557163238492706 ], [ -76.330253601322624, 36.556056976148568 ], [ -76.497558594153759, 36.555812835394079 ], [ -76.563583374373195, 36.555252074823443 ], [ -76.921630858976926, 36.554157257251688 ], [ -76.92413330081115, 36.554145813378625 ], [ -77.177352905612054, 36.556285858105923 ], [ -77.320053100170412, 36.553916931421327 ], [ -77.763931274708511, 36.553440093785355 ], [ -77.898857117062278, 36.55294418332744 ], [ -78.051666259790011, 36.552474975539724 ], [ -78.321250915097608, 36.545532226431135 ], [ -78.458808898611721, 36.541481018034631 ], [ -78.737388610795733, 36.546073913280509 ], [ -78.796699523863879, 36.54353332490308 ], [ -79.144325256305478, 36.546058654483375 ] ] ], [ [ [ -75.270721435445864, 38.027587890568725 ], [ -75.242584228779094, 38.028526306144158 ], [ -75.298858643011954, 37.962875366005392 ], [ -75.339179992462618, 37.888782501511287 ], [ -75.386077880789514, 37.875652313303647 ], [ -75.344810485915161, 37.901912688819607 ], [ -75.378570557085482, 37.900974273244174 ], [ -75.346687317065971, 37.918796539328866 ], [ -75.270721435445864, 38.027587890568725 ] ] ], [ [ [ -75.867370605269173, 37.552181244169162 ], [ -75.941101074454991, 37.561553955150941 ], [ -75.929557800252269, 37.58588409417564 ], [ -75.887275695816697, 37.580345153506073 ], [ -75.905990600185987, 37.592174529930674 ], [ -75.799720764501615, 37.711791991906978 ], [ -75.782600403086121, 37.789833069040981 ], [ -75.696083069078327, 37.824516296090223 ], [ -75.686706543172363, 37.858123779289031 ], [ -75.733978271579929, 37.930568695488944 ], [ -75.658447265229086, 37.941181183065225 ], [ -75.648216247581729, 37.970130920006 ], [ -75.626434325883395, 37.99641799909142 ], [ -75.37277984581317, 38.016712188516749 ], [ -75.617919921567079, 37.697132110858263 ], [ -75.589904785277554, 37.677192687792342 ], [ -75.699493407994339, 37.589511871175944 ], [ -75.650268554450179, 37.559753417985917 ], [ -75.727523803980318, 37.55818176277819 ], [ -75.756500244490667, 37.510540008314763 ], [ -75.705268859570197, 37.493473053138928 ], [ -75.813026428426895, 37.469043731483055 ], [ -75.820487975739468, 37.426204681400975 ], [ -75.790771484016716, 37.408107757866787 ], [ -75.826675414838462, 37.41814804099937 ], [ -75.897109985637314, 37.367393493714815 ], [ -75.931388855011619, 37.142501830994775 ], [ -75.970985412946391, 37.126232147295809 ], [ -76.01847076451412, 37.308780670391684 ], [ -75.934448242492351, 37.484642029006466 ], [ -75.965446472276824, 37.479351044015516 ], [ -75.954704284475099, 37.521831512814117 ], [ -75.930755615379326, 37.556888579944086 ], [ -75.867370605269173, 37.552181244169162 ] ] ] ] } },
{ "type": "Feature", "properties": { "STATE_NAME": "Missouri", "STATE_ABBR": "MO", "ELECT_VOTE": 10.0, "WON_12": "R", "WON_16": "T", "F2016Result": "Rep", "WON_20": "T", "F2020Result": "Rep", "Shape_Length": 23.59563209910015, "Shape_Area": 18.647593628414896, "WON_24": "T", "F2024Result": "Rep" }, "geometry": { "type": "MultiPolygon", "coordinates": [ [ [ [ -89.104965209976399, 36.953868866355151 ], [ -89.129585266147103, 36.866439819442178 ], [ -89.166496276681812, 36.843421936073526 ], [ -89.173461914435791, 36.829383849884834 ], [ -89.164375304776456, 36.804420471227843 ], [ -89.125839233693625, 36.792411804161475 ], [ -89.125473022561891, 36.768032073821189 ], [ -89.151367187845381, 36.759040832768278 ], [ -89.177200317040956, 36.760925292868023 ], [ -89.196296692238491, 36.727420807224519 ], [ -89.197494506466285, 36.713367462238637 ], [ -89.167831420983248, 36.671569824387916 ], [ -89.177093505460846, 36.653003693066012 ], [ -89.200119018677754, 36.631298065353462 ], [ -89.210060120078424, 36.581893921167591 ], [ -89.241615295509462, 36.569267273266121 ], [ -89.283424377233189, 36.575248718153887 ], [ -89.322273254107358, 36.622016907154602 ], [ -89.342323302778141, 36.628849029758953 ], [ -89.363548278829967, 36.625701904419429 ], [ -89.373878479108498, 36.61618804933903 ], [ -89.418136596426734, 36.510562897160014 ], [ -89.414710998713588, 36.50261688236327 ], [ -89.448516845376048, 36.456378936338865 ], [ -89.470832824974877, 36.445953369252663 ], [ -89.491989135989797, 36.465461731074072 ], [ -89.475822448946815, 36.498546600245447 ], [ -89.481681823457336, 36.504695891901918 ], [ -89.471374511824251, 36.52555465682201 ], [ -89.481674194508457, 36.547775268713735 ], [ -89.49312591592826, 36.559116363629357 ], [ -89.530364990152123, 36.564556121667749 ], [ -89.556137085058367, 36.55774307278466 ], [ -89.568153381073614, 36.541408538972973 ], [ -89.566986083540883, 36.518737793014793 ], [ -89.533195495675557, 36.498107910052056 ], [ -89.516021728919611, 36.471809387093572 ], [ -89.545181274096478, 36.440959930356541 ], [ -89.520004272279323, 36.401058197377949 ], [ -89.519332886103768, 36.35593032862181 ], [ -89.544555664312441, 36.345722198720523 ], [ -89.605690002291738, 36.354751587216015 ], [ -89.622795104910153, 36.334781646555768 ], [ -89.60676574704155, 36.308036804455014 ], [ -89.542236328044055, 36.280864715134555 ], [ -89.535377502769506, 36.264537811171124 ], [ -89.541648864803221, 36.257278442246388 ], [ -89.618080139286974, 36.240898132043185 ], [ -89.670585632420966, 36.254894256764601 ], [ -89.694541931364995, 36.252136230302824 ], [ -89.695655822658068, 36.240795135387259 ], [ -89.676788330317152, 36.220867157093664 ], [ -89.618560790947697, 36.183742523398791 ], [ -89.589454651111225, 36.15201950029973 ], [ -89.5894241335169, 36.129791259459125 ], [ -89.667388915765798, 36.099315643702028 ], [ -89.678169250110784, 36.082969665118014 ], [ -89.688842773774979, 36.025794982752302 ], [ -89.721755981253523, 35.999877929722743 ], [ -89.963203429894349, 35.996837615963273 ], [ -90.283454894627653, 35.991157532094462 ], [ -90.37895965566355, 35.989585876886736 ], [ -90.315238952915308, 36.091655731127162 ], [ -90.284751892385884, 36.115905762141267 ], [ -90.263702392951018, 36.118762970334842 ], [ -90.234840392969716, 36.137088775826385 ], [ -90.232223510606502, 36.161148071426396 ], [ -90.219223022624362, 36.172565460327803 ], [ -90.161308288146927, 36.196941375743961 ], [ -90.131217956343562, 36.212070465479655 ], [ -90.109916687205327, 36.257995605712665 ], [ -90.066093445156355, 36.272274017731775 ], [ -90.049751281496413, 36.300472259587139 ], [ -90.067634582769756, 36.325332641588204 ], [ -90.050201416462187, 36.36260604833052 ], [ -90.052062987916543, 36.382553100345376 ], [ -90.080177306837186, 36.397388458010994 ], [ -90.116828918719591, 36.404914856335608 ], [ -90.123832703016774, 36.422565459828149 ], [ -90.117225646546331, 36.45389556912528 ], [ -90.137275696116433, 36.457416534545473 ], [ -90.150161743569583, 36.491813659372951 ], [ -90.224372863516805, 36.492752074948328 ], [ -90.581619262618858, 36.490962982555629 ], [ -90.804313659447814, 36.489204406857937 ], [ -91.133827209558035, 36.487953186390484 ], [ -91.411659240681388, 36.491039276541414 ], [ -91.452850341569956, 36.490375518415476 ], [ -91.688415527054872, 36.490955352707431 ], [ -92.127487182287609, 36.491371155154752 ], [ -92.146163940113695, 36.491596222187979 ], [ -92.522888183442888, 36.490856170975576 ], [ -92.777465820291354, 36.489917755400143 ], [ -92.852104187458224, 36.489818572768968 ], [ -93.297142028781593, 36.490615845145214 ], [ -93.328163147211455, 36.490196227773765 ], [ -93.596260071145309, 36.489891051830625 ], [ -93.857322693187712, 36.489715576112985 ], [ -94.080848694011991, 36.490951537783303 ], [ -94.617034912031556, 36.489337921108245 ], [ -94.620849609521827, 36.670471190992714 ], [ -94.62145996050873, 36.763538360307109 ], [ -94.620155334700883, 36.996982574786045 ], [ -94.620437621998633, 37.060085296699128 ], [ -94.618743896413662, 37.327678680326869 ], [ -94.618530273253498, 37.360713959081977 ], [ -94.618759155210796, 37.650329590238471 ], [ -94.619056701305681, 37.679824828952746 ], [ -94.616500854131061, 38.030353545979438 ], [ -94.61709594722015, 38.055751800805012 ], [ -94.618820190399447, 38.392013549685601 ], [ -94.618484496861981, 38.471458435258626 ], [ -94.612915039497466, 38.737213135178081 ], [ -94.612236022574336, 38.8371009823245 ], [ -94.609046935767424, 39.044662475392954 ], [ -94.607902526880082, 39.112796783644683 ], [ -94.600990295365818, 39.141223907457402 ], [ -94.612419128140232, 39.151645660518852 ], [ -94.646171569462297, 39.158424377782865 ], [ -94.675277710198145, 39.174919128515 ], [ -94.730293274115297, 39.171253204072173 ], [ -94.789810180495408, 39.196880340855103 ], [ -94.820579529221845, 39.211002349978514 ], [ -94.833236694717641, 39.261764526211948 ], [ -94.880867004408685, 39.286045074820379 ], [ -94.907440185715984, 39.323028564416745 ], [ -94.911102295234684, 39.340122223162098 ], [ -94.898040771164631, 39.380641936975849 ], [ -94.925506591655846, 39.381267547659263 ], [ -94.958251953265005, 39.411449432245547 ], [ -94.98596191451071, 39.439464569434392 ], [ -95.040267943910465, 39.462944030742449 ], [ -95.047355652041688, 39.485332489402936 ], [ -95.101791381666885, 39.532852172589742 ], [ -95.10874176062373, 39.560695648085755 ], [ -95.053367614523779, 39.586780547884018 ], [ -95.055770873726829, 39.625694274870966 ], [ -95.028045654583252, 39.661918640432987 ], [ -94.978324890581177, 39.684993744066105 ], [ -94.961540221803773, 39.732044220364514 ], [ -94.952896118161277, 39.736507415384949 ], [ -94.93061065705615, 39.727031707747187 ], [ -94.905433654339618, 39.7267608643225 ], [ -94.877616882413179, 39.739311218238186 ], [ -94.870941161805149, 39.754123688157733 ], [ -94.87682342496106, 39.760684967337397 ], [ -94.921554564991141, 39.757846831965765 ], [ -94.934867858764619, 39.775432586244904 ], [ -94.933021545208135, 39.782779693927807 ], [ -94.899078369371239, 39.793781280381836 ], [ -94.888259887583729, 39.817405700712584 ], [ -94.898078918607155, 39.828338623029083 ], [ -94.92362976050498, 39.833137512486246 ], [ -94.936264038254706, 39.849391937388077 ], [ -94.937995910382938, 39.896087646427816 ], [ -94.964775085002145, 39.900829315620456 ], [ -95.021522521946792, 39.89698410053586 ], [ -95.033256530664346, 39.877849578795065 ], [ -95.062995911032431, 39.866542816397896 ], [ -95.100471496162584, 39.869869232379244 ], [ -95.150299072644032, 39.908058166950923 ], [ -95.193710327169811, 39.91018295288103 ], [ -95.207344054784244, 39.938179016348556 ], [ -95.240707397228562, 39.942108154367872 ], [ -95.308441161830103, 39.999408722034957 ], [ -95.344810485515438, 40.024974822729916 ], [ -95.370986938096678, 40.028751373676982 ], [ -95.390274047809044, 40.043750763187234 ], [ -95.413505554337803, 40.048110961551686 ], [ -95.403526306393871, 40.080379486424192 ], [ -95.384284973073022, 40.095363617137252 ], [ -95.392555236634848, 40.115417480732219 ], [ -95.422218323017148, 40.131744384695651 ], [ -95.460693359810648, 40.173995971536897 ], [ -95.466377258603586, 40.21325683593426 ], [ -95.476562499859426, 40.226856231929617 ], [ -95.546875000280977, 40.266216278058835 ], [ -95.595268249829815, 40.309776306531376 ], [ -95.646560669039616, 40.309108734380629 ], [ -95.645286559926774, 40.322345733269003 ], [ -95.617668151463988, 40.331417084131203 ], [ -95.615936279335813, 40.346496581651991 ], [ -95.633918762340954, 40.358798980788379 ], [ -95.636550903501359, 40.396389007346841 ], [ -95.695091247762832, 40.485336304127202 ], [ -95.684700012295707, 40.512203216605201 ], [ -95.657791137450999, 40.530330657733714 ], [ -95.662673949842883, 40.558727264851427 ], [ -95.675422668121598, 40.56583404580465 ], [ -95.687141418041961, 40.561168670597738 ], [ -95.691795349375809, 40.524127959837529 ], [ -95.73676300031218, 40.532371520729157 ], [ -95.76313781725645, 40.549705505304871 ], [ -95.767204284450145, 40.589046478612147 ], [ -95.382293701393166, 40.584335327013775 ], [ -95.217170715655982, 40.58189773529233 ], [ -94.920364379712339, 40.57722854606061 ], [ -94.639633178928023, 40.575756072584738 ], [ -94.484992980541563, 40.574214934971337 ], [ -94.238159180102059, 40.570972442824029 ], [ -94.017829895033572, 40.574024200456563 ], [ -93.786079407038983, 40.578445434908929 ], [ -93.562690734489763, 40.580806731745326 ], [ -93.370056152769223, 40.580482482980244 ], [ -93.10073089611393, 40.584335327013775 ], [ -92.717620849322714, 40.589645385726044 ], [ -92.646240233999549, 40.59143829304287 ], [ -92.361328124593228, 40.599548339684191 ], [ -92.192993164303061, 40.600059508939239 ], [ -91.946197509507442, 40.608234405693338 ], [ -91.741546630872278, 40.609748840636541 ], [ -91.716812134172642, 40.59339904802772 ], [ -91.689796447747824, 40.581165313928125 ], [ -91.69191741965318, 40.551639556720204 ], [ -91.622375488038301, 40.532863617162263 ], [ -91.616699219093675, 40.504833221176284 ], [ -91.585868835178587, 40.484477996562362 ], [ -91.579223633064203, 40.463718414273444 ], [ -91.533050537152519, 40.455398559396031 ], [ -91.538688659553941, 40.441246032678293 ], [ -91.529449462822413, 40.435043334782108 ], [ -91.527534485128342, 40.410125732516576 ], [ -91.500221252608696, 40.405117034823377 ], [ -91.490158080830724, 40.390762328818482 ], [ -91.47688293449977, 40.390968323029711 ], [ -91.448593139861487, 40.371902465426501 ], [ -91.486694335674997, 40.309623718559806 ], [ -91.498931884698663, 40.251377105469089 ], [ -91.506546020882126, 40.200458526339958 ], [ -91.516128540099999, 40.134544372624759 ], [ -91.504005432504641, 40.066711425392043 ], [ -91.487289428764086, 40.005752563130329 ], [ -91.44724273676286, 39.946063995057386 ], [ -91.430389403847869, 39.921836852688671 ], [ -91.434051513366626, 39.901828765485163 ], [ -91.450988769216281, 39.885242461970108 ], [ -91.449188232051256, 39.8630485536479 ], [ -91.381713867001338, 39.803771973098151 ], [ -91.373420715693442, 39.761272430578288 ], [ -91.367088317571756, 39.724639892417144 ], [ -91.317665099664566, 39.685916900844347 ], [ -91.203247069896349, 39.600021362595839 ], [ -91.156188964648948, 39.552593231292633 ], [ -91.093612670788104, 39.528926849494553 ], [ -91.064384460574331, 39.473983764639058 ], [ -91.036338805791218, 39.444412231039678 ], [ -90.947891235292218, 39.400585174965897 ], [ -90.850494385207696, 39.350452423440629 ], [ -90.779342650942567, 39.296802520519975 ], [ -90.738082885916413, 39.247810363857241 ], [ -90.73233795193488, 39.224746704097186 ], [ -90.718193054166079, 39.19587326024282 ], [ -90.716735839487342, 39.144210815876477 ], [ -90.690399169985653, 39.093700409346468 ], [ -90.707588195538733, 39.05817794755427 ], [ -90.706069946570722, 39.037792206245399 ], [ -90.668876647838999, 38.935253143317937 ], [ -90.627212524238587, 38.880794525047349 ], [ -90.570327759018824, 38.871326446358466 ], [ -90.530426025140912, 38.891609191910732 ], [ -90.469841003859187, 38.959178924667697 ], [ -90.41307067826915, 38.962329864931348 ], [ -90.319740295378267, 38.924907684242271 ], [ -90.278930664418567, 38.924716949727497 ], [ -90.24392700172973, 38.91450881982621 ], [ -90.132812500196678, 38.853031158461249 ], [ -90.113121032809374, 38.830467224083179 ], [ -90.121726989908609, 38.800510406530066 ], [ -90.135177611957204, 38.785484314349674 ], [ -90.163398742457957, 38.773097992278565 ], [ -90.196571350387501, 38.723964691517324 ], [ -90.202239990383191, 38.700363158932703 ], [ -90.18357849135424, 38.658771515293267 ], [ -90.18370819068042, 38.610271454164319 ], [ -90.240943909134046, 38.562805175418589 ], [ -90.261230468711119, 38.532768249854882 ], [ -90.265785217413793, 38.518688202198803 ], [ -90.301841736207109, 38.427356719936711 ], [ -90.339607238483211, 38.390846252152869 ], [ -90.358688354883611, 38.36532974277344 ], [ -90.369346618851353, 38.323558807592974 ], [ -90.364768981503232, 38.234298705920594 ], [ -90.336715698670503, 38.188713074149121 ], [ -90.289634704777768, 38.16681671102242 ], [ -90.254058837645232, 38.12216949482638 ], [ -90.20752716045007, 38.088905334113917 ], [ -90.134712219093615, 38.053951263639931 ], [ -90.119338989502751, 38.032272338597579 ], [ -90.041923523052105, 37.993206024538438 ], [ -90.010810851839324, 37.969318389731939 ], [ -89.958229064719546, 37.963634490939057 ], [ -89.978912353921942, 37.911884307814603 ], [ -89.937873840105624, 37.87804412863369 ], [ -89.900550842047664, 37.875904083007072 ], [ -89.866813659522734, 37.891876220611152 ], [ -89.861045837795132, 37.905487060479516 ], [ -89.851715088280685, 37.905063629083259 ], [ -89.728446960658687, 37.840991974000474 ], [ -89.691055297563878, 37.804794311108651 ], [ -89.675857543690654, 37.783969878707012 ], [ -89.66645813003862, 37.745452880446123 ], [ -89.581436157252824, 37.706104278189912 ], [ -89.521522522146654, 37.6947975157928 ], [ -89.513374328962072, 37.679840087749881 ], [ -89.519180298132198, 37.65037536662993 ], [ -89.513366699113817, 37.615928649587545 ], [ -89.52497100850519, 37.57195663449113 ], [ -89.494781494070651, 37.491725921314242 ], [ -89.453620910776351, 37.45318603530734 ], [ -89.427574157521292, 37.411018371400758 ], [ -89.435737609503065, 37.355716705261784 ], [ -89.468742370663847, 37.339408874120295 ], [ -89.500579834291898, 37.32944107094869 ], [ -89.513885498217121, 37.304962157977286 ], [ -89.513885498217121, 37.276401519914259 ], [ -89.489593505735684, 37.256000518908877 ], [ -89.465309143102445, 37.253730773956079 ], [ -89.468215942611607, 37.224266051936809 ], [ -89.440521240163093, 37.165317535076213 ], [ -89.423797607473546, 37.137203216155569 ], [ -89.379989624221764, 37.09908294662074 ], [ -89.382949829071322, 37.049213409571223 ], [ -89.310981750507324, 37.009681701749173 ], [ -89.282768249854826, 36.999206543347327 ], [ -89.262001037717653, 37.008686065909274 ], [ -89.264244080000253, 37.027732848891901 ], [ -89.309700012445603, 37.060909270846253 ], [ -89.303291321237452, 37.085384368893585 ], [ -89.284233093482442, 37.091243744303426 ], [ -89.264053344586159, 37.087123870870016 ], [ -89.23767852764189, 37.041732787638068 ], [ -89.210052490230225, 37.028972625486347 ], [ -89.193511963106573, 36.986770629960631 ], [ -89.129859924495861, 36.988113403211059 ], [ -89.107147217070349, 36.97745132431919 ], [ -89.104965209976399, 36.953868866355151 ] ] ] ] } },
{ "type": "Feature", "properties": { "STATE_NAME": "Arizona", "STATE_ABBR": "AZ", "ELECT_VOTE": 11.0, "WON_12": "R", "WON_16": "T", "F2016Result": "Rep", "WON_20": "B", "F2020Result": "Dem Pickup", "Shape_Length": 23.257065277830879, "Shape_Area": 28.858783003450071, "WON_24": "T", "F2024Result": "Rep Pickup" }, "geometry": { "type": "MultiPolygon", "coordinates": [ [ [ [ -114.51984405485922, 33.027667999578568 ], [ -114.558303832855586, 33.03674316446552 ], [ -114.609138489049997, 33.026962279985298 ], [ -114.633178710928746, 33.03352737408909 ], [ -114.644371032796869, 33.044372558546797 ], [ -114.663162231152, 33.038883209192818 ], [ -114.710563659785009, 33.095344543016324 ], [ -114.708671569837065, 33.122337341695015 ], [ -114.677330016666929, 33.16721343984841 ], [ -114.679260254057453, 33.224559783906955 ], [ -114.686920165733056, 33.23922347987974 ], [ -114.676902771245864, 33.26798248320506 ], [ -114.734634399258084, 33.305675506419561 ], [ -114.702812194427224, 33.352386474256434 ], [ -114.724143982059104, 33.41102981607321 ], [ -114.644302367760019, 33.419086456474815 ], [ -114.629783630809868, 33.439395904697278 ], [ -114.620300293323851, 33.468570709570656 ], [ -114.59729766875239, 33.486099243585272 ], [ -114.586273193652914, 33.50941848797288 ], [ -114.528633117524294, 33.560047149956063 ], [ -114.539459228260739, 33.580482482580578 ], [ -114.526382446292814, 33.622112274561857 ], [ -114.524475097547679, 33.665481567620304 ], [ -114.535644531669789, 33.682712554640716 ], [ -114.494888306050427, 33.708347320372582 ], [ -114.509498595783555, 33.743179321368643 ], [ -114.503768920599157, 33.771694183040154 ], [ -114.520332336368199, 33.826011658111611 ], [ -114.510932922716165, 33.841945648273111 ], [ -114.520172119447693, 33.862907409849129 ], [ -114.497398376833587, 33.92501831084644 ], [ -114.524841308679413, 33.952396392579487 ], [ -114.517417907910101, 33.965045929126404 ], [ -114.428192138756174, 34.029827117827267 ], [ -114.423240661327441, 34.078315735083152 ], [ -114.409378051755652, 34.102638244259595 ], [ -114.322013854955401, 34.141281127821856 ], [ -114.284584045317388, 34.171215057628842 ], [ -114.234992980641493, 34.186206817290838 ], [ -114.149131774911439, 34.266963958519909 ], [ -114.124450683552197, 34.272605895845459 ], [ -114.133346557797381, 34.314533233921679 ], [ -114.15263366661037, 34.336433411073131 ], [ -114.1812973022287, 34.36519241349913 ], [ -114.257057189637578, 34.405475616406648 ], [ -114.282608032434723, 34.412055969307573 ], [ -114.302078246813608, 34.435741424826972 ], [ -114.331848144776018, 34.454860686871257 ], [ -114.37571716321645, 34.459667206176675 ], [ -114.383071899848289, 34.477073669814047 ], [ -114.376037597956724, 34.536552428751634 ], [ -114.408950805435268, 34.583713531554281 ], [ -114.433509826417321, 34.598953246894894 ], [ -114.42147827160494, 34.61088561997542 ], [ -114.464843749739202, 34.709865570040051 ], [ -114.497009277056463, 34.744750976376508 ], [ -114.524757384845373, 34.748905182328372 ], [ -114.54124450662863, 34.75995254517386 ], [ -114.569419860737923, 34.83185577362508 ], [ -114.626464843777512, 34.875530242626667 ], [ -114.629676819229815, 34.919498443698274 ], [ -114.620208740540932, 34.943607330613872 ], [ -114.631477356394839, 34.997650146437138 ], [ -114.620269775729525, 34.998912811676973 ], [ -114.632980346565716, 35.041862487363971 ], [ -114.59483337436069, 35.076057433803555 ], [ -114.635108947419951, 35.11865615805533 ], [ -114.625640868731068, 35.133907318168269 ], [ -114.581817626682096, 35.13256072999377 ], [ -114.571456908809239, 35.140068054597066 ], [ -114.560241699195046, 35.174346923971427 ], [ -114.558784484516309, 35.220184326345645 ], [ -114.587089538851103, 35.304771422962858 ], [ -114.588783264436074, 35.358383178440988 ], [ -114.644592284905968, 35.450767516807502 ], [ -114.671409606967757, 35.515762328668586 ], [ -114.648986816688193, 35.54664611792407 ], [ -114.652328491466676, 35.584842681444627 ], [ -114.639060974084657, 35.611358642487403 ], [ -114.653259277193854, 35.646595001158403 ], [ -114.66767883331147, 35.656410217257758 ], [ -114.664283752293272, 35.693111419556431 ], [ -114.688011169280003, 35.732608794860028 ], [ -114.681930541761062, 35.764717101912765 ], [ -114.68905639643549, 35.847457885872814 ], [ -114.661651611132925, 35.870975494623451 ], [ -114.660789489543276, 35.880489349703794 ], [ -114.698463439935779, 35.911628723586773 ], [ -114.735397339115877, 35.987667083369274 ], [ -114.716857910464171, 36.036777496384389 ], [ -114.728149414064148, 36.058773040343567 ], [ -114.727333068866017, 36.085983276207287 ], [ -114.711944580477962, 36.105201720882746 ], [ -114.620796203781765, 36.141986847015403 ], [ -114.598121642899457, 36.138355255091028 ], [ -114.529762268513821, 36.155109405374787 ], [ -114.465805053960025, 36.124729156425474 ], [ -114.443138122925973, 36.121070861830844 ], [ -114.379997253570366, 36.151008605662696 ], [ -114.343429565522001, 36.137496948425508 ], [ -114.315292357955911, 36.111454010094519 ], [ -114.303054809831565, 36.087123871069821 ], [ -114.306785583487851, 36.062248230271678 ], [ -114.232673645272484, 36.018344879312792 ], [ -114.205970763739742, 36.01726913456298 ], [ -114.128227233599944, 36.041744232610313 ], [ -114.106979369802048, 36.121105194349298 ], [ -114.044311523158228, 36.19399261476741 ], [ -114.036598205242967, 36.216037750042176 ], [ -114.042915344567461, 36.841873168611869 ], [ -114.043136596676561, 36.996562957414596 ], [ -112.899215698545618, 36.996242523573642 ], [ -112.541763305232337, 36.99800872822027 ], [ -112.236511230908548, 36.995506286386046 ], [ -111.355453491085711, 37.001720428155295 ], [ -110.739372253426723, 37.002490996961967 ], [ -110.483398437088169, 37.003929137919442 ], [ -110.451545715562304, 36.991748810059562 ], [ -109.99639892606956, 36.992065429875765 ], [ -109.047821044805346, 36.996643066324509 ], [ -109.047195434121932, 35.996654510397377 ], [ -109.045997619894194, 34.954612731992029 ], [ -109.04801178021944, 34.591739654361618 ], [ -109.049720764601545, 33.78324890111594 ], [ -109.049903869268121, 33.205101013401077 ], [ -109.050727844314508, 32.77947998021699 ], [ -109.048881530758024, 32.441967010868893 ], [ -109.045005798079103, 31.343347549749694 ], [ -110.451942444288363, 31.337558745939418 ], [ -111.071319580334318, 31.335535049203202 ], [ -111.368865966591045, 31.431438446427194 ], [ -113.328376769971896, 32.043560028472598 ], [ -114.820968627699983, 32.487113952446975 ], [ -114.808601379350137, 32.615993499800254 ], [ -114.721260071195275, 32.720809936629337 ], [ -114.711906433035438, 32.734966278271202 ], [ -114.693252563854685, 32.741378784403423 ], [ -114.603157043262911, 32.726238250794665 ], [ -114.602737426790782, 32.735839843733856 ], [ -114.571174621511545, 32.737392425220321 ], [ -114.57142639121497, 32.748783111451473 ], [ -114.559967040846232, 32.748889923031584 ], [ -114.560798644841555, 32.760707855583121 ], [ -114.542221069646587, 32.760704040658993 ], [ -114.542404175212482, 32.771186828909094 ], [ -114.529312133548103, 32.771366119550805 ], [ -114.534294128571162, 32.788002014381505 ], [ -114.525436401768502, 32.80986785901456 ], [ -114.460655212168263, 32.845378876034374 ], [ -114.475662231526712, 32.93586730952876 ], [ -114.467605591125107, 32.977748871213464 ], [ -114.51984405485922, 33.027667999578568 ] ] ] ] } },
{ "type": "Feature", "properties": { "STATE_NAME": "Oklahoma", "STATE_ABBR": "OK", "ELECT_VOTE": 7.0, "WON_12": "R", "WON_16": "T", "F2016Result": "Rep", "WON_20": "T", "F2020Result": "Rep", "Shape_Length": 25.556899042107275, "Shape_Area": 18.031206092047817, "WON_24": "T", "F2024Result": "Rep" }, "geometry": { "type": "MultiPolygon", "coordinates": [ [ [ [ -94.439102172827006, 34.92905044532182 ], [ -94.445739745992455, 34.735504150696045 ], [ -94.452407836752229, 34.508327484226072 ], [ -94.461479186715053, 34.196655273022486 ], [ -94.468376159432182, 33.939197540234318 ], [ -94.476486206073503, 33.631965637204473 ], [ -94.500610351786293, 33.623046875213163 ], [ -94.510559082135899, 33.630809783544748 ], [ -94.52505493133998, 33.621021271014911 ], [ -94.517990112753466, 33.643009186025154 ], [ -94.550193786613931, 33.632694244543814 ], [ -94.562149047440528, 33.635536193940254 ], [ -94.562194823832044, 33.642829895383443 ], [ -94.541931152001041, 33.648246764776445 ], [ -94.545417785802158, 33.661621093738518 ], [ -94.57646179197809, 33.652156829973762 ], [ -94.588386535210418, 33.655448913436658 ], [ -94.585159301860244, 33.662132262993566 ], [ -94.565208434921317, 33.663013458304533 ], [ -94.560722351255492, 33.671913146574525 ], [ -94.578506469897604, 33.670471191592242 ], [ -94.585105895620529, 33.678981780984429 ], [ -94.600944518974359, 33.665607452022357 ], [ -94.631736755446866, 33.683898925894766 ], [ -94.638763427490176, 33.670104980460508 ], [ -94.658538818711463, 33.663738250719746 ], [ -94.669425964636503, 33.666061401012882 ], [ -94.667953491160631, 33.671459197583943 ], [ -94.644325255905812, 33.677650451607121 ], [ -94.655479431230731, 33.692291259833837 ], [ -94.668457031466801, 33.6965370176693 ], [ -94.690986633326418, 33.690288543381598 ], [ -94.741653442752124, 33.701267242089614 ], [ -94.754478455016624, 33.707771301004811 ], [ -94.742111205767515, 33.719047546706975 ], [ -94.762718200984125, 33.716796874576175 ], [ -94.74977111834238, 33.736705780047771 ], [ -94.783157348532768, 33.733665466288301 ], [ -94.782028198442561, 33.742267608463408 ], [ -94.764175414763542, 33.752841949496428 ], [ -94.783508300867368, 33.753261565968558 ], [ -94.803222656000742, 33.739582061962665 ], [ -94.819160461086369, 33.749404907010899 ], [ -94.857879638634358, 33.749320984076178 ], [ -94.881637573215414, 33.774963378756979 ], [ -94.913879394518403, 33.789596558034759 ], [ -94.908546448060122, 33.803478241327809 ], [ -94.918235778858048, 33.816196442012256 ], [ -94.940399169585987, 33.815807342235132 ], [ -94.939888000330939, 33.840824127131839 ], [ -94.959907531407396, 33.848075867107639 ], [ -94.968704223920781, 33.866214752109158 ], [ -94.989280700643803, 33.856182098824831 ], [ -95.012771606724243, 33.869945525765445 ], [ -95.037361145300565, 33.866451263015449 ], [ -95.042861938527608, 33.884445190792974 ], [ -95.063140869155745, 33.896694183689704 ], [ -95.063476562693154, 33.917648315417466 ], [ -95.083602905349778, 33.888462066671082 ], [ -95.089714050463044, 33.896915435798803 ], [ -95.082267761048286, 33.918453216742591 ], [ -95.095359801813345, 33.921737671256551 ], [ -95.119224547974454, 33.912281036440731 ], [ -95.126678467237411, 33.917144775111353 ], [ -95.127967834248125, 33.940868378073219 ], [ -95.148315429913112, 33.943546294725763 ], [ -95.234039306468787, 33.964862823560509 ], [ -95.251289368109838, 33.936443328696726 ], [ -95.250991821115633, 33.905021667515996 ], [ -95.263618469017104, 33.897800445134465 ], [ -95.277351379262711, 33.917938232563415 ], [ -95.28643035907379, 33.886901855336419 ], [ -95.301956176636224, 33.886623382962796 ], [ -95.336227417061593, 33.897113800161776 ], [ -95.330039977962599, 33.870918273859331 ], [ -95.45160675015137, 33.865753174169697 ], [ -95.468124389528896, 33.886432647548702 ], [ -95.498855590812809, 33.881717681925522 ], [ -95.512886047153302, 33.897735595921063 ], [ -95.544036864909344, 33.885742187651886 ], [ -95.547492981116136, 33.893157958572999 ], [ -95.526733398827275, 33.897815703931656 ], [ -95.519577026558466, 33.90664291403931 ], [ -95.546318054634469, 33.904033660624975 ], [ -95.562774657924081, 33.936073303540184 ], [ -95.60607147192087, 33.944553375338046 ], [ -95.614830016991675, 33.936691284375343 ], [ -95.612983703435134, 33.920238495110539 ], [ -95.633491516020626, 33.920104980860231 ], [ -95.699707031654157, 33.894824981487773 ], [ -95.746864318633357, 33.903396606068554 ], [ -95.760696411510139, 33.893440246770012 ], [ -95.764251708549466, 33.879005431855262 ], [ -95.768516540106191, 33.85140228308893 ], [ -95.795478821190613, 33.864673614495757 ], [ -95.825973510668973, 33.843025207947051 ], [ -95.846557617240194, 33.841037750292003 ], [ -95.933074951247988, 33.890529632336722 ], [ -95.943069457989054, 33.889972686690214 ], [ -95.958763122320192, 33.865039825627491 ], [ -95.977394103754875, 33.857952117496268 ], [ -95.994209289227285, 33.875377654854958 ], [ -96.00261688196349, 33.87339019809923 ], [ -96.001792907816423, 33.856979370301758 ], [ -96.014068603383294, 33.844207763377653 ], [ -96.026748657524479, 33.856021881005063 ], [ -96.047973632676985, 33.841278076122364 ], [ -96.091522216377143, 33.844577789433515 ], [ -96.109443664193691, 33.82925796518299 ], [ -96.148963928142734, 33.835590362405355 ], [ -96.169204712227668, 33.828983306834175 ], [ -96.18312835698805, 33.815792083437941 ], [ -96.180725097785, 33.808433532781351 ], [ -96.154518127609492, 33.82394409154665 ], [ -96.141418456996178, 33.820320129470474 ], [ -96.16131591769539, 33.798229217804192 ], [ -96.168815612450544, 33.769355773949883 ], [ -96.187026977413041, 33.758583068553833 ], [ -96.21254730261586, 33.756690978605832 ], [ -96.278076171478119, 33.773387908625125 ], [ -96.289680480869436, 33.761932373180514 ], [ -96.300788879802951, 33.714050292886782 ], [ -96.316276549922804, 33.701801299990052 ], [ -96.347587585498616, 33.705528259621531 ], [ -96.370819092027432, 33.740394592236669 ], [ -96.419464111279694, 33.788326263846045 ], [ -96.487373352498196, 33.778129577817822 ], [ -96.500747680560949, 33.788089752040491 ], [ -96.510574340533367, 33.815685271857888 ], [ -96.56213378914299, 33.82542037994665 ], [ -96.601196289177381, 33.842956542910201 ], [ -96.614166259565195, 33.862899780000873 ], [ -96.584487915285024, 33.896144866992074 ], [ -96.666236877429924, 33.91354370078119 ], [ -96.677703857646861, 33.904323577770924 ], [ -96.693382263180865, 33.847904205414807 ], [ -96.711677551078083, 33.833869934150187 ], [ -96.748825073418345, 33.831737518371824 ], [ -96.797592163047852, 33.869949340689573 ], [ -96.814117431374314, 33.871768951575916 ], [ -96.844009399713968, 33.858032226406181 ], [ -96.86101531970121, 33.861679077127746 ], [ -96.878936767517757, 33.884002685675455 ], [ -96.882850646739939, 33.924591064526055 ], [ -96.898452759187478, 33.950027465894891 ], [ -96.92956542950094, 33.961772918485451 ], [ -96.936203002666389, 33.947849273725069 ], [ -96.968185424417754, 33.937320709083508 ], [ -96.987861633007924, 33.944202423003446 ], [ -96.987709045036354, 33.876422882010445 ], [ -97.005851745861321, 33.850513457929765 ], [ -97.02559661858902, 33.840560912656031 ], [ -97.0708999630628, 33.856727599699013 ], [ -97.082176208764963, 33.851100922069975 ], [ -97.078247070745704, 33.837810516042509 ], [ -97.050025940244893, 33.823448181088736 ], [ -97.08766937214375, 33.807571411191702 ], [ -97.083465575775676, 33.742412567486042 ], [ -97.090499877667185, 33.731670379684317 ], [ -97.115562438955351, 33.725933074651721 ], [ -97.15247344949006, 33.728668212468108 ], [ -97.189163207915669, 33.752769470434771 ], [ -97.208320617402535, 33.8196487423956 ], [ -97.195014953477312, 33.836158752824247 ], [ -97.168594360141583, 33.847793578910569 ], [ -97.164169311664352, 33.86314773567949 ], [ -97.187767028425583, 33.899204254472806 ], [ -97.211334228491808, 33.905689239666742 ], [ -97.246063232831887, 33.894237518246939 ], [ -97.250686645672147, 33.872970580727781 ], [ -97.263908386662706, 33.858730316151195 ], [ -97.27227783195633, 33.872573852901041 ], [ -97.314086913680114, 33.895839691048934 ], [ -97.314956665117961, 33.870391845807092 ], [ -97.341804504774018, 33.861915588034037 ], [ -97.363319397072473, 33.831024169829618 ], [ -97.410118102768195, 33.820709228348278 ], [ -97.452735900741175, 33.836212158164642 ], [ -97.45706176748655, 33.890430450604867 ], [ -97.462760925076623, 33.902381897406713 ], [ -97.477531433528782, 33.907707214016739 ], [ -97.518203735314103, 33.916770935030684 ], [ -97.554588317796572, 33.903903961298852 ], [ -97.575668334825764, 33.902530670454155 ], [ -97.59235382097205, 33.9178848263237 ], [ -97.600181579416301, 33.969436645085182 ], [ -97.671066284281551, 33.988613128293309 ], [ -97.704261779957164, 33.971546173117474 ], [ -97.729019165302191, 33.939292907941422 ], [ -97.756362915416162, 33.932098388230088 ], [ -97.790206909521203, 33.890457153275065 ], [ -97.852546691576492, 33.857070923084677 ], [ -97.869750976826083, 33.855113983023955 ], [ -97.909065246563841, 33.874023437731523 ], [ -97.954734802169355, 33.883480071648023 ], [ -97.976379394693254, 33.902503966884638 ], [ -97.976127624090566, 33.912052154483376 ], [ -97.950683593772794, 33.932518005601537 ], [ -97.962997436782246, 33.948650360126067 ], [ -97.947753906517562, 33.95975112921127 ], [ -97.950225829858141, 33.971160888264421 ], [ -97.982681274321294, 34.001285552586239 ], [ -98.023490906180314, 33.98698425282106 ], [ -98.0555572508664, 33.989799499547303 ], [ -98.086204529215593, 34.00531387323673 ], [ -98.110687256211861, 34.069820404488155 ], [ -98.094123840442819, 34.134555816797558 ], [ -98.114868163934602, 34.148986816788238 ], [ -98.136863708793101, 34.138431549476479 ], [ -98.172843932701312, 34.115367889716367 ], [ -98.277000427227904, 34.122871398496272 ], [ -98.320487975739468, 34.13941955546818 ], [ -98.350402831825193, 34.142120361665434 ], [ -98.384254455778489, 34.115779876340298 ], [ -98.390953064132589, 34.087230682150334 ], [ -98.407135009972706, 34.082454681338504 ], [ -98.421340942030838, 34.065830230380868 ], [ -98.448188781686895, 34.054374694936257 ], [ -98.49951934833922, 34.066413879596894 ], [ -98.55757904093997, 34.105335235532721 ], [ -98.576332091852521, 34.141929626251283 ], [ -98.60724639870233, 34.151397704940166 ], [ -98.625991821565265, 34.158435821755802 ], [ -98.661720275770051, 34.147037505676394 ], [ -98.682212829558409, 34.149997711425272 ], [ -98.705291748115656, 34.13071441663709 ], [ -98.778533935792439, 34.131961822180415 ], [ -98.811065674241433, 34.145935058256384 ], [ -98.891342162910462, 34.160820007237589 ], [ -98.952507019383404, 34.194564819610775 ], [ -98.996192932257998, 34.20949554408412 ], [ -99.035217284849807, 34.198921203950476 ], [ -99.078430175911876, 34.208358765045034 ], [ -99.127944946601986, 34.20146942127684 ], [ -99.176155090584928, 34.21273040728255 ], [ -99.190483093020305, 34.223735809560026 ], [ -99.204597473194781, 34.255645752249734 ], [ -99.196304320987565, 34.305122375497263 ], [ -99.205490112378754, 34.331993102899446 ], [ -99.254104614036692, 34.368213653537339 ], [ -99.267173767055681, 34.398284912518761 ], [ -99.323295593316971, 34.412708282661185 ], [ -99.364204406907788, 34.450195312563665 ], [ -99.392791747641013, 34.428993225157285 ], [ -99.394157409536774, 34.39674377400604 ], [ -99.409957885448023, 34.369106292721256 ], [ -99.438377380311806, 34.364704131990152 ], [ -99.479438781874251, 34.383522033914801 ], [ -99.502136230502572, 34.404067993043498 ], [ -99.553863524981637, 34.415180206001764 ], [ -99.577850341519991, 34.40891265889212 ], [ -99.585220336948964, 34.384857177316917 ], [ -99.601448059180541, 34.368556976023683 ], [ -99.684906005707546, 34.377445221319988 ], [ -99.77768707280012, 34.443992614667479 ], [ -99.829933166382489, 34.501777648919415 ], [ -99.860572814883483, 34.518627166910278 ], [ -99.880599975808195, 34.548175811864269 ], [ -99.931907653815131, 34.57910919153602 ], [ -99.944740295028566, 34.579570770374801 ], [ -99.972099303939672, 34.561862945718417 ], [ -99.996093750326281, 34.56232070963307 ], [ -99.998878478558879, 34.747184753173883 ], [ -99.996070861680892, 35.030998230084322 ], [ -99.997184752973908, 35.182182312263933 ], [ -99.99435424834985, 35.424571991404321 ], [ -99.999999999700208, 35.618808745926913 ], [ -99.997726440722602, 35.883792877039696 ], [ -99.997154236278959, 36.057548522546313 ], [ -100.001144409486869, 36.492519378966222 ], [ -100.006866454823012, 36.493877411013784 ], [ -100.549415588558531, 36.489448547612426 ], [ -100.956909179714842, 36.489608764532932 ], [ -101.089668273771792, 36.488021850528014 ], [ -101.620315552021054, 36.492004394787045 ], [ -102.03421020543658, 36.492954254235485 ], [ -102.165222167668844, 36.490207672546092 ], [ -102.996917724773141, 36.492343902349262 ], [ -102.997222900716281, 36.998504638678185 ], [ -102.036758422762944, 36.98897170987658 ], [ -102.024070739672879, 36.988853454423463 ], [ -101.553237914797876, 36.996665954969899 ], [ -101.071159362714354, 36.997440337801379 ], [ -100.950141906323893, 36.996635437375573 ], [ -100.63381195066097, 36.997806548933113 ], [ -100.088157653952521, 36.997623443367274 ], [ -99.99884796186393, 36.995388030932929 ], [ -99.54424285922056, 36.995433807324389 ], [ -99.437080383452894, 36.994529724267409 ], [ -98.999137878310421, 36.998043060738723 ], [ -98.539863586435331, 36.998348235782487 ], [ -98.346794128546151, 36.999034881654495 ], [ -98.104187011321471, 36.998645782776691 ], [ -97.803916931121421, 36.998542785221389 ], [ -97.465080261344951, 36.996440887037352 ], [ -97.137374878248011, 36.999778747791026 ], [ -96.748390198149082, 37.000133514150434 ], [ -96.518898010334851, 37.000537872724692 ], [ -96.005790710872589, 36.998264312847823 ], [ -95.957702636367515, 37.00001144377319 ], [ -95.785491943398426, 36.998035430890468 ], [ -95.525764465657517, 37.000938415475559 ], [ -95.40637207071444, 37.000537872724692 ], [ -95.071693420015265, 37.001407623263276 ], [ -95.032508850503007, 37.000709533518204 ], [ -94.620155334700883, 36.996982574786045 ], [ -94.62145996050873, 36.763538360307109 ], [ -94.620849609521827, 36.670471190992714 ], [ -94.617034912031556, 36.489337921108245 ], [ -94.607231139805208, 36.478713989658957 ], [ -94.552894591911866, 36.164443969813419 ], [ -94.54219818140092, 36.106754303268531 ], [ -94.485717773856152, 35.760227203322813 ], [ -94.468269347852072, 35.641002655148441 ], [ -94.428337097279154, 35.400455474640466 ], [ -94.439102172827006, 34.92905044532182 ] ] ] ] } },
{ "type": "Feature", "properties": { "STATE_NAME": "North Carolina", "STATE_ABBR": "NC", "ELECT_VOTE": 16.0, "WON_12": "R", "WON_16": "T", "F2016Result": "Rep", "WON_20": "T", "F2020Result": "Rep", "Shape_Length": 34.58269974610316, "Shape_Area": 12.627802119558554, "WON_24": "T", "F2024Result": "Rep" }, "geometry": { "type": "MultiPolygon", "coordinates": [ [ [ [ -83.988548278780002, 34.989067077983293 ], [ -84.118240356407284, 34.988224029215644 ], [ -84.323852539263214, 34.989009856819507 ], [ -84.291038513516526, 35.21054458596393 ], [ -84.225944519024324, 35.261604309191569 ], [ -84.179725646721181, 35.240989685026022 ], [ -84.101646423043974, 35.245552062677575 ], [ -84.04277801509329, 35.272575378051329 ], [ -84.030860900809898, 35.292522430066128 ], [ -84.029205322667451, 35.325290680320677 ], [ -84.0063095096761, 35.372859954823127 ], [ -84.012649535847345, 35.407623290782283 ], [ -83.95470428467496, 35.455459594684612 ], [ -83.910011291188084, 35.476478576525153 ], [ -83.881225586091887, 35.510585785105945 ], [ -83.830200195382645, 35.51906204197968 ], [ -83.775878906286437, 35.552604675065766 ], [ -83.672874450495442, 35.564971923415612 ], [ -83.613861084421444, 35.571739196806561 ], [ -83.561035156547177, 35.555175781037519 ], [ -83.505798339621663, 35.559551239098482 ], [ -83.458290100307863, 35.597278594831323 ], [ -83.387092590550594, 35.625217438034383 ], [ -83.343025207747075, 35.653259276994106 ], [ -83.29841613809424, 35.656326294323094 ], [ -83.259124756102551, 35.691009521372393 ], [ -83.253303528135291, 35.700706482018575 ], [ -83.243850708243542, 35.718215942311929 ], [ -83.18534851052533, 35.728885651051996 ], [ -83.143661499178791, 35.762683868765578 ], [ -83.118186950367431, 35.763809203931658 ], [ -83.059959411897296, 35.782577514540719 ], [ -82.987007141366462, 35.773990631162746 ], [ -82.962753296327548, 35.7918510437907 ], [ -82.906822204581033, 35.87221527121784 ], [ -82.914070129632762, 35.927867889691413 ], [ -82.895973205199198, 35.948360443479714 ], [ -82.856269836583635, 35.947425841929089 ], [ -82.808670043587597, 35.920871734343109 ], [ -82.776443481081742, 35.956573486777017 ], [ -82.773597717660493, 35.987503051524641 ], [ -82.763229369939438, 35.999546051109405 ], [ -82.643890381236076, 36.051723480554244 ], [ -82.628044128034048, 36.054340362917458 ], [ -82.604400634881358, 36.04298782322951 ], [ -82.592231750894541, 36.022449493049692 ], [ -82.60580444332038, 36.003547668190379 ], [ -82.59930419932931, 35.963298797801315 ], [ -82.554145812978845, 35.956108093014109 ], [ -82.50693511975993, 35.97254180945697 ], [ -82.475196838763054, 35.993175506444516 ], [ -82.408424377483016, 36.075317382391347 ], [ -82.373855590962705, 36.098697661967606 ], [ -82.31192779553129, 36.122150421504784 ], [ -82.26230621326107, 36.120376587009957 ], [ -82.207733154461494, 36.147014617530601 ], [ -82.154052733946457, 36.139621734355615 ], [ -82.118080138987182, 36.096256256221295 ], [ -82.077758788637141, 36.100139617849152 ], [ -82.020454406945305, 36.129711151448532 ], [ -81.933113097891123, 36.263320923222068 ], [ -81.911155700475149, 36.290752411194887 ], [ -81.830574035863037, 36.334655762153773 ], [ -81.730491638378396, 36.329341888517376 ], [ -81.709457397740664, 36.333724975527275 ], [ -81.740379333539352, 36.36185836816918 ], [ -81.741073608360296, 36.391784668127968 ], [ -81.698280334669676, 36.471778869499303 ], [ -81.702796935929825, 36.519340515052761 ], [ -81.669998168980271, 36.589649200550241 ], [ -81.345298767124348, 36.572864532672099 ], [ -80.903442382759692, 36.565212249945432 ], [ -80.83815765375266, 36.563438415450548 ], [ -80.611053467243664, 36.557296752743014 ], [ -80.435310364082, 36.551044464430561 ], [ -80.048095703553827, 36.547134399233187 ], [ -80.024055480775758, 36.545024872100214 ], [ -79.717445373505143, 36.547889709242725 ], [ -79.510299682884011, 36.547657013260618 ], [ -79.217063903676149, 36.549781799190725 ], [ -79.144325256305478, 36.546058654483375 ], [ -78.796699523863879, 36.54353332490308 ], [ -78.737388610795733, 36.546073913280509 ], [ -78.458808898611721, 36.541481018034631 ], [ -78.321250915097608, 36.545532226431135 ], [ -78.051666259790011, 36.552474975539724 ], [ -77.898857117062278, 36.55294418332744 ], [ -77.763931274708511, 36.553440093785355 ], [ -77.320053100170412, 36.553916931421327 ], [ -77.177352905612054, 36.556285858105923 ], [ -76.92413330081115, 36.554145813378625 ], [ -76.921630858976926, 36.554157257251688 ], [ -76.563583374373195, 36.555252074823443 ], [ -76.497558594153759, 36.555812835394079 ], [ -76.330253601322624, 36.556056976148568 ], [ -76.127395630004287, 36.557163238492706 ], [ -76.045959472751406, 36.556953430256669 ], [ -76.033210754472691, 36.514373779726213 ], [ -76.091064452862156, 36.50356674181171 ], [ -75.97607421865024, 36.436214447139093 ], [ -75.969764709173944, 36.415119171312767 ], [ -76.00160980265025, 36.418914795081776 ], [ -75.951255798116563, 36.36547088637235 ], [ -75.928123474218921, 36.423244476751279 ], [ -75.924591064026345, 36.350948333598751 ], [ -75.80005645713976, 36.112815857066209 ], [ -75.798851013063768, 36.07281875638057 ], [ -75.855163573839832, 36.105667114645655 ], [ -75.913764953289899, 36.244800567392303 ], [ -75.957511902252463, 36.259452819492083 ], [ -75.941932678450314, 36.294338226727859 ], [ -76.008972168230969, 36.319595336555608 ], [ -75.957183837663933, 36.19377136265831 ], [ -75.981338500970992, 36.169727325855433 ], [ -76.183166503930977, 36.315238952215907 ], [ -76.218902587984019, 36.296607970781281 ], [ -76.112709045386111, 36.174419402833223 ], [ -76.141937255599828, 36.147689819529603 ], [ -76.234977722244025, 36.163360596114671 ], [ -76.298927306949622, 36.214229583928216 ], [ -76.275505065906032, 36.110370636395828 ], [ -76.480529785521128, 36.079792023083428 ], [ -76.420425415000864, 36.058605194474183 ], [ -76.523010254319729, 36.007167816241804 ], [ -76.59400176986577, 36.010131836015489 ], [ -76.649017333782865, 36.065708160503277 ], [ -76.633209228922738, 36.037117003946605 ], [ -76.690155029331095, 36.049610137597824 ], [ -76.726509094219296, 36.156822204681077 ], [ -76.688735962094938, 36.29451751736957 ], [ -76.776641845744564, 36.358329772900731 ], [ -76.924079894571435, 36.392444610430459 ], [ -76.741348266809041, 36.31516647315425 ], [ -76.707496642855745, 36.26613235502424 ], [ -76.745063781668136, 36.233917236391392 ], [ -76.760673523064611, 36.14459228550561 ], [ -76.693763732610137, 35.99296951313255 ], [ -76.741127013800622, 35.936626434762218 ], [ -76.697219848816928, 35.941543578773178 ], [ -76.409469604938295, 35.977466583316243 ], [ -76.371482848754454, 35.932342529484174 ], [ -76.21376800498939, 35.976875305151282 ], [ -76.089637756677064, 35.962913512948319 ], [ -76.026046753255002, 35.920425415200782 ], [ -76.075912475380392, 35.756801605609667 ], [ -76.043067932039378, 35.683849335078776 ], [ -76.167304992831134, 35.696842193212717 ], [ -76.104743957767425, 35.663639068588225 ], [ -76.021209716355315, 35.669094085423751 ], [ -75.987854003759253, 35.892707825006198 ], [ -75.818054198942093, 35.923519134300648 ], [ -75.748962402292989, 35.869338989302946 ], [ -75.72937011753686, 35.66517257725269 ], [ -75.779052734096354, 35.578685760839221 ], [ -75.891494750981906, 35.631267547958998 ], [ -76.05297851584578, 35.414604187333453 ], [ -76.18161773646932, 35.341533660450125 ], [ -76.498802184772956, 35.416217804008511 ], [ -76.533752441222134, 35.450199127287931 ], [ -76.458435058930775, 35.504425048677092 ], [ -76.446525573596318, 35.550865173089335 ], [ -76.518943786226714, 35.577644347708542 ], [ -76.492538452587496, 35.541786194177575 ], [ -76.638198852894732, 35.520336151092579 ], [ -76.628768920749053, 35.437896728151543 ], [ -76.705375670950389, 35.411933898730467 ], [ -77.103767395448926, 35.550186157065525 ], [ -76.983184814327672, 35.436500549560776 ], [ -76.6949005125486, 35.350425719771181 ], [ -76.614517212299461, 35.272918701436993 ], [ -76.59120941178486, 35.312080383203181 ], [ -76.540977477628473, 35.30368804926411 ], [ -76.507125854574497, 35.248767853054005 ], [ -76.640090941943356, 35.172519684136148 ], [ -76.605224609328218, 35.138561248602798 ], [ -76.624221801894578, 35.064350127756256 ], [ -76.678009033090348, 35.024085998570058 ], [ -76.849464416949218, 34.982219695682488 ], [ -76.941490173132934, 35.027427673348484 ], [ -76.943244933906556, 35.070034027448457 ], [ -77.047882080093871, 35.092155456709008 ], [ -77.104675292530715, 35.087985992859331 ], [ -77.110588073280894, 35.066036224392292 ], [ -77.00119018597826, 35.05288696246339 ], [ -76.913108825711674, 34.936470032066381 ], [ -76.647048949849136, 34.906333922972237 ], [ -76.670059204268796, 34.969997406355276 ], [ -76.529777526811358, 34.97463607799267 ], [ -76.445030212374377, 35.016658782876561 ], [ -76.424057006925295, 34.946247100723156 ], [ -76.364013671593625, 34.943111419256638 ], [ -76.32940673853011, 34.975955963496972 ], [ -76.31471252406368, 34.948814391770838 ], [ -76.469902038248449, 34.785060882853486 ], [ -76.625312805441581, 34.719753265201064 ], [ -77.050529480051409, 34.698917388926418 ], [ -77.14895629849434, 34.764331817259631 ], [ -77.129394531332537, 34.684913635256123 ], [ -77.156600952272072, 34.66063690157182 ], [ -77.538635254313476, 34.457008361446753 ], [ -77.586761474462435, 34.420936584755623 ], [ -77.609725952490692, 34.4350433350819 ], [ -77.602615356613398, 34.412628173751273 ], [ -77.750526428152114, 34.305046081511477 ], [ -77.864387512273822, 34.192737579775553 ], [ -77.894401550091402, 34.069179535007606 ], [ -77.926757812822757, 34.06203460661186 ], [ -77.960731506253978, 34.1892433170255 ], [ -77.958526611413959, 33.992580413755149 ], [ -78.034805297926141, 33.914291381841849 ], [ -78.579719543422129, 33.881992340274337 ], [ -78.655715942636618, 33.948673247872136 ], [ -79.074501037392906, 34.30457305879969 ], [ -79.447143554731213, 34.619060516729519 ], [ -79.455970763939547, 34.634090423834039 ], [ -79.667503356494649, 34.800662994401705 ], [ -79.685958862211692, 34.80525588964764 ], [ -79.919952392488881, 34.807918548402313 ], [ -80.325279236247695, 34.814762115779047 ], [ -80.561546325502491, 34.815227508642636 ], [ -80.800064086888085, 34.816112517978354 ], [ -80.785652160618667, 34.940639495916059 ], [ -80.840164184229707, 35.002017974649846 ], [ -80.894714355283213, 35.059734344764252 ], [ -80.927795410429837, 35.101249694417902 ], [ -81.03988647498079, 35.037200927980507 ], [ -81.065551757407661, 35.066482543534619 ], [ -81.028442382509922, 35.105407714394573 ], [ -81.049041747878334, 35.132011413296141 ], [ -81.049301147429958, 35.151531219889932 ], [ -81.322822570605126, 35.163757324141272 ], [ -81.362174987785409, 35.162853241084235 ], [ -81.765357970993534, 35.182472229409939 ], [ -81.870590210269938, 35.183116912915239 ], [ -81.971443176561309, 35.188282012604873 ], [ -82.210174560207747, 35.193126678453496 ], [ -82.278327942180738, 35.195007324528433 ], [ -82.320770263536815, 35.18418884274098 ], [ -82.35086059534018, 35.19267272946297 ], [ -82.360122680717097, 35.182949066146534 ], [ -82.371376037773871, 35.182723999113307 ], [ -82.389610290482494, 35.208240509392056 ], [ -82.437919617096611, 35.169559478387271 ], [ -82.466743469635389, 35.173500061178913 ], [ -82.524635314568059, 35.154560088877076 ], [ -82.570030212724078, 35.149490356894489 ], [ -82.654495238964046, 35.119457244456328 ], [ -82.686050415294403, 35.121463775832638 ], [ -82.688034058025323, 35.097801208059366 ], [ -82.697357177691572, 35.091232299930766 ], [ -82.771347045529694, 35.085422515836513 ], [ -82.887695312688493, 35.055370330576352 ], [ -83.007278442146344, 35.024204254023175 ], [ -83.106285094881173, 35.000278472673415 ], [ -83.513008117230811, 34.99202346790878 ], [ -83.54941558835867, 34.98953628577101 ], [ -83.937995910782604, 34.989391326748375 ], [ -83.988548278780002, 34.989067077983293 ] ] ], [ [ [ -76.027168273497011, 36.556716919350379 ], [ -75.998664855698507, 36.556652069237657 ], [ -75.911918639733415, 36.542530060114245 ], [ -75.924804687186509, 36.473976135390387 ], [ -75.977279662726232, 36.478015899913885 ], [ -75.976287841810404, 36.517925262740732 ], [ -76.027168273497011, 36.556716919350379 ] ] ], [ [ [ -75.901985168180943, 36.556198120247132 ], [ -75.878166198411293, 36.55587387058273 ], [ -75.773155212143308, 36.229255676108608 ], [ -75.544967651036245, 35.788360595964775 ], [ -75.702735901040967, 36.049861908200569 ], [ -75.740867614448803, 36.05032348614003 ], [ -75.783172607529764, 36.22519302383904 ], [ -75.901985168180943, 36.556198120247132 ] ] ], [ [ [ -75.491218567282999, 35.670497893862773 ], [ -75.533622742095815, 35.768856048168118 ], [ -75.456977844451899, 35.617397308539012 ], [ -75.526298523058358, 35.227916717082906 ], [ -75.749290465982199, 35.189826965142402 ], [ -75.691566466918857, 35.234989166416938 ], [ -75.521484374804004, 35.281356811767523 ], [ -75.475418090472431, 35.56449508667896 ], [ -75.491218567282999, 35.670497893862773 ] ] ], [ [ [ -76.017005919987184, 35.069435119435241 ], [ -75.975692748721315, 35.116184234714694 ], [ -75.853935242017769, 35.167282104485594 ], [ -75.76370239225156, 35.192283630585109 ], [ -75.811538696153889, 35.164020538617024 ], [ -75.903945923165793, 35.132492065856184 ], [ -76.002876281914837, 35.069435119435241 ], [ -76.017005919987184, 35.069435119435241 ] ] ], [ [ [ -76.54427337601544, 34.587829590063564 ], [ -76.555145264042665, 34.610660552942193 ], [ -76.5377502442783, 34.613922118810763 ], [ -76.484481811286514, 34.697631835940513 ], [ -76.432296752892796, 34.760684967437328 ], [ -76.374679565409565, 34.812870025831103 ], [ -76.287704467487174, 34.877010345051417 ], [ -76.46926116966722, 34.693283081449124 ], [ -76.54427337601544, 34.587829590063564 ] ] ] ] } },
{ "type": "Feature", "properties": { "STATE_NAME": "Tennessee", "STATE_ABBR": "TN", "ELECT_VOTE": 11.0, "WON_12": "R", "WON_16": "T", "F2016Result": "Rep", "WON_20": "T", "F2020Result": "Rep", "Shape_Length": 21.459826966070665, "Shape_Area": 10.876448352930231, "WON_24": "T", "F2024Result": "Rep" }, "geometry": { "type": "MultiPolygon", "coordinates": [ [ [ [ -83.95470428467496, 35.455459594684612 ], [ -84.012649535847345, 35.407623290782283 ], [ -84.0063095096761, 35.372859954823127 ], [ -84.029205322667451, 35.325290680320677 ], [ -84.030860900809898, 35.292522430066128 ], [ -84.04277801509329, 35.272575378051329 ], [ -84.101646423043974, 35.245552062677575 ], [ -84.179725646721181, 35.240989685026022 ], [ -84.225944519024324, 35.261604309191569 ], [ -84.291038513516526, 35.21054458596393 ], [ -84.323852539263214, 34.989009856819507 ], [ -84.618751525562402, 34.988681793130297 ], [ -84.771194458057778, 34.990680694658408 ], [ -84.800476074511209, 34.992755890172248 ], [ -84.967910766668524, 34.992607117124805 ], [ -84.972846985300066, 34.99255371088509 ], [ -85.267761230396445, 34.989074706932229 ], [ -85.359985351842454, 34.989902496003424 ], [ -85.467422485059615, 34.990047455026058 ], [ -85.608993530427028, 34.990085601569319 ], [ -85.869590759605842, 34.992301941181665 ], [ -86.30351257304676, 34.995376586560269 ], [ -86.313064575569683, 34.995185852045495 ], [ -86.782371520729043, 34.996990204134647 ], [ -86.833419800083675, 34.998161315692244 ], [ -87.207572937441057, 35.007877350059687 ], [ -87.222747802668948, 35.007263183249336 ], [ -87.60778808595137, 35.010463714828632 ], [ -87.986045837045708, 35.015949249258483 ], [ -88.194923400694336, 35.013458252196642 ], [ -88.193954467524634, 35.0043678285125 ], [ -88.351684570086775, 35.00374603275327 ], [ -88.383102417242696, 35.00495529175339 ], [ -88.78498840359191, 35.003093719399658 ], [ -88.812492370626387, 35.002349853263183 ], [ -89.00613403295921, 35.000144958423164 ], [ -89.198066711809247, 35.000793456852591 ], [ -89.342300415032071, 34.999713898077971 ], [ -89.646476745505367, 35.000640868881021 ], [ -89.717185973753658, 34.999168396304469 ], [ -90.305351257754296, 35.000694275120736 ], [ -90.291809082023462, 35.048458099062088 ], [ -90.195709228797853, 35.040897369118341 ], [ -90.169082641250839, 35.077827453374312 ], [ -90.178344726627813, 35.108646392517073 ], [ -90.164474487207769, 35.129611969017219 ], [ -90.143730163716043, 35.136535644404489 ], [ -90.082923889425899, 35.12504959136561 ], [ -90.064537048745763, 35.147384643786324 ], [ -90.062431335637598, 35.16691589335386 ], [ -90.073303222765503, 35.191833496518711 ], [ -90.068962097222993, 35.212738036930887 ], [ -90.090103149440779, 35.254398345607228 ], [ -90.105941772794552, 35.263847351474169 ], [ -90.152122497655114, 35.264057159710205 ], [ -90.169746398477457, 35.282566070767587 ], [ -90.156990051249807, 35.30624389643873 ], [ -90.10634613046949, 35.314685821693388 ], [ -90.098701476691758, 35.345592498694884 ], [ -90.105621338054277, 35.36598205582726 ], [ -90.087135314742966, 35.381507873389694 ], [ -90.075477600011197, 35.406528473210528 ], [ -90.085159301860244, 35.418281554750024 ], [ -90.112243652422592, 35.417690277484382 ], [ -90.132469176811014, 35.407600403036213 ], [ -90.140167235929141, 35.383045196978287 ], [ -90.167816161986252, 35.384254455978407 ], [ -90.172676086632066, 35.423717498763608 ], [ -90.137275696116433, 35.442523955915874 ], [ -90.10195922853552, 35.473567962991126 ], [ -90.082229614605012, 35.478206634628521 ], [ -90.074844360378904, 35.472343445193872 ], [ -90.073936462397796, 35.426506042819653 ], [ -90.060295104935108, 35.413410187130467 ], [ -90.046783447697919, 35.417102813344229 ], [ -89.999565124630749, 35.445453644070483 ], [ -90.041816711471995, 35.512439727611365 ], [ -90.040901183642688, 35.542846680130253 ], [ -90.033050537452311, 35.552413940550991 ], [ -89.989585876686817, 35.561676025028589 ], [ -89.962272644167172, 35.532291411919175 ], [ -89.947547913005735, 35.52690124519637 ], [ -89.931175231751524, 35.529232025337762 ], [ -89.921661376671182, 35.546058654683236 ], [ -89.958030700356517, 35.578594208056302 ], [ -89.957046508389624, 35.603103637722768 ], [ -89.87744140589615, 35.633335113624639 ], [ -89.863838195875985, 35.62974548316754 ], [ -89.849197387649269, 35.645221710313706 ], [ -89.857246399101996, 35.671062469357537 ], [ -89.865180969126413, 35.673305511640081 ], [ -89.893402099627167, 35.655971527064366 ], [ -89.929740905718177, 35.676265716489695 ], [ -89.95203399667156, 35.712486267127588 ], [ -89.951034545907532, 35.734268188825922 ], [ -89.909782409830314, 35.754837035700689 ], [ -89.859870910414145, 35.748191833586304 ], [ -89.827041625870322, 35.758270263262091 ], [ -89.799903869967579, 35.774223328044229 ], [ -89.790382385038981, 35.805553436441983 ], [ -89.759796142777702, 35.817420959409787 ], [ -89.735939025565528, 35.807037353790918 ], [ -89.700828552195901, 35.827514648782085 ], [ -89.701438904082124, 35.842037200656364 ], [ -89.757713318314927, 35.87141799884165 ], [ -89.766273498123383, 35.884101867906907 ], [ -89.762908935598887, 35.896812438743098 ], [ -89.737976074536164, 35.915012359832588 ], [ -89.714683532818754, 35.911426544299616 ], [ -89.66464996302534, 35.885646820444435 ], [ -89.64933776862307, 35.894287109162804 ], [ -89.645401000755555, 35.913799285908397 ], [ -89.664192200010007, 35.937820434965147 ], [ -89.713134765357097, 35.966323852763651 ], [ -89.721755981253523, 35.999877929722743 ], [ -89.688842773774979, 36.025794982752302 ], [ -89.678169250110784, 36.082969665118014 ], [ -89.667388915765798, 36.099315643702028 ], [ -89.5894241335169, 36.129791259459125 ], [ -89.589454651111225, 36.15201950029973 ], [ -89.618560790947697, 36.183742523398791 ], [ -89.676788330317152, 36.220867157093664 ], [ -89.695655822658068, 36.240795135387259 ], [ -89.694541931364995, 36.252136230302824 ], [ -89.670585632420966, 36.254894256764601 ], [ -89.618080139286974, 36.240898132043185 ], [ -89.541648864803221, 36.257278442246388 ], [ -89.535377502769506, 36.264537811171124 ], [ -89.542236328044055, 36.280864715134555 ], [ -89.60676574704155, 36.308036804455014 ], [ -89.622795104910153, 36.334781646555768 ], [ -89.605690002291738, 36.354751587216015 ], [ -89.544555664312441, 36.345722198720523 ], [ -89.519332886103768, 36.35593032862181 ], [ -89.520004272279323, 36.401058197377949 ], [ -89.545181274096478, 36.440959930356541 ], [ -89.516021728919611, 36.471809387093572 ], [ -89.533195495675557, 36.498107910052056 ], [ -89.475822448946815, 36.498546600245447 ], [ -89.491989135989797, 36.465461731074072 ], [ -89.470832824974877, 36.445953369252663 ], [ -89.448516845376048, 36.456378936338865 ], [ -89.414710998713588, 36.50261688236327 ], [ -89.346595764183121, 36.502548217326421 ], [ -88.83031463581176, 36.499794006688091 ], [ -88.82630157485778, 36.499847412028487 ], [ -88.81066131586698, 36.498985290438839 ], [ -88.512634277050211, 36.499488830745008 ], [ -88.495979309397569, 36.498149871519388 ], [ -88.042732238801761, 36.496517181123068 ], [ -88.035049438480769, 36.538146973104404 ], [ -88.04106140096286, 36.582668303999071 ], [ -88.071311950585994, 36.679630279713706 ], [ -87.870689391702001, 36.669372558496832 ], [ -87.853515624946112, 36.641471862736353 ], [ -87.693511962507046, 36.644439697434166 ], [ -87.640640259140582, 36.645168304773506 ], [ -87.346603393531723, 36.649230957043073 ], [ -87.11270141603751, 36.651264191089581 ], [ -87.068183899167593, 36.650768279732404 ], [ -86.770538330279692, 36.65205764764238 ], [ -86.510673523364346, 36.655033111289129 ], [ -86.415451049626199, 36.650890350109648 ], [ -86.199005127084888, 36.64324569723118 ], [ -85.980628967153052, 36.63306045507602 ], [ -85.785499572547224, 36.626628876121799 ], [ -85.437408447242035, 36.618137359551554 ], [ -85.300132751025615, 36.626037597956838 ], [ -85.272537231208219, 36.625553131371987 ], [ -84.998512267726937, 36.620914458835273 ], [ -84.79111480740238, 36.605365753526769 ], [ -84.781929016011247, 36.605003357319163 ], [ -84.256843567076942, 36.595417022277786 ], [ -84.254554748402882, 36.595371246785646 ], [ -84.006820678931149, 36.592006683361774 ], [ -83.935676574514275, 36.591209411884904 ], [ -83.695693969501065, 36.58416748014514 ], [ -83.675262450901357, 36.59862136878121 ], [ -83.464302062789955, 36.598754883031461 ], [ -83.275131225325765, 36.600379943579583 ], [ -83.248489379880937, 36.589847564913271 ], [ -83.211029052648598, 36.588001251356729 ], [ -82.986808777003432, 36.591197967112521 ], [ -82.849937439361327, 36.590946197409153 ], [ -82.610961914061022, 36.591445922791138 ], [ -82.296997070158625, 36.591697692494563 ], [ -82.216804504424317, 36.593967437447304 ], [ -82.154327392295272, 36.595043182197173 ], [ -81.929458618220622, 36.595836639649235 ], [ -81.918449401918338, 36.613494872990032 ], [ -81.829055785995706, 36.611480712664786 ], [ -81.652435302447202, 36.607555389569598 ], [ -81.669998168980271, 36.589649200550241 ], [ -81.702796935929825, 36.519340515052761 ], [ -81.698280334669676, 36.471778869499303 ], [ -81.741073608360296, 36.391784668127968 ], [ -81.740379333539352, 36.36185836816918 ], [ -81.709457397740664, 36.333724975527275 ], [ -81.730491638378396, 36.329341888517376 ], [ -81.830574035863037, 36.334655762153773 ], [ -81.911155700475149, 36.290752411194887 ], [ -81.933113097891123, 36.263320923222068 ], [ -82.020454406945305, 36.129711151448532 ], [ -82.077758788637141, 36.100139617849152 ], [ -82.118080138987182, 36.096256256221295 ], [ -82.154052733946457, 36.139621734355615 ], [ -82.207733154461494, 36.147014617530601 ], [ -82.26230621326107, 36.120376587009957 ], [ -82.31192779553129, 36.122150421504784 ], [ -82.373855590962705, 36.098697661967606 ], [ -82.408424377483016, 36.075317382391347 ], [ -82.475196838763054, 35.993175506444516 ], [ -82.50693511975993, 35.97254180945697 ], [ -82.554145812978845, 35.956108093014109 ], [ -82.59930419932931, 35.963298797801315 ], [ -82.60580444332038, 36.003547668190379 ], [ -82.592231750894541, 36.022449493049692 ], [ -82.604400634881358, 36.04298782322951 ], [ -82.628044128034048, 36.054340362917458 ], [ -82.643890381236076, 36.051723480554244 ], [ -82.763229369939438, 35.999546051109405 ], [ -82.773597717660493, 35.987503051524641 ], [ -82.776443481081742, 35.956573486777017 ], [ -82.808670043587597, 35.920871734343109 ], [ -82.856269836583635, 35.947425841929089 ], [ -82.895973205199198, 35.948360443479714 ], [ -82.914070129632762, 35.927867889691413 ], [ -82.906822204581033, 35.87221527121784 ], [ -82.962753296327548, 35.7918510437907 ], [ -82.987007141366462, 35.773990631162746 ], [ -83.059959411897296, 35.782577514540719 ], [ -83.118186950367431, 35.763809203931658 ], [ -83.143661499178791, 35.762683868765578 ], [ -83.18534851052533, 35.728885651051996 ], [ -83.243850708243542, 35.718215942311929 ], [ -83.253303528135291, 35.700706482018575 ], [ -83.259124756102551, 35.691009521372393 ], [ -83.29841613809424, 35.656326294323094 ], [ -83.343025207747075, 35.653259276994106 ], [ -83.387092590550594, 35.625217438034383 ], [ -83.458290100307863, 35.597278594831323 ], [ -83.505798339621663, 35.559551239098482 ], [ -83.561035156547177, 35.555175781037519 ], [ -83.613861084421444, 35.571739196806561 ], [ -83.672874450495442, 35.564971923415612 ], [ -83.775878906286437, 35.552604675065766 ], [ -83.830200195382645, 35.51906204197968 ], [ -83.881225586091887, 35.510585785105945 ], [ -83.910011291188084, 35.476478576525153 ], [ -83.95470428467496, 35.455459594684612 ] ] ] ] } },
{ "type": "Feature", "properties": { "STATE_NAME": "Texas", "STATE_ABBR": "TX", "ELECT_VOTE": 40.0, "WON_12": "R", "WON_16": "T", "F2016Result": "Rep", "WON_20": "T", "F2020Result": "Rep", "Shape_Length": 64.807411156535906, "Shape_Area": 65.059582860008334, "WON_24": "T", "F2024Result": "Rep" }, "geometry": { "type": "MultiPolygon", "coordinates": [ [ [ [ -105.99835968005516, 31.393817901375087 ], [ -106.212753295727964, 31.478128433080769 ], [ -106.383041382054103, 31.733762740957786 ], [ -106.538970947451219, 31.786197662492157 ], [ -106.614440917714148, 31.817728042715032 ], [ -106.615577697652611, 31.844635010097704 ], [ -106.643531799652806, 31.895101546798969 ], [ -106.633201599374274, 31.913997650171495 ], [ -106.632057189587613, 31.97211837796084 ], [ -106.649513244540572, 31.98022842370284 ], [ -106.623077392407708, 32.000988006891077 ], [ -106.37784576387088, 32.000644683505413 ], [ -106.002708435445925, 32.001552581486521 ], [ -104.921798706445088, 32.004268646480909 ], [ -104.850563049245295, 32.003150940263708 ], [ -104.018814086800603, 32.007278442646054 ], [ -103.980895995653668, 32.005889893004223 ], [ -103.728973388610939, 32.006103515265067 ], [ -103.33209228503091, 32.0041542050526 ], [ -103.057968139817774, 32.001899718896937 ], [ -103.055191039634735, 32.084995270115655 ], [ -103.059547423974379, 32.515430450654833 ], [ -103.0488357546663, 32.953533172717812 ], [ -103.042602539175789, 33.377727508817543 ], [ -103.038238524987889, 33.565742492622007 ], [ -103.032760620406293, 33.826087952097339 ], [ -103.029144287278996, 34.30774307278466 ], [ -103.022155761778947, 34.745265960555685 ], [ -103.024749755496771, 34.964717865237333 ], [ -103.025650024529, 35.17720794708913 ], [ -103.021797180495469, 35.623603820460005 ], [ -103.022117614336423, 35.742286681785004 ], [ -103.023559570217969, 36.056026458654173 ], [ -103.026802063264597, 36.491565704593654 ], [ -102.996917724773141, 36.492343902349262 ], [ -102.165222167668844, 36.490207672546092 ], [ -102.03421020543658, 36.492954254235485 ], [ -101.620315552021054, 36.492004394787045 ], [ -101.089668273771792, 36.488021850528014 ], [ -100.956909179714842, 36.489608764532932 ], [ -100.549415588558531, 36.489448547612426 ], [ -100.006866454823012, 36.493877411013784 ], [ -100.001144409486869, 36.492519378966222 ], [ -99.997154236278959, 36.057548522546313 ], [ -99.997726440722602, 35.883792877039696 ], [ -99.999999999700208, 35.618808745926913 ], [ -99.99435424834985, 35.424571991404321 ], [ -99.997184752973908, 35.182182312263933 ], [ -99.996070861680892, 35.030998230084322 ], [ -99.998878478558879, 34.747184753173883 ], [ -99.996093750326281, 34.56232070963307 ], [ -99.972099303939672, 34.561862945718417 ], [ -99.944740295028566, 34.579570770374801 ], [ -99.931907653815131, 34.57910919153602 ], [ -99.880599975808195, 34.548175811864269 ], [ -99.860572814883483, 34.518627166910278 ], [ -99.829933166382489, 34.501777648919415 ], [ -99.77768707280012, 34.443992614667479 ], [ -99.684906005707546, 34.377445221319988 ], [ -99.601448059180541, 34.368556976023683 ], [ -99.585220336948964, 34.384857177316917 ], [ -99.577850341519991, 34.40891265889212 ], [ -99.553863524981637, 34.415180206001764 ], [ -99.502136230502572, 34.404067993043498 ], [ -99.479438781874251, 34.383522033914801 ], [ -99.438377380311806, 34.364704131990152 ], [ -99.409957885448023, 34.369106292721256 ], [ -99.394157409536774, 34.39674377400604 ], [ -99.392791747641013, 34.428993225157285 ], [ -99.364204406907788, 34.450195312563665 ], [ -99.323295593316971, 34.412708282661185 ], [ -99.267173767055681, 34.398284912518761 ], [ -99.254104614036692, 34.368213653537339 ], [ -99.205490112378754, 34.331993102899446 ], [ -99.196304320987565, 34.305122375497263 ], [ -99.204597473194781, 34.255645752249734 ], [ -99.190483093020305, 34.223735809560026 ], [ -99.176155090584928, 34.21273040728255 ], [ -99.127944946601986, 34.20146942127684 ], [ -99.078430175911876, 34.208358765045034 ], [ -99.035217284849807, 34.198921203950476 ], [ -98.996192932257998, 34.20949554408412 ], [ -98.952507019383404, 34.194564819610775 ], [ -98.891342162910462, 34.160820007237589 ], [ -98.811065674241433, 34.145935058256384 ], [ -98.778533935792439, 34.131961822180415 ], [ -98.705291748115656, 34.13071441663709 ], [ -98.682212829558409, 34.149997711425272 ], [ -98.661720275770051, 34.147037505676394 ], [ -98.625991821565265, 34.158435821755802 ], [ -98.60724639870233, 34.151397704940166 ], [ -98.576332091852521, 34.141929626251283 ], [ -98.55757904093997, 34.105335235532721 ], [ -98.49951934833922, 34.066413879596894 ], [ -98.448188781686895, 34.054374694936257 ], [ -98.421340942030838, 34.065830230380868 ], [ -98.407135009972706, 34.082454681338504 ], [ -98.390953064132589, 34.087230682150334 ], [ -98.384254455778489, 34.115779876340298 ], [ -98.350402831825193, 34.142120361665434 ], [ -98.320487975739468, 34.13941955546818 ], [ -98.277000427227904, 34.122871398496272 ], [ -98.172843932701312, 34.115367889716367 ], [ -98.136863708793101, 34.138431549476479 ], [ -98.114868163934602, 34.148986816788238 ], [ -98.094123840442819, 34.134555816797558 ], [ -98.110687256211861, 34.069820404488155 ], [ -98.086204529215593, 34.00531387323673 ], [ -98.0555572508664, 33.989799499547303 ], [ -98.023490906180314, 33.98698425282106 ], [ -97.982681274321294, 34.001285552586239 ], [ -97.950225829858141, 33.971160888264421 ], [ -97.947753906517562, 33.95975112921127 ], [ -97.962997436782246, 33.948650360126067 ], [ -97.950683593772794, 33.932518005601537 ], [ -97.976127624090566, 33.912052154483376 ], [ -97.976379394693254, 33.902503966884638 ], [ -97.954734802169355, 33.883480071648023 ], [ -97.909065246563841, 33.874023437731523 ], [ -97.869750976826083, 33.855113983023955 ], [ -97.852546691576492, 33.857070923084677 ], [ -97.790206909521203, 33.890457153275065 ], [ -97.756362915416162, 33.932098388230088 ], [ -97.729019165302191, 33.939292907941422 ], [ -97.704261779957164, 33.971546173117474 ], [ -97.671066284281551, 33.988613128293309 ], [ -97.600181579416301, 33.969436645085182 ], [ -97.59235382097205, 33.9178848263237 ], [ -97.575668334825764, 33.902530670454155 ], [ -97.554588317796572, 33.903903961298852 ], [ -97.518203735314103, 33.916770935030684 ], [ -97.477531433528782, 33.907707214016739 ], [ -97.462760925076623, 33.902381897406713 ], [ -97.45706176748655, 33.890430450604867 ], [ -97.452735900741175, 33.836212158164642 ], [ -97.410118102768195, 33.820709228348278 ], [ -97.363319397072473, 33.831024169829618 ], [ -97.341804504774018, 33.861915588034037 ], [ -97.314956665117961, 33.870391845807092 ], [ -97.314086913680114, 33.895839691048934 ], [ -97.27227783195633, 33.872573852901041 ], [ -97.263908386662706, 33.858730316151195 ], [ -97.250686645672147, 33.872970580727781 ], [ -97.246063232831887, 33.894237518246939 ], [ -97.211334228491808, 33.905689239666742 ], [ -97.187767028425583, 33.899204254472806 ], [ -97.164169311664352, 33.86314773567949 ], [ -97.168594360141583, 33.847793578910569 ], [ -97.195014953477312, 33.836158752824247 ], [ -97.208320617402535, 33.8196487423956 ], [ -97.189163207915669, 33.752769470434771 ], [ -97.15247344949006, 33.728668212468108 ], [ -97.115562438955351, 33.725933074651721 ], [ -97.090499877667185, 33.731670379684317 ], [ -97.083465575775676, 33.742412567486042 ], [ -97.08766937214375, 33.807571411191702 ], [ -97.050025940244893, 33.823448181088736 ], [ -97.078247070745704, 33.837810516042509 ], [ -97.082176208764963, 33.851100922069975 ], [ -97.0708999630628, 33.856727599699013 ], [ -97.02559661858902, 33.840560912656031 ], [ -97.005851745861321, 33.850513457929765 ], [ -96.987709045036354, 33.876422882010445 ], [ -96.987861633007924, 33.944202423003446 ], [ -96.968185424417754, 33.937320709083508 ], [ -96.936203002666389, 33.947849273725069 ], [ -96.92956542950094, 33.961772918485451 ], [ -96.898452759187478, 33.950027465894891 ], [ -96.882850646739939, 33.924591064526055 ], [ -96.878936767517757, 33.884002685675455 ], [ -96.86101531970121, 33.861679077127746 ], [ -96.844009399713968, 33.858032226406181 ], [ -96.814117431374314, 33.871768951575916 ], [ -96.797592163047852, 33.869949340689573 ], [ -96.748825073418345, 33.831737518371824 ], [ -96.711677551078083, 33.833869934150187 ], [ -96.693382263180865, 33.847904205414807 ], [ -96.677703857646861, 33.904323577770924 ], [ -96.666236877429924, 33.91354370078119 ], [ -96.584487915285024, 33.896144866992074 ], [ -96.614166259565195, 33.862899780000873 ], [ -96.601196289177381, 33.842956542910201 ], [ -96.56213378914299, 33.82542037994665 ], [ -96.510574340533367, 33.815685271857888 ], [ -96.500747680560949, 33.788089752040491 ], [ -96.487373352498196, 33.778129577817822 ], [ -96.419464111279694, 33.788326263846045 ], [ -96.370819092027432, 33.740394592236669 ], [ -96.347587585498616, 33.705528259621531 ], [ -96.316276549922804, 33.701801299990052 ], [ -96.300788879802951, 33.714050292886782 ], [ -96.289680480869436, 33.761932373180514 ], [ -96.278076171478119, 33.773387908625125 ], [ -96.21254730261586, 33.756690978605832 ], [ -96.187026977413041, 33.758583068553833 ], [ -96.168815612450544, 33.769355773949883 ], [ -96.16131591769539, 33.798229217804192 ], [ -96.141418456996178, 33.820320129470474 ], [ -96.154518127609492, 33.82394409154665 ], [ -96.180725097785, 33.808433532781351 ], [ -96.18312835698805, 33.815792083437941 ], [ -96.169204712227668, 33.828983306834175 ], [ -96.148963928142734, 33.835590362405355 ], [ -96.109443664193691, 33.82925796518299 ], [ -96.091522216377143, 33.844577789433515 ], [ -96.047973632676985, 33.841278076122364 ], [ -96.026748657524479, 33.856021881005063 ], [ -96.014068603383294, 33.844207763377653 ], [ -96.001792907816423, 33.856979370301758 ], [ -96.00261688196349, 33.87339019809923 ], [ -95.994209289227285, 33.875377654854958 ], [ -95.977394103754875, 33.857952117496268 ], [ -95.958763122320192, 33.865039825627491 ], [ -95.943069457989054, 33.889972686690214 ], [ -95.933074951247988, 33.890529632336722 ], [ -95.846557617240194, 33.841037750292003 ], [ -95.825973510668973, 33.843025207947051 ], [ -95.795478821190613, 33.864673614495757 ], [ -95.768516540106191, 33.85140228308893 ], [ -95.764251708549466, 33.879005431855262 ], [ -95.760696411510139, 33.893440246770012 ], [ -95.746864318633357, 33.903396606068554 ], [ -95.699707031654157, 33.894824981487773 ], [ -95.633491516020626, 33.920104980860231 ], [ -95.612983703435134, 33.920238495110539 ], [ -95.614830016991675, 33.936691284375343 ], [ -95.60607147192087, 33.944553375338046 ], [ -95.562774657924081, 33.936073303540184 ], [ -95.546318054634469, 33.904033660624975 ], [ -95.519577026558466, 33.90664291403931 ], [ -95.526733398827275, 33.897815703931656 ], [ -95.547492981116136, 33.893157958572999 ], [ -95.544036864909344, 33.885742187651886 ], [ -95.512886047153302, 33.897735595921063 ], [ -95.498855590812809, 33.881717681925522 ], [ -95.468124389528896, 33.886432647548702 ], [ -95.45160675015137, 33.865753174169697 ], [ -95.330039977962599, 33.870918273859331 ], [ -95.336227417061593, 33.897113800161776 ], [ -95.301956176636224, 33.886623382962796 ], [ -95.28643035907379, 33.886901855336419 ], [ -95.277351379262711, 33.917938232563415 ], [ -95.263618469017104, 33.897800445134465 ], [ -95.250991821115633, 33.905021667515996 ], [ -95.251289368109838, 33.936443328696726 ], [ -95.234039306468787, 33.964862823560509 ], [ -95.148315429913112, 33.943546294725763 ], [ -95.127967834248125, 33.940868378073219 ], [ -95.126678467237411, 33.917144775111353 ], [ -95.119224547974454, 33.912281036440731 ], [ -95.095359801813345, 33.921737671256551 ], [ -95.082267761048286, 33.918453216742591 ], [ -95.089714050463044, 33.896915435798803 ], [ -95.083602905349778, 33.888462066671082 ], [ -95.063476562693154, 33.917648315417466 ], [ -95.063140869155745, 33.896694183689704 ], [ -95.042861938527608, 33.884445190792974 ], [ -95.037361145300565, 33.866451263015449 ], [ -95.012771606724243, 33.869945525765445 ], [ -94.989280700643803, 33.856182098824831 ], [ -94.968704223920781, 33.866214752109158 ], [ -94.959907531407396, 33.848075867107639 ], [ -94.939888000330939, 33.840824127131839 ], [ -94.940399169585987, 33.815807342235132 ], [ -94.918235778858048, 33.816196442012256 ], [ -94.908546448060122, 33.803478241327809 ], [ -94.913879394518403, 33.789596558034759 ], [ -94.881637573215414, 33.774963378756979 ], [ -94.857879638634358, 33.749320984076178 ], [ -94.819160461086369, 33.749404907010899 ], [ -94.803222656000742, 33.739582061962665 ], [ -94.783508300867368, 33.753261565968558 ], [ -94.764175414763542, 33.752841949496428 ], [ -94.782028198442561, 33.742267608463408 ], [ -94.783157348532768, 33.733665466288301 ], [ -94.74977111834238, 33.736705780047771 ], [ -94.762718200984125, 33.716796874576175 ], [ -94.742111205767515, 33.719047546706975 ], [ -94.754478455016624, 33.707771301004811 ], [ -94.741653442752124, 33.701267242089614 ], [ -94.690986633326418, 33.690288543381598 ], [ -94.668457031466801, 33.6965370176693 ], [ -94.655479431230731, 33.692291259833837 ], [ -94.644325255905812, 33.677650451607121 ], [ -94.667953491160631, 33.671459197583943 ], [ -94.669425964636503, 33.666061401012882 ], [ -94.658538818711463, 33.663738250719746 ], [ -94.638763427490176, 33.670104980460508 ], [ -94.631736755446866, 33.683898925894766 ], [ -94.600944518974359, 33.665607452022357 ], [ -94.585105895620529, 33.678981780984429 ], [ -94.578506469897604, 33.670471191592242 ], [ -94.560722351255492, 33.671913146574525 ], [ -94.565208434921317, 33.663013458304533 ], [ -94.585159301860244, 33.662132262993566 ], [ -94.588386535210418, 33.655448913436658 ], [ -94.57646179197809, 33.652156829973762 ], [ -94.545417785802158, 33.661621093738518 ], [ -94.541931152001041, 33.648246764776445 ], [ -94.562194823832044, 33.642829895383443 ], [ -94.562149047440528, 33.635536193940254 ], [ -94.550193786613931, 33.632694244543814 ], [ -94.517990112753466, 33.643009186025154 ], [ -94.52505493133998, 33.621021271014911 ], [ -94.510559082135899, 33.630809783544748 ], [ -94.500610351786293, 33.623046875213163 ], [ -94.476486206073503, 33.631965637204473 ], [ -94.435913086020093, 33.636444091921362 ], [ -94.436332702492166, 33.616844177316977 ], [ -94.451553345010836, 33.604347228741688 ], [ -94.44332885784047, 33.596504211500189 ], [ -94.428466796605335, 33.59714126605661 ], [ -94.406570434378011, 33.573486328131594 ], [ -94.393417358424301, 33.574958801607465 ], [ -94.379112243735051, 33.59332656856634 ], [ -94.370628357013004, 33.59004211405238 ], [ -94.372306823800841, 33.572662353085207 ], [ -94.395263671980842, 33.560302734583559 ], [ -94.370758056339184, 33.547683715631024 ], [ -94.328750610252428, 33.573135375796994 ], [ -94.302383423156414, 33.556934357134935 ], [ -94.298820495369512, 33.579853057872356 ], [ -94.278984069858893, 33.589332580434302 ], [ -94.272079468192885, 33.584606170938116 ], [ -94.274543762584528, 33.561737060616906 ], [ -94.23723602332376, 33.59242248550936 ], [ -94.223037719315244, 33.585720062231132 ], [ -94.235366821121886, 33.561534881329749 ], [ -94.210884094125618, 33.557987213239358 ], [ -94.205345153456051, 33.585079192750584 ], [ -94.159515380930031, 33.593772888607987 ], [ -94.155166625539323, 33.567085265872379 ], [ -94.098701476791689, 33.572998046622615 ], [ -94.086654663182117, 33.583953857584504 ], [ -94.061431884973501, 33.577213287763072 ], [ -94.035926818567759, 33.555912017725461 ], [ -94.036506652859714, 33.270324707219515 ], [ -94.038749695142258, 33.023288726593535 ], [ -94.041603088411762, 32.882347106833549 ], [ -94.04019927997274, 32.694812774689865 ], [ -94.035232543746872, 32.389225005929347 ], [ -94.034767150883283, 32.199447631503062 ], [ -94.035064696978168, 31.994512558108113 ], [ -94.009887695160955, 31.989133835258315 ], [ -94.004394530882848, 31.977941513390192 ], [ -93.977210998588703, 31.946159362564572 ], [ -93.969985962182363, 31.923164367841366 ], [ -93.935729980554129, 31.909456252803864 ], [ -93.91792297326657, 31.909702301020445 ], [ -93.923461913936137, 31.892593383477902 ], [ -93.899261474237619, 31.894454955831577 ], [ -93.892524719340315, 31.87006568908032 ], [ -93.881263733334606, 31.871419906203755 ], [ -93.877403259452819, 31.850112914679301 ], [ -93.864822387942809, 31.817272186262414 ], [ -93.834327697565129, 31.802017212124667 ], [ -93.822067260795393, 31.774637222030208 ], [ -93.831161499403663, 31.753280640089542 ], [ -93.809989929591552, 31.730352402041774 ], [ -93.814949035969221, 31.712350845315314 ], [ -93.808769225819105, 31.707565307193249 ], [ -93.792266846137977, 31.711395263480654 ], [ -93.811843872096972, 31.67456626931795 ], [ -93.80642700180465, 31.653766632124416 ], [ -93.814727782960802, 31.647966384441133 ], [ -93.819587707606559, 31.618091583260025 ], [ -93.835578918032581, 31.615188598674933 ], [ -93.832618713183024, 31.59018325765129 ], [ -93.816322326813918, 31.577110290607493 ], [ -93.810516357643735, 31.559062957489573 ], [ -93.780128478846166, 31.533735275162883 ], [ -93.76330566442482, 31.530723571535646 ], [ -93.747543335056832, 31.537717819421857 ], [ -93.7316589353116, 31.521877288606049 ], [ -93.705795288521699, 31.520568847874074 ], [ -93.718994140866869, 31.495403289929925 ], [ -93.75043487576886, 31.49055671661921 ], [ -93.751243591118794, 31.485500335971778 ], [ -93.726783752767915, 31.459474563900073 ], [ -93.698417663244527, 31.461458205731674 ], [ -93.701927184791714, 31.446250915447422 ], [ -93.687004089267248, 31.43813133239513 ], [ -93.696128845469786, 31.427736282003877 ], [ -93.694442748833751, 31.415922165275731 ], [ -93.687492370776226, 31.406129836922503 ], [ -93.664016723492978, 31.398328781148393 ], [ -93.661071777440554, 31.372394561859608 ], [ -93.634857177416791, 31.373826980430863 ], [ -93.677040100120507, 31.328386306782704 ], [ -93.681587218974926, 31.312679291116467 ], [ -93.65612792986002, 31.286670684404612 ], [ -93.64559173626958, 31.290262222323747 ], [ -93.63082885766562, 31.273902893303955 ], [ -93.616455077939463, 31.275804519662927 ], [ -93.611877441490719, 31.270032883011197 ], [ -93.61100006110388, 31.242187500053149 ], [ -93.590545653858783, 31.229686737453051 ], [ -93.602920532056885, 31.199066161773999 ], [ -93.593940734876981, 31.180198669433082 ], [ -93.576942443838675, 31.172140121569385 ], [ -93.550590515539795, 31.190929412462481 ], [ -93.528923034370507, 31.185773849183818 ], [ -93.526931762690651, 31.178075790065691 ], [ -93.537017822214693, 31.176340103013388 ], [ -93.528327942180738, 31.162942886305188 ], [ -93.54418945328058, 31.159166336257442 ], [ -93.537506103723672, 31.13244056697863 ], [ -93.528091430375184, 31.125925064190426 ], [ -93.535087585723488, 31.11607170064849 ], [ -93.556678772007672, 31.109342574700122 ], [ -93.55998230024295, 31.100536346675085 ], [ -93.543121337479704, 31.094751357788994 ], [ -93.544105529446597, 31.08237266556614 ], [ -93.516998291138179, 31.074670791523886 ], [ -93.52574157741185, 31.056980133126672 ], [ -93.507217407557278, 31.038908004800646 ], [ -93.54711914053587, 31.014141083044592 ], [ -93.564941406620562, 31.018062591215653 ], [ -93.567893981621921, 31.012924194196273 ], [ -93.5708465575226, 30.997270583870375 ], [ -93.560951232513332, 30.991689681733476 ], [ -93.572456360172851, 30.976177215506141 ], [ -93.548675536946462, 30.970190048232212 ], [ -93.537338256954968, 30.956884384306932 ], [ -93.532188415163205, 30.9607315059543 ], [ -93.525619507034605, 30.935819626074931 ], [ -93.529983520323185, 30.926971435683242 ], [ -93.549621582370094, 30.92488479629634 ], [ -93.546516418497902, 30.905334473007599 ], [ -93.564476012857654, 30.901931763040466 ], [ -93.568496703659889, 30.8862342837852 ], [ -93.560844421832542, 30.871879577780362 ], [ -93.552803039328751, 30.860282898237188 ], [ -93.566444396791439, 30.84514808611533 ], [ -93.55564117470044, 30.842342376699378 ], [ -93.550682067423452, 30.828344345415246 ], [ -93.581871032622018, 30.802040100070599 ], [ -93.58517456085724, 30.772184371711433 ], [ -93.618453979467517, 30.745788574483186 ], [ -93.607650756477199, 30.732009887846118 ], [ -93.617790222240899, 30.732547759771364 ], [ -93.612411499391158, 30.710329055341674 ], [ -93.61760711667506, 30.686801910180066 ], [ -93.659988403741806, 30.672859191698365 ], [ -93.677970885847685, 30.639692306155041 ], [ -93.69287872347428, 30.640041351027605 ], [ -93.684585571267064, 30.623424529918168 ], [ -93.692695617908385, 30.61579513583689 ], [ -93.671585083284924, 30.597831725653691 ], [ -93.693420410323654, 30.598834991341846 ], [ -93.717811584536946, 30.587379455897235 ], [ -93.717880248674476, 30.56815338137352 ], [ -93.735305786033166, 30.545516967933793 ], [ -93.705459594984291, 30.522857665848676 ], [ -93.714637756527225, 30.505113602111123 ], [ -93.707275390946506, 30.496240615611953 ], [ -93.714851379687389, 30.488628387789902 ], [ -93.697975159026328, 30.470046996771543 ], [ -93.703422546013655, 30.462512970397313 ], [ -93.696571349687986, 30.442632675057951 ], [ -93.721534729244297, 30.432979583341137 ], [ -93.742561340033774, 30.408823013471363 ], [ -93.754943848080075, 30.381788254224602 ], [ -93.747833252202781, 30.367410659574318 ], [ -93.75933837896298, 30.354145049654392 ], [ -93.759178162042531, 30.340871810785472 ], [ -93.729774475211798, 30.304916382085423 ], [ -93.699211120696646, 30.297388077198036 ], [ -93.70735931388117, 30.23937225352671 ], [ -93.714843749839133, 30.220306396822821 ], [ -93.704360961589089, 30.180860519397527 ], [ -93.696166992013048, 30.175676345986631 ], [ -93.699661254763043, 30.150808334137366 ], [ -93.683143615385518, 30.148231506678769 ], [ -93.685958862111761, 30.141252517589692 ], [ -93.698638916252946, 30.141225814919494 ], [ -93.696922302022585, 30.117929458277956 ], [ -93.708381652391324, 30.114740371471044 ], [ -93.715858459400351, 30.095668792380934 ], [ -93.712478638078665, 30.060520172468046 ], [ -93.760200500552628, 30.005964279028319 ], [ -93.857276916796252, 29.990653992088141 ], [ -93.856330871372563, 29.964601516446862 ], [ -93.951766967371611, 29.818363189309764 ], [ -93.834960937197479, 29.674570083742424 ], [ -94.06540679938422, 29.674076080746602 ], [ -94.356994628499251, 29.559900283371405 ], [ -94.377006530626829, 29.551969528271172 ], [ -94.682518005401619, 29.432905197017305 ], [ -94.766548156372266, 29.363992691009912 ], [ -94.785247802843799, 29.383260727001016 ], [ -94.681915283363594, 29.475111007467092 ], [ -94.572692870879223, 29.533052444614668 ], [ -94.50128173796179, 29.517522812128107 ], [ -94.469795226668339, 29.556779861601399 ], [ -94.510810851839324, 29.545146942077793 ], [ -94.533699035881739, 29.553983688596418 ], [ -94.564437866114588, 29.578998566031032 ], [ -94.788085937316112, 29.538557052765839 ], [ -94.706420898105932, 29.658515929766395 ], [ -94.700279235398341, 29.754568100037829 ], [ -94.735725403204754, 29.792985916566863 ], [ -94.829414367379115, 29.759857177566744 ], [ -94.88716125508779, 29.66853904753907 ], [ -94.932586669938814, 29.682209015133992 ], [ -95.088264465632562, 29.803979874071956 ], [ -95.040397644135908, 29.711578369446272 ], [ -94.989334106883462, 29.679700851812925 ], [ -95.01412200892355, 29.559265136277077 ], [ -94.91115570057508, 29.500333785675707 ], [ -94.982810974247002, 29.460527420404162 ], [ -94.943756103161604, 29.464681625456706 ], [ -94.952507019283473, 29.424234390704612 ], [ -94.91344451924914, 29.420112609809166 ], [ -94.916992187339531, 29.447822571054871 ], [ -94.891136169498566, 29.399324417388016 ], [ -94.815353393444298, 29.370931625194373 ], [ -94.891471863036031, 29.393831253109909 ], [ -94.898788452225233, 29.308774947805659 ], [ -94.951133728438776, 29.325922011891407 ], [ -95.066368103405239, 29.195877075366809 ], [ -95.160522461342453, 29.200031280419296 ], [ -95.164779663050979, 29.117547988548893 ], [ -95.197341919094242, 29.105222701666378 ], [ -95.248405456346688, 28.978391647156855 ], [ -95.526580810855705, 28.803241729622187 ], [ -95.683029174456806, 28.726953506699033 ], [ -95.671318054384642, 28.752681731776534 ], [ -95.786354064988075, 28.738870620982425 ], [ -95.937309265210388, 28.690454482788198 ], [ -95.956146239956979, 28.622673034333104 ], [ -95.70214843740041, 28.718986511618255 ], [ -96.206581115625966, 28.488386153997851 ], [ -95.99164581310373, 28.596424102690264 ], [ -95.983749389622574, 28.653133392192331 ], [ -96.237586975258637, 28.571321487396801 ], [ -96.23902893024092, 28.597116470049116 ], [ -96.157470703510114, 28.611230850223592 ], [ -96.240455627325332, 28.634859085478467 ], [ -96.151062011402644, 28.762672424492848 ], [ -96.212173461635928, 28.686719894207783 ], [ -96.285972594959276, 28.661724090494431 ], [ -96.270378112359936, 28.708980560104806 ], [ -96.326156616134881, 28.634088516671738 ], [ -96.364158630216593, 28.617980957355371 ], [ -96.391777038679379, 28.670251846145845 ], [ -96.392730713051947, 28.726028442458698 ], [ -96.427085876412036, 28.712013244915397 ], [ -96.449676513460304, 28.755035400563315 ], [ -96.432258605949869, 28.697248458849344 ], [ -96.403396606867886, 28.719493865949232 ], [ -96.418785095255885, 28.638664245658447 ], [ -96.375396728476176, 28.610088348798286 ], [ -96.491203307886337, 28.556943893645837 ], [ -96.437156677138887, 28.596990585647063 ], [ -96.454383850134548, 28.655933380121439 ], [ -96.48326873786192, 28.598054885624549 ], [ -96.511894226037668, 28.60818100005315 ], [ -96.511734009117163, 28.649541855172515 ], [ -96.570396423755938, 28.636266707942241 ], [ -96.570556640676386, 28.691841125867313 ], [ -96.572212218818834, 28.808174133329658 ], [ -96.576484680223757, 28.690689087131716 ], [ -96.591499328531143, 28.717359542708778 ], [ -96.646514892448295, 28.714141845769632 ], [ -96.660011291787669, 28.679075241329372 ], [ -96.606704712252622, 28.623634338553927 ], [ -96.610343933125989, 28.558940887711856 ], [ -96.566703796642855, 28.574098586680464 ], [ -96.486579895046077, 28.506221771417643 ], [ -96.563194275095668, 28.469627380699137 ], [ -96.518501281608849, 28.460826874160944 ], [ -96.476501464470971, 28.499454498026694 ], [ -96.390724182574957, 28.4340591434148 ], [ -96.66130828864658, 28.306262969760326 ], [ -96.70236206036077, 28.340196609186194 ], [ -96.703811645191252, 28.395885467640255 ], [ -96.74076843301674, 28.403457641457067 ], [ -96.787094116000617, 28.477506637921067 ], [ -96.823875427209146, 28.449640273779664 ], [ -96.788337707519133, 28.446254730071814 ], [ -96.759101867457161, 28.410911559820704 ], [ -96.775360107283063, 28.391630172494501 ], [ -96.853492737200042, 28.404996871608375 ], [ -96.78823089593908, 28.352470398190349 ], [ -96.786270141853549, 28.312858581458443 ], [ -96.793334961339383, 28.271371841037706 ], [ -96.777931213254874, 28.229349136153758 ], [ -96.803688049363927, 28.211446762058472 ], [ -96.950904846081755, 28.114355087017714 ], [ -96.912719726434204, 28.256797790385747 ], [ -96.975303650143303, 28.210750579775492 ], [ -96.941070556261138, 28.186771393085394 ], [ -96.975105285780273, 28.11504554781385 ], [ -97.033615112447421, 28.137397766493791 ], [ -97.02356719946664, 28.199796676275639 ], [ -97.131835937578444, 28.130426407252969 ], [ -97.13541412326316, 28.161809920991118 ], [ -97.167991638103558, 28.159460068027784 ], [ -97.157058715787059, 28.116380691215966 ], [ -97.260284423687153, 28.064723968336523 ], [ -97.241233825780398, 28.048652649000587 ], [ -97.27029418922541, 28.025932311726876 ], [ -97.236213684214135, 28.040519714613197 ], [ -97.123077392507639, 28.054265976193903 ], [ -97.026405334838273, 28.107749938908626 ], [ -97.023803711272194, 28.020236969060932 ], [ -97.114624023379918, 27.915386199713396 ], [ -97.19546508754371, 27.81221961953986 ], [ -97.24702453615339, 27.822319030399001 ], [ -97.213340758968798, 27.831110000526166 ], [ -97.283485412621644, 27.871145248654329 ], [ -97.361045837195604, 27.839954375993727 ], [ -97.345619201365025, 27.873178481801517 ], [ -97.479354858439933, 27.852962493824066 ], [ -97.496681213167392, 27.87546920793767 ], [ -97.521697998064099, 27.86362648017797 ], [ -97.499534607336216, 27.843242645431815 ], [ -97.479812622354586, 27.820281982327685 ], [ -97.388542175281145, 27.831426620342313 ], [ -97.396560669139546, 27.770839691598553 ], [ -97.317794799590274, 27.71222495991401 ], [ -97.34951019284108, 27.715328216324167 ], [ -97.320014953227485, 27.690633773629827 ], [ -97.353363036874612, 27.640800475661479 ], [ -97.399215698045964, 27.633186340377335 ], [ -97.34750366236409, 27.631439208552706 ], [ -97.309211731136429, 27.707862854087523 ], [ -97.249794006488173, 27.68883132900271 ], [ -97.331459045698352, 27.562320709233404 ], [ -97.41226196331894, 27.321023941102055 ], [ -97.500434875469068, 27.319667816516585 ], [ -97.507537841498163, 27.439214705993948 ], [ -97.528381347621064, 27.344100952197209 ], [ -97.600112915278771, 27.300134658587695 ], [ -97.750076293685993, 27.419666290167186 ], [ -97.680007934918251, 27.294372558346936 ], [ -97.784744262837421, 27.287719726384296 ], [ -97.548156737943089, 27.23020744301914 ], [ -97.427215576437675, 27.265132904260156 ], [ -97.503501891898736, 27.081541061470887 ], [ -97.478996277156455, 26.996507644812027 ], [ -97.568565368796669, 26.977857589656082 ], [ -97.558052062952299, 26.846052169971699 ], [ -97.495574950823311, 26.793781280281905 ], [ -97.451698303433943, 26.600984573279504 ], [ -97.425857544390112, 26.518224716497514 ], [ -97.474708556954283, 26.476804733651591 ], [ -97.421188354259129, 26.385059356404213 ], [ -97.368698119922271, 26.359060287902025 ], [ -97.353363036874612, 26.182449340764492 ], [ -97.253120422469465, 26.068315505756061 ], [ -97.276321411403956, 26.002275466739434 ], [ -97.213096618214308, 26.009067535338545 ], [ -97.172225952066015, 25.954568863062605 ], [ -97.307144165470845, 25.965124130374363 ], [ -97.304435730324656, 25.938663483033338 ], [ -97.380989074286333, 25.917020797971475 ], [ -97.385643005620182, 25.845361709375425 ], [ -97.434349060061038, 25.845197677530848 ], [ -97.59008789094338, 25.933231353943881 ], [ -97.574935913461616, 25.954172134336602 ], [ -97.612922668746137, 25.962001800242945 ], [ -97.64797210692717, 26.023445129089509 ], [ -97.867431640557754, 26.060140609901282 ], [ -98.04006957984717, 26.059394836302715 ], [ -98.076347350749586, 26.034626007084626 ], [ -98.08321380587239, 26.065757751119349 ], [ -98.200691223121396, 26.055376052962515 ], [ -98.29194641139776, 26.098104476540414 ], [ -98.271354674978227, 26.120895385413746 ], [ -98.292274475086913, 26.13280868567233 ], [ -98.32793426515417, 26.111646652271247 ], [ -98.34719085727221, 26.158679962310487 ], [ -98.384521484279048, 26.156030654890856 ], [ -98.453392028819053, 26.22091102622295 ], [ -98.488517760985872, 26.201543807600672 ], [ -98.599967956955595, 26.260454177918007 ], [ -98.677917480407359, 26.242055893364864 ], [ -98.819831848261174, 26.37507057204931 ], [ -98.908897399595276, 26.360328674628704 ], [ -98.93927001959571, 26.395309448672151 ], [ -99.106727600398415, 26.419530868654704 ], [ -99.101470947026542, 26.488340378006114 ], [ -99.1686782835759, 26.545728683531991 ], [ -99.165817260458141, 26.579889297453178 ], [ -99.285522461192613, 26.85736083983096 ], [ -99.390518188663464, 26.946630477914255 ], [ -99.392715453655228, 26.995550155515332 ], [ -99.455062866458093, 27.028648376021806 ], [ -99.437156677438679, 27.199197769361604 ], [ -99.465270996359379, 27.269884109863824 ], [ -99.54358673094282, 27.318653106955367 ], [ -99.490493774567994, 27.490755080882309 ], [ -99.526741027876085, 27.504283905278044 ], [ -99.549186706801038, 27.61262702901422 ], [ -99.714492798104118, 27.661558151387624 ], [ -99.815727234324356, 27.780107498462314 ], [ -99.874732971449419, 27.797685622893255 ], [ -99.941856384164737, 27.986881256464869 ], [ -99.993309021194364, 28.003459930131726 ], [ -100.096923827972262, 28.154281616103731 ], [ -100.214073181532058, 28.201934814440165 ], [ -100.223464966235156, 28.241456985851244 ], [ -100.297920226936867, 28.280353546578965 ], [ -100.292892456421669, 28.320360183675575 ], [ -100.351570128958258, 28.394182205644313 ], [ -100.376770019420803, 28.478651046808409 ], [ -100.345802307230656, 28.500810623511541 ], [ -100.419532775517155, 28.544191360442994 ], [ -100.403175353959398, 28.589733124184363 ], [ -100.497909546188566, 28.660987854206155 ], [ -100.589790344248968, 28.894222259549679 ], [ -100.647224426166304, 28.922349929805478 ], [ -100.668769836059028, 29.08007240251942 ], [ -100.768608093688556, 29.166570663705215 ], [ -100.796989441109758, 29.242502212806926 ], [ -101.009056091565355, 29.373254776386887 ], [ -101.067359924021218, 29.473552703594464 ], [ -101.261428832674426, 29.526473999175778 ], [ -101.254585266197068, 29.628749847627432 ], [ -101.308929443039347, 29.580909728800975 ], [ -101.305862426609679, 29.652431488222646 ], [ -101.368400573927318, 29.65716171264296 ], [ -101.416099548655211, 29.74543380742432 ], [ -101.4012756348626, 29.769905090547525 ], [ -101.448425292892921, 29.760585784906084 ], [ -101.470466614142879, 29.788690567415813 ], [ -101.538345336867792, 29.763017654241423 ], [ -101.543952941674888, 29.810119629317512 ], [ -101.581489562892955, 29.765150070019786 ], [ -101.63967132587095, 29.756959915367872 ], [ -101.759094238408352, 29.787166595162262 ], [ -101.805206299131385, 29.779998779020502 ], [ -101.819099426297441, 29.814125061322557 ], [ -101.924224853094472, 29.788501739463754 ], [ -101.973320007312452, 29.818773269370922 ], [ -102.063995361296861, 29.784570693982403 ], [ -102.324333190923994, 29.880115509023597 ], [ -102.367561339883878, 29.845289230413698 ], [ -102.384796142727794, 29.767946243024767 ], [ -102.503097534123867, 29.785455703318121 ], [ -102.551948547587358, 29.749500274618015 ], [ -102.576499938721156, 29.778247833171008 ], [ -102.637611388954383, 29.732337951735133 ], [ -102.676361084096698, 29.744224548424199 ], [ -102.804725647270743, 29.530145645105506 ], [ -102.822204589969829, 29.411844253709376 ], [ -102.883010864259916, 29.353370666123396 ], [ -102.908325195251507, 29.269203185978313 ], [ -102.866172790142116, 29.229036331061877 ], [ -102.988098144513742, 29.19086265528739 ], [ -103.153465271005416, 28.978681564302804 ], [ -103.266586303914778, 29.007453918063902 ], [ -103.280349731754654, 28.986373901034767 ], [ -103.335517883643377, 29.050338745436818 ], [ -103.375450134216294, 29.032108306753003 ], [ -103.474075317022255, 29.072134017570932 ], [ -103.526237487669903, 29.146646499436429 ], [ -103.720314026171309, 29.190631866767262 ], [ -103.739852905587099, 29.23034858671798 ], [ -103.782157897768741, 29.229795455995543 ], [ -103.767761230296514, 29.281240463176857 ], [ -103.786994933769165, 29.267259598152009 ], [ -104.045631408862391, 29.328119277782491 ], [ -104.164382934324919, 29.400714874491939 ], [ -104.204734802269286, 29.484041214230729 ], [ -104.377593994567178, 29.55061149622361 ], [ -104.535247803143591, 29.679466247469406 ], [ -104.577560425173431, 29.80793571476147 ], [ -104.674369812017176, 29.909282684048662 ], [ -104.696495056201854, 30.05730247462958 ], [ -104.67475891089498, 30.148963928042917 ], [ -104.702613830263999, 30.238489150753765 ], [ -104.813957214653726, 30.350469588800536 ], [ -104.806472778695763, 30.376447677918065 ], [ -104.85299682604267, 30.392263412626448 ], [ -104.890678405384051, 30.570556640576569 ], [ -104.986930847480608, 30.641324996551418 ], [ -104.997543335056832, 30.684333800864295 ], [ -105.060562134035195, 30.687870025980942 ], [ -105.214340209932686, 30.812086105589344 ], [ -105.258186340627105, 30.797653198136629 ], [ -105.28759765640666, 30.83194923377016 ], [ -105.313781737936836, 30.816507339142447 ], [ -105.390312195051706, 30.853080749576975 ], [ -105.409065246863634, 30.902509688971008 ], [ -105.554382323785205, 30.998285293431593 ], [ -105.603218078451505, 31.086427688886772 ], [ -105.769729613830577, 31.170780182059787 ], [ -105.99835968005516, 31.393817901375087 ] ] ], [ [ [ -94.913429260451949, 29.257572173916742 ], [ -94.767379760367589, 29.342451095141996 ], [ -94.748405456446619, 29.319490432937187 ], [ -95.105415344642381, 29.096958160490772 ], [ -94.913429260451949, 29.257572173916742 ] ] ], [ [ [ -96.39788055394439, 28.345846176359998 ], [ -96.834625243959806, 28.066322326214447 ], [ -96.803840637335497, 28.172161102452947 ], [ -96.738906860663064, 28.183534622424929 ], [ -96.532135010122602, 28.318244934156439 ], [ -96.463050842422376, 28.325832366770385 ], [ -96.422554016354752, 28.391439437979727 ], [ -96.39788055394439, 28.345846176359998 ] ] ], [ [ [ -96.93996429481632, 28.045932769981391 ], [ -96.872421264729553, 28.131404876833642 ], [ -96.837425231888915, 28.101840973082517 ], [ -96.853805542092061, 28.049402236623962 ], [ -97.049606322873444, 27.840953826757755 ], [ -97.024429321056289, 27.914381027462525 ], [ -96.949386597113744, 27.984525680215995 ], [ -96.972999572672109, 28.000852585078803 ], [ -96.93996429481632, 28.045932769981391 ] ] ], [ [ [ -97.359115600704399, 27.283718109303379 ], [ -97.379379272535346, 27.210453033880469 ], [ -97.376091003097258, 27.284643173543657 ], [ -97.335502624246658, 27.440818786258035 ], [ -97.248672485346901, 27.581132888771833 ], [ -97.258682250885158, 27.651748657674489 ], [ -97.203582764033285, 27.612064361880869 ], [ -97.170181274146444, 27.707460403874563 ], [ -97.075294494845025, 27.811273575015548 ], [ -97.113037109375057, 27.819215774888164 ], [ -97.053565979386406, 27.830472945969746 ], [ -97.223716735638789, 27.574007034097406 ], [ -97.359115600704399, 27.283718109303379 ] ] ], [ [ [ -97.301132202089434, 26.601022720722028 ], [ -97.358024597157396, 26.706645965439009 ], [ -97.381332397671997, 26.820375442772502 ], [ -97.395309448672094, 26.921987533997537 ], [ -97.400909423630935, 27.111227035599256 ], [ -97.388786316035635, 27.20165061988024 ], [ -97.378532409742888, 27.204448700347314 ], [ -97.386924743681959, 27.097244263112316 ], [ -97.381332397671997, 26.949022293244298 ], [ -97.358024597157396, 26.80266380319199 ], [ -97.295837402174357, 26.600669860925393 ], [ -97.232109069577859, 26.418142319012873 ], [ -97.194992065731185, 26.259241103993816 ], [ -97.17179870574563, 26.077720641794258 ], [ -97.179336547943308, 26.071920395010295 ], [ -97.208915710491624, 26.250541686649569 ], [ -97.226310730255989, 26.348550796082407 ], [ -97.251251220267591, 26.419303894159441 ], [ -97.267250061441132, 26.478904724373592 ], [ -97.278549193990102, 26.539962768367104 ], [ -97.301132202089434, 26.601022720722028 ] ] ] ] } },
{ "type": "Feature", "properties": { "STATE_NAME": "New Mexico", "STATE_ABBR": "NM", "ELECT_VOTE": 5.0, "WON_12": "O", "WON_16": "C", "F2016Result": "Dem", "WON_20": "B", "F2020Result": "Dem", "Shape_Length": 23.537588552553242, "Shape_Area": 30.936483670398538, "WON_24": "H", "F2024Result": "Dem" }, "geometry": { "type": "MultiPolygon", "coordinates": [ [ [ [ -109.048881530758024, 32.441967010868893 ], [ -109.050727844314508, 32.77947998021699 ], [ -109.049903869268121, 33.205101013401077 ], [ -109.049720764601545, 33.78324890111594 ], [ -109.04801178021944, 34.591739654361618 ], [ -109.045997619894194, 34.954612731992029 ], [ -109.047195434121932, 35.996654510397377 ], [ -109.047821044805346, 36.996643066324509 ], [ -108.371833800989066, 36.999473571847886 ], [ -107.471855163484975, 36.998771667178744 ], [ -107.410217285199508, 36.997520446711292 ], [ -106.889778136851476, 36.999073028197756 ], [ -106.86065673821787, 36.989490508979884 ], [ -106.471588135184277, 36.991493225432066 ], [ -105.991424560794826, 36.992275238111802 ], [ -105.712890625002331, 36.994541168140472 ], [ -105.212532043818726, 36.992580414054942 ], [ -105.145614624415373, 36.99318313609291 ], [ -103.993110656931265, 36.994445800433368 ], [ -103.077377319008008, 36.999740600348503 ], [ -102.997222900716281, 36.998504638678185 ], [ -102.996917724773141, 36.492343902349262 ], [ -103.026802063264597, 36.491565704593654 ], [ -103.023559570217969, 36.056026458654173 ], [ -103.022117614336423, 35.742286681785004 ], [ -103.021797180495469, 35.623603820460005 ], [ -103.025650024529, 35.17720794708913 ], [ -103.024749755496771, 34.964717865237333 ], [ -103.022155761778947, 34.745265960555685 ], [ -103.029144287278996, 34.30774307278466 ], [ -103.032760620406293, 33.826087952097339 ], [ -103.038238524987889, 33.565742492622007 ], [ -103.042602539175789, 33.377727508817543 ], [ -103.0488357546663, 32.953533172717812 ], [ -103.059547423974379, 32.515430450654833 ], [ -103.055191039634735, 32.084995270115655 ], [ -103.057968139817774, 32.001899718896937 ], [ -103.33209228503091, 32.0041542050526 ], [ -103.728973388610939, 32.006103515265067 ], [ -103.980895995653668, 32.005889893004223 ], [ -104.018814086800603, 32.007278442646054 ], [ -104.850563049245295, 32.003150940263708 ], [ -104.921798706445088, 32.004268646480909 ], [ -106.002708435445925, 32.001552581486521 ], [ -106.37784576387088, 32.000644683505413 ], [ -106.623077392407708, 32.000988006891077 ], [ -106.649513244540572, 31.98022842370284 ], [ -106.632057189587613, 31.97211837796084 ], [ -106.633201599374274, 31.913997650171495 ], [ -106.643531799652806, 31.895101546798969 ], [ -106.615577697652611, 31.844635010097704 ], [ -106.614440917714148, 31.817728042715032 ], [ -106.538970947451219, 31.786197662492157 ], [ -107.282997130912804, 31.784980773643838 ], [ -108.20265960685532, 31.786804199454309 ], [ -108.210060119878619, 31.343742371013661 ], [ -109.045005798079103, 31.343347549749694 ], [ -109.048881530758024, 32.441967010868893 ] ] ] ] } },
{ "type": "Feature", "properties": { "STATE_NAME": "Alabama", "STATE_ABBR": "AL", "ELECT_VOTE": 9.0, "WON_12": "R", "WON_16": "T", "F2016Result": "Rep", "WON_20": "T", "F2020Result": "Rep", "Shape_Length": 17.237702602210494, "Shape_Area": 12.897116528085437, "WON_24": "T", "F2024Result": "Rep" }, "geometry": { "type": "MultiPolygon", "coordinates": [ [ [ [ -85.070137023804591, 31.980545043518987 ], [ -85.115219116169214, 31.907264709298943 ], [ -85.135635375971788, 31.854722977083782 ], [ -85.131629943966686, 31.783651351728565 ], [ -85.1302337644766, 31.778690337888861 ], [ -85.11535644534365, 31.731401443222069 ], [ -85.118743896513593, 31.708406448498863 ], [ -85.111274719352764, 31.684076309474165 ], [ -85.059356689459605, 31.621097564501042 ], [ -85.042793273690563, 31.554220200002305 ], [ -85.042770385944493, 31.519489288200134 ], [ -85.066383361502915, 31.475917815854586 ], [ -85.061477661364961, 31.440490722668756 ], [ -85.088012695229679, 31.367059707939234 ], [ -85.082633972379881, 31.332159042805642 ], [ -85.081298828078388, 31.302904129022409 ], [ -85.103431701212003, 31.271259308270487 ], [ -85.093673706276491, 31.226896285934913 ], [ -85.103027343537065, 31.196743011480862 ], [ -85.093437194470937, 31.172031402527239 ], [ -85.068733215365569, 31.162183761371523 ], [ -85.038139343256034, 31.126531601152521 ], [ -85.017066955175778, 31.079919815047504 ], [ -85.00167846678778, 31.001068115101475 ], [ -85.485076904375603, 31.000820160322178 ], [ -85.486663818380464, 31.00081634539805 ], [ -86.031883239819649, 30.993146896412213 ], [ -86.181533813334795, 30.995044707847057 ], [ -86.383972168181003, 30.991357803120195 ], [ -86.701896667697042, 30.997911453350923 ], [ -86.77940368693055, 30.998010635082778 ], [ -87.163146972454797, 31.00297546384661 ], [ -87.598594665611301, 31.002449035794427 ], [ -87.589881896931956, 30.954177856622834 ], [ -87.625724792565109, 30.876716613780729 ], [ -87.615928650187016, 30.8481101993263 ], [ -87.541915893703504, 30.785507201895882 ], [ -87.526618957199105, 30.748302459291097 ], [ -87.460159301710348, 30.705612182256459 ], [ -87.418914794582065, 30.692619324122575 ], [ -87.398666381548253, 30.667823791334968 ], [ -87.393302917495589, 30.61990547196001 ], [ -87.422088623491163, 30.556299209740814 ], [ -87.445373535360318, 30.531194686985259 ], [ -87.41883850059628, 30.48150444057751 ], [ -87.405273437119376, 30.440162658280087 ], [ -87.466461181338389, 30.359521865941417 ], [ -87.587585449309017, 30.319053650005969 ], [ -87.593421936073469, 30.278213500552681 ], [ -87.795341491816373, 30.233728408739125 ], [ -88.002563476423234, 30.233400345049915 ], [ -87.779953002528998, 30.272436142414108 ], [ -87.757514953452301, 30.299221038520159 ], [ -87.903472900753741, 30.421098709038233 ], [ -87.913391113509022, 30.620992660582885 ], [ -88.019790649418894, 30.744001388653203 ], [ -88.135681152663039, 30.336957931563347 ], [ -88.320320129170568, 30.404094695613765 ], [ -88.401405334088849, 30.393352508711359 ], [ -88.417228698645488, 30.736267089554588 ], [ -88.429183960371461, 31.000511169454967 ], [ -88.434547424424068, 31.120698928412878 ], [ -88.45078277560458, 31.435449599919139 ], [ -88.465072631496696, 31.702085495149561 ], [ -88.472923278586393, 31.888723373185201 ], [ -88.437690734839521, 32.227611541739293 ], [ -88.425758361758938, 32.30908203151057 ], [ -88.393798827753642, 32.580333709732997 ], [ -88.348007201770884, 32.924629211269121 ], [ -88.339431762265974, 32.987369536974597 ], [ -88.304794311608134, 33.288772583088303 ], [ -88.274551391833256, 33.538684844729858 ], [ -88.248161316091853, 33.74261474587388 ], [ -88.202606201015328, 34.059017181497779 ], [ -88.199310302628305, 34.090343474971462 ], [ -88.167572021631429, 34.324047089002022 ], [ -88.151214599174352, 34.465175628352597 ], [ -88.136360168686792, 34.580402374370124 ], [ -88.090431213529655, 34.895542144754245 ], [ -88.108848571804117, 34.899848937778302 ], [ -88.143066405989828, 34.930225372702864 ], [ -88.193954467524634, 35.0043678285125 ], [ -88.194923400694336, 35.013458252196642 ], [ -87.986045837045708, 35.015949249258483 ], [ -87.60778808595137, 35.010463714828632 ], [ -87.222747802668948, 35.007263183249336 ], [ -87.207572937441057, 35.007877350059687 ], [ -86.833419800083675, 34.998161315692244 ], [ -86.782371520729043, 34.996990204134647 ], [ -86.313064575569683, 34.995185852045495 ], [ -86.30351257304676, 34.995376586560269 ], [ -85.869590759605842, 34.992301941181665 ], [ -85.608993530427028, 34.990085601569319 ], [ -85.58309173619466, 34.862243652422649 ], [ -85.534729004240091, 34.622406005532753 ], [ -85.525871276538169, 34.584602355814127 ], [ -85.511894226437335, 34.522930145010264 ], [ -85.460327148878775, 34.290069579747353 ], [ -85.416610717510594, 34.086822509551212 ], [ -85.395782471084146, 33.95972824056588 ], [ -85.384056091315529, 33.905307769737817 ], [ -85.335334778077481, 33.654815673804364 ], [ -85.305030823113952, 33.490482330595114 ], [ -85.293876647789034, 33.425762176183525 ], [ -85.233901977494213, 33.129116058059708 ], [ -85.233558655007869, 33.120018005426687 ], [ -85.180778503525062, 32.871685027941737 ], [ -85.1623611452506, 32.807315826764068 ], [ -85.128150940013825, 32.776939391839505 ], [ -85.133361816094919, 32.756183624474716 ], [ -85.124946594409778, 32.744251251394189 ], [ -85.113929748259238, 32.734256744653067 ], [ -85.107795715399902, 32.689838409515062 ], [ -85.090538024809973, 32.676017761410606 ], [ -85.103866577380586, 32.645774841635671 ], [ -85.086387634681557, 32.628314971758584 ], [ -85.084213256536543, 32.602867126516742 ], [ -85.070838928473734, 32.581115722412733 ], [ -84.995719909646084, 32.51878738423045 ], [ -84.989883422881633, 32.454692840502219 ], [ -84.96545410122576, 32.42930603044897 ], [ -84.971031189337907, 32.396667480419922 ], [ -84.98455810537223, 32.38694763202767 ], [ -84.97173309310773, 32.371356964352458 ], [ -85.002159118448503, 32.346931457620713 ], [ -85.005401611495131, 32.329444885073428 ], [ -84.921142578567128, 32.292987823529302 ], [ -84.89467620883994, 32.268585205442946 ], [ -84.894088744699786, 32.259025573971087 ], [ -84.905433654539479, 32.249404907310691 ], [ -84.923751831082086, 32.247238159013875 ], [ -84.916076659710029, 32.228404999191412 ], [ -84.928443908959196, 32.217826843234263 ], [ -84.975814819098559, 32.212097168049922 ], [ -84.960456848304887, 32.191776275954396 ], [ -85.0078964234811, 32.178726196656726 ], [ -85.024452209401886, 32.166122436501269 ], [ -85.053382873520775, 32.126483917099165 ], [ -85.046257018846291, 32.090740204097187 ], [ -85.056724548299201, 32.06948852537522 ], [ -85.062080383402929, 32.049854278252383 ], [ -85.056770324690717, 32.017219543147462 ], [ -85.070137023804591, 31.980545043518987 ] ] ] ] } },
{ "type": "Feature", "properties": { "STATE_NAME": "Mississippi", "STATE_ABBR": "MS", "ELECT_VOTE": 6.0, "WON_12": "R", "WON_16": "T", "F2016Result": "Rep", "WON_20": "T", "F2020Result": "Rep", "Shape_Length": 22.059931114275258, "Shape_Area": 11.870990103444633, "WON_24": "T", "F2024Result": "Rep" }, "geometry": { "type": "MultiPolygon", "coordinates": [ [ [ [ -88.45078277560458, 31.435449599919139 ], [ -88.434547424424068, 31.120698928412878 ], [ -88.429183960371461, 31.000511169454967 ], [ -88.417228698645488, 30.736267089554588 ], [ -88.401405334088849, 30.393352508711359 ], [ -88.399215698045964, 30.352685928412939 ], [ -88.464225768704239, 30.325876236199406 ], [ -88.577743530339603, 30.380550384192929 ], [ -88.683242798116623, 30.342123031252925 ], [ -88.873756408831184, 30.430078506218138 ], [ -88.930191039984493, 30.416603088062118 ], [ -88.885696410860646, 30.398090362979929 ], [ -89.276077270449662, 30.31464385942661 ], [ -89.273483276731781, 30.372190475310219 ], [ -89.334999084640003, 30.380228042889939 ], [ -89.35748291010816, 30.365089416743217 ], [ -89.318496704059612, 30.318656921279967 ], [ -89.415565490454981, 30.256288528193068 ], [ -89.438072204568527, 30.200769424869122 ], [ -89.573829650917617, 30.194738387766449 ], [ -89.609947204899527, 30.241224288570095 ], [ -89.606254577786501, 30.247632980677565 ], [ -89.621604919631295, 30.256769179853791 ], [ -89.625885009985211, 30.290161132430342 ], [ -89.639114379924649, 30.295635222987187 ], [ -89.637023925613619, 30.311649322957919 ], [ -89.618530273353372, 30.323566436341991 ], [ -89.620140076003679, 30.343235015983225 ], [ -89.633392333689187, 30.355113982824093 ], [ -89.646629333476938, 30.355096817464187 ], [ -89.654609679892758, 30.378871917405093 ], [ -89.675308227892344, 30.399881362834662 ], [ -89.67539978067532, 30.445159912100337 ], [ -89.683387756040077, 30.462526321732412 ], [ -89.69453430151674, 30.467994689903094 ], [ -89.695617676114807, 30.478054046756881 ], [ -89.713119506559963, 30.481224059842532 ], [ -89.718994140766938, 30.495845794347986 ], [ -89.732254028300702, 30.497646331513067 ], [ -89.755111694748905, 30.515430450155179 ], [ -89.772727966622313, 30.55105590860336 ], [ -89.790779113765041, 30.553752898977166 ], [ -89.820236205936112, 30.624080658195851 ], [ -89.805465698383216, 30.649267196424034 ], [ -89.819282531563545, 30.651056289716053 ], [ -89.82945251492157, 30.67068481445267 ], [ -89.845375061210063, 30.666063309074502 ], [ -89.835319519280347, 30.675693512145926 ], [ -89.841712951691306, 30.679330825557201 ], [ -89.841270446573787, 30.700361252170126 ], [ -89.830650329149307, 30.70359230044437 ], [ -89.843978881719977, 30.712236404086809 ], [ -89.835540771389446, 30.729173659936521 ], [ -89.82332611101117, 30.732866287049546 ], [ -89.825492859307985, 30.742460251039802 ], [ -89.813278198030389, 30.747980117988106 ], [ -89.824615478921203, 30.789537430008465 ], [ -89.810859680030148, 30.811511993683609 ], [ -89.796493530152247, 30.812465668056177 ], [ -89.796020507440403, 30.828918457320981 ], [ -89.774726867251104, 30.830345153506073 ], [ -89.784950255949525, 30.861392974606133 ], [ -89.765777587665525, 30.861898422374338 ], [ -89.76323699928804, 30.900285720409727 ], [ -89.746726989758713, 30.902608871602183 ], [ -89.745681762603226, 30.909921645867314 ], [ -89.757980346815543, 30.920858383107941 ], [ -89.740402221485283, 30.92592430106572 ], [ -89.748466491735144, 30.949663161925457 ], [ -89.739448547112715, 30.965215683057352 ], [ -89.719749450776476, 30.975309371530329 ], [ -89.726707458682256, 30.984432220270776 ], [ -89.723548889469612, 31.001340865988254 ], [ -89.732643127178562, 31.007261276586689 ], [ -89.833480834672741, 31.007001877035066 ], [ -90.259284973422723, 31.007190704087748 ], [ -90.343566894096853, 31.005210876280955 ], [ -90.542556762584468, 31.002151489699543 ], [ -90.560157775660798, 31.001527786478221 ], [ -90.829612731642214, 31.001367568658395 ], [ -91.056907653565304, 31.00024032603028 ], [ -91.17910003643749, 31.000284194959704 ], [ -91.632179260264593, 31.001186370554592 ], [ -91.627655029156244, 31.011781692770967 ], [ -91.572669982833418, 31.032470703460262 ], [ -91.551963805884895, 31.057983398814827 ], [ -91.564857483186245, 31.081958770580854 ], [ -91.619995117480642, 31.12751770058145 ], [ -91.591369629304893, 31.178306579485081 ], [ -91.600845336942712, 31.213754653854267 ], [ -91.636878967090638, 31.240928649737441 ], [ -91.643562316647547, 31.270942687555021 ], [ -91.634094237958664, 31.277519226431195 ], [ -91.55680084188532, 31.270296096587629 ], [ -91.516960144095322, 31.282897949280994 ], [ -91.502357483311187, 31.298686981319179 ], [ -91.505638122901019, 31.323286056306529 ], [ -91.542671203812972, 31.346815108930173 ], [ -91.544288635412158, 31.368703842208618 ], [ -91.534454345591541, 31.382579803115448 ], [ -91.559257507328084, 31.388059616058513 ], [ -91.567611694723894, 31.421236038012808 ], [ -91.552352905662019, 31.432929992725008 ], [ -91.534683227548896, 31.434165954395326 ], [ -91.534049987916546, 31.409069061488026 ], [ -91.522895812591628, 31.391921997402335 ], [ -91.494590759156154, 31.375080108360351 ], [ -91.480720519736167, 31.377611160326865 ], [ -91.465805054059956, 31.403900146874321 ], [ -91.47317504858961, 31.420206069654455 ], [ -91.507781982552444, 31.452915191283125 ], [ -91.506362915316231, 31.525520324403487 ], [ -91.50283813497191, 31.534713744743556 ], [ -91.464355468330155, 31.542699813545596 ], [ -91.423461914435791, 31.562580108884958 ], [ -91.404136657280844, 31.58618736295648 ], [ -91.41526794396043, 31.60242652906112 ], [ -91.497032165801784, 31.604192733707748 ], [ -91.508758544671082, 31.621780395448923 ], [ -91.507690429769468, 31.643705367808536 ], [ -91.497650146636943, 31.650730133289073 ], [ -91.457260132149315, 31.626800537015242 ], [ -91.40828704830858, 31.625364303519859 ], [ -91.38906860363312, 31.654439925762006 ], [ -91.387832641962802, 31.716518401702956 ], [ -91.364959716717522, 31.75157737719428 ], [ -91.370384215958779, 31.753311156784491 ], [ -91.3397979736975, 31.758378982204306 ], [ -91.282508849903479, 31.749723434688804 ], [ -91.263877868468796, 31.759599685976752 ], [ -91.262573241761686, 31.773763656567553 ], [ -91.336143494026999, 31.763458252396504 ], [ -91.367019653434227, 31.770704269086821 ], [ -91.347122192734957, 31.795669556105167 ], [ -91.334732055739721, 31.843317032055438 ], [ -91.303359984975316, 31.862983703335317 ], [ -91.29253387423887, 31.861331940116997 ], [ -91.276687621936162, 31.827371597121555 ], [ -91.250617980935033, 31.81865882844221 ], [ -91.241271972623395, 31.83522605913538 ], [ -91.264579773137996, 31.86542510998089 ], [ -91.244369506647388, 31.878511429259106 ], [ -91.201431274833453, 31.91428947477948 ], [ -91.163032532025682, 31.988290786490666 ], [ -91.108001709311395, 31.99182701070805 ], [ -91.072380065787343, 32.021057129283122 ], [ -91.073135375796937, 32.031993865624429 ], [ -91.086883544839679, 32.043655395280325 ], [ -91.143013000049848, 32.066104889129406 ], [ -91.145584106021658, 32.085674286139465 ], [ -91.12561798118486, 32.088245392111219 ], [ -91.089302062839863, 32.056842803752431 ], [ -91.065010070358426, 32.058551788134594 ], [ -91.07381439182069, 32.093994141016822 ], [ -91.041084289908042, 32.107669830098644 ], [ -91.011283874351307, 32.134059905840047 ], [ -91.003829955987669, 32.169261931992594 ], [ -91.02441406255889, 32.169898986549015 ], [ -91.054473876767986, 32.184532165826852 ], [ -91.045310974022186, 32.158672333061759 ], [ -91.054046630447601, 32.134391784453328 ], [ -91.083007812160758, 32.148578643689518 ], [ -91.108711242929473, 32.134990692466545 ], [ -91.156539916983547, 32.14478301992051 ], [ -91.166847228616689, 32.171989440860045 ], [ -91.15726470939876, 32.205863952559412 ], [ -91.115951538132947, 32.225605011262303 ], [ -91.100570678693828, 32.214885712105968 ], [ -91.087913513198032, 32.232387542551123 ], [ -91.062461853032062, 32.232742309809794 ], [ -91.041648864503429, 32.249439239829087 ], [ -90.977218628137166, 32.223403930447091 ], [ -90.971015930240924, 32.269065857103669 ], [ -90.983818053860034, 32.287132263043532 ], [ -90.980766296227557, 32.297653197836837 ], [ -90.971656799721472, 32.303699493736701 ], [ -90.929244995060458, 32.297405243057597 ], [ -90.916374206404441, 32.305316925335887 ], [ -90.875350952284577, 32.379650115660354 ], [ -90.885154724510869, 32.381355286017708 ], [ -90.914924621574016, 32.345897674338232 ], [ -90.984565734920693, 32.356395721385468 ], [ -90.998863220661065, 32.366233826130212 ], [ -91.00920867883741, 32.397083282867243 ], [ -90.969985961882571, 32.419017791637827 ], [ -90.965484619419612, 32.440036773478369 ], [ -90.987449645784466, 32.452964782398851 ], [ -91.026908874544915, 32.442417144935348 ], [ -91.058509826367356, 32.446998596308219 ], [ -91.117683410261122, 32.498569488790906 ], [ -91.1187438962138, 32.524066925348393 ], [ -91.088783263736616, 32.548637390203453 ], [ -91.037200927380866, 32.496955871216528 ], [ -91.019683838138576, 32.490814209408313 ], [ -90.992050170878656, 32.495281219352819 ], [ -90.995071410916864, 32.511642455834703 ], [ -91.063087463715419, 32.542160033958453 ], [ -91.073265076022381, 32.561611175515395 ], [ -91.058868408550154, 32.57638931291649 ], [ -91.032325744837237, 32.582672118823268 ], [ -90.99865722644978, 32.615467071748014 ], [ -90.996131896869485, 32.625976562668257 ], [ -91.007881164384173, 32.642673492687607 ], [ -91.027465820191424, 32.641502380230691 ], [ -91.047630310290572, 32.614353179555621 ], [ -91.063812256130689, 32.606388091936935 ], [ -91.110992431755278, 32.597526550210148 ], [ -91.146263122944731, 32.644851684857429 ], [ -91.139556884742376, 32.663173675424844 ], [ -91.05902862547066, 32.723518371775469 ], [ -91.097709655576125, 32.749397278261824 ], [ -91.136466979667318, 32.751125335465929 ], [ -91.156341552620518, 32.762680053541715 ], [ -91.142150878460257, 32.841213226209447 ], [ -91.079528808207897, 32.87716293342271 ], [ -91.075592041239702, 32.953712463359523 ], [ -91.092674255212671, 32.987621307577342 ], [ -91.111816405902346, 32.987350464152655 ], [ -91.132354736082164, 32.97522354163317 ], [ -91.12993621808198, 32.937465667406684 ], [ -91.137176513285397, 32.917785644791707 ], [ -91.169700622785456, 32.905021667715857 ], [ -91.19831085216407, 32.914161681816211 ], [ -91.209159850646529, 32.935852050731626 ], [ -91.16186523449295, 33.000293731870272 ], [ -91.162132262993509, 33.013038635224859 ], [ -91.160675049214092, 33.021709442436872 ], [ -91.156684875106862, 33.040431976654475 ], [ -91.123985290788482, 33.047271728207761 ], [ -91.117790221841233, 33.065570831029106 ], [ -91.146789550996971, 33.090652466038534 ], [ -91.190536499060158, 33.11322402936554 ], [ -91.195503235286026, 33.140464782823528 ], [ -91.177627563860938, 33.150287627871762 ], [ -91.121330260982745, 33.131069183196303 ], [ -91.095855713070648, 33.145084380739604 ], [ -91.086318969344916, 33.161602020117186 ], [ -91.092002869037117, 33.225696563845418 ], [ -91.054542541804835, 33.245780945034653 ], [ -91.040428161630302, 33.281921386762633 ], [ -91.053833008186757, 33.293575286570274 ], [ -91.07632446260385, 33.292358398621275 ], [ -91.102905273759347, 33.249210357671927 ], [ -91.122505188363732, 33.268505096333172 ], [ -91.141746520785262, 33.322383880311861 ], [ -91.130424499590958, 33.359401703326 ], [ -91.106941223358717, 33.39340591435149 ], [ -91.078689575263638, 33.410179138356625 ], [ -91.061515808507693, 33.431797027311006 ], [ -91.060981750607255, 33.460010528862881 ], [ -91.073760986480295, 33.466205596910811 ], [ -91.085800171140932, 33.46285629228413 ], [ -91.099128722812281, 33.414897918903876 ], [ -91.137634277200107, 33.388877868319014 ], [ -91.184982299593401, 33.391830444219693 ], [ -91.204162597725656, 33.414299010890716 ], [ -91.198829651267374, 33.422111511437151 ], [ -91.130516052373878, 33.443122863429437 ], [ -91.119712829383559, 33.452831267948682 ], [ -91.118957519373964, 33.469673156990666 ], [ -91.128799438143517, 33.493190765741303 ], [ -91.164978027314078, 33.511779784809278 ], [ -91.174179077502401, 33.504367828812292 ], [ -91.171730041907892, 33.466644287104202 ], [ -91.181770325040418, 33.447387694986162 ], [ -91.232849121090055, 33.443443298169711 ], [ -91.227149963499983, 33.459453582316996 ], [ -91.207641601678517, 33.473396301698017 ], [ -91.180404663144657, 33.512012481690704 ], [ -91.18284606889091, 33.523349761682198 ], [ -91.204101562537062, 33.53850555408809 ], [ -91.213485717391904, 33.539276122894819 ], [ -91.227630615160706, 33.556350707918909 ], [ -91.226730347027853, 33.590480804245772 ], [ -91.187805176167899, 33.574680328334523 ], [ -91.168022155997676, 33.577243805357398 ], [ -91.150650023979381, 33.616161346369097 ], [ -91.154403686281057, 33.637031555162196 ], [ -91.205307006613054, 33.669944763540059 ], [ -91.215141296433671, 33.690723419550238 ], [ -91.211677551277944, 33.708965301207741 ], [ -91.163299560526241, 33.718315124443507 ], [ -91.121047973684995, 33.677528381229877 ], [ -91.083770752018552, 33.662586211984149 ], [ -91.037834167912479, 33.683216094946886 ], [ -91.038825988828307, 33.705490112179007 ], [ -91.056213378744417, 33.719356536674866 ], [ -91.104568481749993, 33.708232879843592 ], [ -91.128944397166151, 33.712440491135794 ], [ -91.138000488331841, 33.723224639505588 ], [ -91.14289093057198, 33.771820068341526 ], [ -91.136985778770622, 33.780086516979225 ], [ -91.105415344542507, 33.776439667156978 ], [ -91.066390991051378, 33.78652572668102 ], [ -91.043403625277051, 33.769554138312913 ], [ -91.018432616771804, 33.763973236175957 ], [ -90.995376586859948, 33.771549224916839 ], [ -90.984039306868453, 33.78533935542697 ], [ -90.990371704090819, 33.798896789954938 ], [ -91.028854369833255, 33.81658554089006 ], [ -91.05481720015365, 33.843524932429716 ], [ -91.061370849485058, 33.867080688622934 ], [ -91.018463134366129, 33.93630599952229 ], [ -91.075706481768691, 33.974643707141411 ], [ -91.088851928773465, 33.994468688779023 ], [ -91.0696945192866, 34.006095885916466 ], [ -91.031059265572594, 33.985698699835154 ], [ -91.009544372374876, 33.9905281068867 ], [ -91.000259399251831, 33.968372345107696 ], [ -90.986816406152172, 33.960815430088076 ], [ -90.964790344598669, 33.96746063220246 ], [ -90.961128235079968, 33.978874206179739 ], [ -90.97527313194945, 33.994606017953402 ], [ -90.973365784103635, 34.010997772029611 ], [ -90.950469971112227, 34.031288146530812 ], [ -90.886344909789727, 34.040710448828179 ], [ -90.866333007662149, 34.100952148522879 ], [ -90.906311035525846, 34.102748870763833 ], [ -90.942245483042598, 34.125942229850068 ], [ -90.953346252127801, 34.155803680595454 ], [ -90.928916931371248, 34.18564987164433 ], [ -90.84661102268052, 34.147544860906635 ], [ -90.828865051480932, 34.148658752199708 ], [ -90.807510376102925, 34.16617202741719 ], [ -90.82292175313637, 34.19054412880854 ], [ -90.92148590075368, 34.204830169776585 ], [ -90.933708190980212, 34.234676360825461 ], [ -90.928436279710525, 34.250194549438959 ], [ -90.863410949355796, 34.219161987136033 ], [ -90.831359863466901, 34.229534148881896 ], [ -90.823837280066357, 34.2773399351899 ], [ -90.806419372555979, 34.299346923921462 ], [ -90.792526245389865, 34.299957275807685 ], [ -90.758255004964496, 34.278976440510348 ], [ -90.747756957917261, 34.317718505804464 ], [ -90.761856079294603, 34.363914489462161 ], [ -90.755310058912073, 34.372165680202045 ], [ -90.687484741527555, 34.377872466740996 ], [ -90.681137084608736, 34.363399505282985 ], [ -90.689376831475556, 34.320144653652903 ], [ -90.679336547443654, 34.31797409043196 ], [ -90.65781402619632, 34.330005646143718 ], [ -90.657241820853301, 34.365909576066144 ], [ -90.603790283194996, 34.404598236019808 ], [ -90.579124450632833, 34.432998657162329 ], [ -90.574401855161454, 34.453945159941213 ], [ -90.590049744000453, 34.496505737649727 ], [ -90.580345153506016, 34.520221709864074 ], [ -90.565681457533174, 34.532508850203328 ], [ -90.537147522140401, 34.543327331990838 ], [ -90.530616760555006, 34.555648803949168 ], [ -90.577613830613757, 34.604743957267885 ], [ -90.587989807283748, 34.627815246876196 ], [ -90.579299926350473, 34.645610809391371 ], [ -90.56105804469297, 34.700286864846987 ], [ -90.539062499834472, 34.685947418538603 ], [ -90.547546386556462, 34.651805877439358 ], [ -90.538963318102617, 34.636894225787955 ], [ -90.508811951110602, 34.638065338244814 ], [ -90.466224670731947, 34.672039031676036 ], [ -90.469978332134303, 34.704254150308827 ], [ -90.513565063276985, 34.70206832919007 ], [ -90.533279419309736, 34.713253021209994 ], [ -90.547744750919492, 34.790336609047301 ], [ -90.527259826979389, 34.8073234562126 ], [ -90.51604461646582, 34.805603027058112 ], [ -90.501281737861859, 34.789833068741189 ], [ -90.498733520535495, 34.765785217014184 ], [ -90.516967773244119, 34.748371124427877 ], [ -90.504417419328377, 34.72985458352224 ], [ -90.485923767068186, 34.726833343484088 ], [ -90.451431274533661, 34.741199493361989 ], [ -90.448867797510786, 34.760749816650787 ], [ -90.46670532239267, 34.799663543637678 ], [ -90.451904297245505, 34.825218200459631 ], [ -90.474716186402816, 34.857727051162556 ], [ -90.470527648831876, 34.880924225172919 ], [ -90.438087463165857, 34.886180877645415 ], [ -90.427841186721366, 34.87264251683871 ], [ -90.433547973260318, 34.83535385129926 ], [ -90.422309875899998, 34.83226776114833 ], [ -90.403930664168797, 34.841037750092141 ], [ -90.341423034445427, 34.860576629507875 ], [ -90.322822570605126, 34.850265502950663 ], [ -90.30155181906116, 34.851776122969738 ], [ -90.299446105952995, 34.864959716517774 ], [ -90.296272277943217, 34.882690429819547 ], [ -90.266708374192092, 34.896511077923947 ], [ -90.242843628030982, 34.920730590444464 ], [ -90.241897582607294, 34.938903808863756 ], [ -90.248168945540385, 34.94976043719447 ], [ -90.299507141141589, 34.978481293077266 ], [ -90.305351257754296, 35.000694275120736 ], [ -89.717185973753658, 34.999168396304469 ], [ -89.646476745505367, 35.000640868881021 ], [ -89.342300415032071, 34.999713898077971 ], [ -89.198066711809247, 35.000793456852591 ], [ -89.00613403295921, 35.000144958423164 ], [ -88.812492370626387, 35.002349853263183 ], [ -88.78498840359191, 35.003093719399658 ], [ -88.383102417242696, 35.00495529175339 ], [ -88.351684570086775, 35.00374603275327 ], [ -88.193954467524634, 35.0043678285125 ], [ -88.143066405989828, 34.930225372702864 ], [ -88.108848571804117, 34.899848937778302 ], [ -88.090431213529655, 34.895542144754245 ], [ -88.136360168686792, 34.580402374370124 ], [ -88.151214599174352, 34.465175628352597 ], [ -88.167572021631429, 34.324047089002022 ], [ -88.199310302628305, 34.090343474971462 ], [ -88.202606201015328, 34.059017181497779 ], [ -88.248161316091853, 33.74261474587388 ], [ -88.274551391833256, 33.538684844729858 ], [ -88.304794311608134, 33.288772583088303 ], [ -88.339431762265974, 32.987369536974597 ], [ -88.348007201770884, 32.924629211269121 ], [ -88.393798827753642, 32.580333709732997 ], [ -88.425758361758938, 32.30908203151057 ], [ -88.437690734839521, 32.227611541739293 ], [ -88.472923278586393, 31.888723373185201 ], [ -88.465072631496696, 31.702085495149561 ], [ -88.45078277560458, 31.435449599919139 ] ] ] ] } },
{ "type": "Feature", "properties": { "STATE_NAME": "Georgia", "STATE_ABBR": "GA", "ELECT_VOTE": 16.0, "WON_12": "R", "WON_16": "T", "F2016Result": "Rep", "WON_20": "B", "F2020Result": "Dem Pickup", "Shape_Length": 20.103402852436403, "Shape_Area": 14.598795927019655, "WON_24": "T", "F2024Result": "Rep Pickup" }, "geometry": { "type": "MultiPolygon", "coordinates": [ [ [ [ -85.1302337644766, 31.778690337888861 ], [ -85.131629943966686, 31.783651351728565 ], [ -85.135635375971788, 31.854722977083782 ], [ -85.115219116169214, 31.907264709298943 ], [ -85.070137023804591, 31.980545043518987 ], [ -85.056770324690717, 32.017219543147462 ], [ -85.062080383402929, 32.049854278252383 ], [ -85.056724548299201, 32.06948852537522 ], [ -85.046257018846291, 32.090740204097187 ], [ -85.053382873520775, 32.126483917099165 ], [ -85.024452209401886, 32.166122436501269 ], [ -85.0078964234811, 32.178726196656726 ], [ -84.960456848304887, 32.191776275954396 ], [ -84.975814819098559, 32.212097168049922 ], [ -84.928443908959196, 32.217826843234263 ], [ -84.916076659710029, 32.228404999191412 ], [ -84.923751831082086, 32.247238159013875 ], [ -84.905433654539479, 32.249404907310691 ], [ -84.894088744699786, 32.259025573971087 ], [ -84.89467620883994, 32.268585205442946 ], [ -84.921142578567128, 32.292987823529302 ], [ -85.005401611495131, 32.329444885073428 ], [ -85.002159118448503, 32.346931457620713 ], [ -84.97173309310773, 32.371356964352458 ], [ -84.98455810537223, 32.38694763202767 ], [ -84.971031189337907, 32.396667480419922 ], [ -84.96545410122576, 32.42930603044897 ], [ -84.989883422881633, 32.454692840502219 ], [ -84.995719909646084, 32.51878738423045 ], [ -85.070838928473734, 32.581115722412733 ], [ -85.084213256536543, 32.602867126516742 ], [ -85.086387634681557, 32.628314971758584 ], [ -85.103866577380586, 32.645774841635671 ], [ -85.090538024809973, 32.676017761410606 ], [ -85.107795715399902, 32.689838409515062 ], [ -85.113929748259238, 32.734256744653067 ], [ -85.124946594409778, 32.744251251394189 ], [ -85.133361816094919, 32.756183624474716 ], [ -85.128150940013825, 32.776939391839505 ], [ -85.1623611452506, 32.807315826764068 ], [ -85.180778503525062, 32.871685027941737 ], [ -85.233558655007869, 33.120018005426687 ], [ -85.233901977494213, 33.129116058059708 ], [ -85.293876647789034, 33.425762176183525 ], [ -85.305030823113952, 33.490482330595114 ], [ -85.335334778077481, 33.654815673804364 ], [ -85.384056091315529, 33.905307769737817 ], [ -85.395782471084146, 33.95972824056588 ], [ -85.416610717510594, 34.086822509551212 ], [ -85.460327148878775, 34.290069579747353 ], [ -85.511894226437335, 34.522930145010264 ], [ -85.525871276538169, 34.584602355814127 ], [ -85.534729004240091, 34.622406005532753 ], [ -85.58309173619466, 34.862243652422649 ], [ -85.608993530427028, 34.990085601569319 ], [ -85.467422485059615, 34.990047455026058 ], [ -85.359985351842454, 34.989902496003424 ], [ -85.267761230396445, 34.989074706932229 ], [ -84.972846985300066, 34.99255371088509 ], [ -84.967910766668524, 34.992607117124805 ], [ -84.800476074511209, 34.992755890172248 ], [ -84.771194458057778, 34.990680694658408 ], [ -84.618751525562402, 34.988681793130297 ], [ -84.323852539263214, 34.989009856819507 ], [ -84.118240356407284, 34.988224029215644 ], [ -83.988548278780002, 34.989067077983293 ], [ -83.937995910782604, 34.989391326748375 ], [ -83.54941558835867, 34.98953628577101 ], [ -83.513008117230811, 34.99202346790878 ], [ -83.106285094881173, 35.000278472673415 ], [ -83.100578308342222, 34.984073639087228 ], [ -83.115669250635392, 34.954597473194895 ], [ -83.121528625145913, 34.960803986015208 ], [ -83.12744140589615, 34.954284668302876 ], [ -83.113227843989762, 34.936035155897798 ], [ -83.125762939108313, 34.940700531104653 ], [ -83.13768768323996, 34.930385589623313 ], [ -83.155151367141855, 34.932189941712465 ], [ -83.158477783123146, 34.917560577358813 ], [ -83.182304382741052, 34.91055679306163 ], [ -83.203636169473612, 34.884078979461378 ], [ -83.219551086813169, 34.889091492078762 ], [ -83.232925414875979, 34.873729705461585 ], [ -83.243194579965859, 34.877990722993502 ], [ -83.235809325739751, 34.862293243738236 ], [ -83.250427246220397, 34.850074768435888 ], [ -83.250541686749386, 34.839618682855985 ], [ -83.267890930122292, 34.839138031195262 ], [ -83.27023315413669, 34.814987182812274 ], [ -83.302871704165796, 34.805438995213535 ], [ -83.322807312307589, 34.787151336265197 ], [ -83.323539733671737, 34.752140045526744 ], [ -83.350448608516444, 34.727287292474614 ], [ -83.350799560850987, 34.709552765148032 ], [ -83.339904785077749, 34.677597046066865 ], [ -83.299011230284009, 34.662849426260038 ], [ -83.237106323497983, 34.613224029965068 ], [ -83.165000915759606, 34.598838806365848 ], [ -83.159072876212235, 34.576732635902488 ], [ -83.137489318876931, 34.567768096620398 ], [ -83.108245849866023, 34.534915924330505 ], [ -83.079147338978487, 34.518871307664767 ], [ -83.055122375896872, 34.489959716367878 ], [ -83.008079528547341, 34.470726012895227 ], [ -82.982093811380253, 34.476394652890974 ], [ -82.905189514184713, 34.47788238516398 ], [ -82.868179321018829, 34.457439422691266 ], [ -82.844230651922999, 34.41257095348675 ], [ -82.836578369196332, 34.37094116240479 ], [ -82.808723449827312, 34.339794158673556 ], [ -82.783012390109661, 34.290409088208889 ], [ -82.764312744537506, 34.280853271661215 ], [ -82.758171081829914, 34.233264923437503 ], [ -82.74273681615108, 34.205444335687616 ], [ -82.735923767267991, 34.169685363888505 ], [ -82.660499572497258, 34.10824203504194 ], [ -82.603088379225255, 34.034519195704377 ], [ -82.596282959291102, 34.013301849500806 ], [ -82.573753356532166, 33.968784332630889 ], [ -82.576759338672503, 33.959167480894564 ], [ -82.517684936510591, 33.93090820295123 ], [ -82.456779479589272, 33.878101348798282 ], [ -82.424674987460662, 33.86013030966609 ], [ -82.3907470704209, 33.854015350528073 ], [ -82.365859985749694, 33.835884094475432 ], [ -82.351463318277467, 33.835266113640273 ], [ -82.311271667253607, 33.803787231295757 ], [ -82.30566406244651, 33.782520293776599 ], [ -82.266372680454822, 33.761466980316925 ], [ -82.235054015930075, 33.690208435371062 ], [ -82.214363097778687, 33.680603027507743 ], [ -82.192344665174119, 33.623706817515654 ], [ -82.167289733734208, 33.615081786695157 ], [ -82.139137268270304, 33.593772888607987 ], [ -82.11656189001917, 33.594642639146514 ], [ -82.065841675253068, 33.573730468886083 ], [ -82.038703918451063, 33.547370910739005 ], [ -82.020301818973735, 33.538597106871009 ], [ -81.996696472364249, 33.520355224314187 ], [ -81.981079101119576, 33.490600586048231 ], [ -81.936546325452525, 33.470882415990729 ], [ -81.916801452724826, 33.451194763527553 ], [ -81.927436828946441, 33.436004638603265 ], [ -81.913726806446903, 33.415302276578871 ], [ -81.940498352117231, 33.408023833932816 ], [ -81.925971984419505, 33.376419067186248 ], [ -81.945228576537545, 33.377006530427082 ], [ -81.936874390041055, 33.350296020844723 ], [ -81.911575316947278, 33.349353790345219 ], [ -81.912254333870351, 33.332054138287901 ], [ -81.893646240181795, 33.335094452047372 ], [ -81.877037048021293, 33.30669403090485 ], [ -81.865707397878055, 33.315525055037313 ], [ -81.840270996509219, 33.308200835999855 ], [ -81.860877990826566, 33.296947478943025 ], [ -81.82673645062664, 33.269279480064029 ], [ -81.84000396710934, 33.273162841691828 ], [ -81.836959838425742, 33.260467529652828 ], [ -81.854125976232751, 33.243354797186214 ], [ -81.810928344867193, 33.226295470959258 ], [ -81.801727294678869, 33.207778930952941 ], [ -81.77999877922025, 33.217220306072306 ], [ -81.770042419022388, 33.213733673170509 ], [ -81.759757996034637, 33.195232391062063 ], [ -81.763572692625644, 33.169685364088309 ], [ -81.740539550459857, 33.144546508814358 ], [ -81.704444885123337, 33.12278747576147 ], [ -81.611129761029588, 33.087722777883926 ], [ -81.595993042345015, 33.070636748986828 ], [ -81.560203552052258, 33.060661315967025 ], [ -81.547828674753475, 33.043529510678411 ], [ -81.529769897762549, 33.0437736514329 ], [ -81.508918761791392, 33.012638092474049 ], [ -81.49290466271998, 33.004657745158852 ], [ -81.498069763308877, 32.959518432529705 ], [ -81.510009765338339, 32.955261230821179 ], [ -81.510406494064398, 32.947063446321067 ], [ -81.47721862823704, 32.897411346456522 ], [ -81.465202331322473, 32.89756774935222 ], [ -81.483375549741766, 32.8759307857772 ], [ -81.458709717179659, 32.87123870879941 ], [ -81.455490111879101, 32.844413756889423 ], [ -81.43250274700415, 32.841518402152587 ], [ -81.42413330081115, 32.831607818346185 ], [ -81.43048095683065, 32.820140839028568 ], [ -81.421005249192831, 32.809329986189937 ], [ -81.43041229269312, 32.785987854056259 ], [ -81.416244507178249, 32.756561279479513 ], [ -81.423210144032907, 32.749645233041122 ], [ -81.407798766999463, 32.741638183955104 ], [ -81.420707702198683, 32.701396942514918 ], [ -81.407363891730199, 32.686531067254975 ], [ -81.399650573814881, 32.65064239523042 ], [ -81.412277221716352, 32.625434875818939 ], [ -81.385078430625015, 32.595706939323861 ], [ -81.366439819342133, 32.588188171746765 ], [ -81.366874694611454, 32.581802368284741 ], [ -81.351661681941039, 32.583351134847021 ], [ -81.34057617165297, 32.571182250860261 ], [ -81.299156188807046, 32.56710815471763 ], [ -81.274475097447748, 32.554634093888353 ], [ -81.268157959022574, 32.53374862629812 ], [ -81.236412048177442, 32.520431518499834 ], [ -81.195327758868928, 32.464374542351322 ], [ -81.200096130731822, 32.420127868906093 ], [ -81.178421020613598, 32.386638641160403 ], [ -81.179290771152125, 32.371589660334621 ], [ -81.157646179527546, 32.338546752630577 ], [ -81.142051696928206, 32.348274230871084 ], [ -81.13205719018714, 32.332424163644305 ], [ -81.124214172046379, 32.276447296405649 ], [ -81.148338317759112, 32.257514953952011 ], [ -81.147857666098389, 32.224246978315421 ], [ -81.114883422531875, 32.190391540337373 ], [ -81.1192779543141, 32.117408752212214 ], [ -81.105041503762322, 32.105239868225397 ], [ -80.894920349494498, 32.005779266499985 ], [ -80.973724365586975, 31.947711944950356 ], [ -80.971046448035111, 31.890094757467125 ], [ -81.140022277805826, 31.864124298197851 ], [ -81.180168151538908, 31.905677795294082 ], [ -81.207427978718215, 31.899908066104445 ], [ -81.197471618520353, 31.919683456426412 ], [ -81.204078674091477, 31.928220748488798 ], [ -81.239852905587099, 31.903203964491411 ], [ -81.284461975239935, 31.949218750045304 ], [ -81.245117187907852, 31.894479751939059 ], [ -81.206657409911486, 31.92043876643595 ], [ -81.220275878728785, 31.892927169553275 ], [ -81.180419922141652, 31.897459030509879 ], [ -81.141639709405013, 31.853300094923497 ], [ -81.039184570311647, 31.823139190621191 ], [ -81.06121826171335, 31.777320861968235 ], [ -81.137001037767618, 31.726852416905558 ], [ -81.174186706651142, 31.799592971738321 ], [ -81.196540832793175, 31.784626007284487 ], [ -81.17535400418393, 31.73558235184413 ], [ -81.289901733278327, 31.799449921077041 ], [ -81.135116576768553, 31.64584732089719 ], [ -81.187370300199177, 31.599676132447598 ], [ -81.240898132742586, 31.639953612968895 ], [ -81.23932647663554, 31.556661605748559 ], [ -81.194953918788258, 31.504928588883331 ], [ -81.208755493171452, 31.466672897636158 ], [ -81.313247680336133, 31.337369918886679 ], [ -81.365760803318381, 31.344327926792459 ], [ -81.410522460942786, 31.311252594032055 ], [ -81.394950866988893, 31.263860702709337 ], [ -81.388992309847197, 31.29692077667255 ], [ -81.301017761160722, 31.275588989040671 ], [ -81.31043243450921, 31.242464065863999 ], [ -81.38118743914896, 31.148714065601723 ], [ -81.528564452787236, 31.130897521903137 ], [ -81.525436401168918, 31.086317062382591 ], [ -81.47551727280387, 31.043590545367408 ], [ -81.535606384527, 31.076524734928626 ], [ -81.491035461417368, 30.98557853662021 ], [ -81.528739929404196, 30.961885452151932 ], [ -81.485008240138143, 30.944665909004527 ], [ -81.529449463022274, 30.864543914869842 ], [ -81.498565673766791, 30.757278442446193 ], [ -81.5287780759474, 30.721216202166033 ], [ -81.536773682059732, 30.706340789595799 ], [ -81.601348876549366, 30.724651336290208 ], [ -81.604949950879472, 30.716085434095532 ], [ -81.628158569662219, 30.731538772596309 ], [ -81.6426544188663, 30.728845596247311 ], [ -81.716941833698627, 30.745134353667538 ], [ -81.736846924246095, 30.763654708597983 ], [ -81.757881164883827, 30.769397736016742 ], [ -81.776878356550867, 30.761350632026108 ], [ -81.803367614923445, 30.787851333372373 ], [ -81.873168945190628, 30.798851013263686 ], [ -81.899307251228606, 30.828075408553332 ], [ -81.907684326370543, 30.813241958349749 ], [ -81.943969726221837, 30.824016571207835 ], [ -81.953193664156231, 30.820198058793437 ], [ -81.961715698320802, 30.795774459523727 ], [ -81.98164367661434, 30.778118133645023 ], [ -82.015701293879545, 30.791086196570745 ], [ -82.013130187907791, 30.764022827191752 ], [ -82.032043456640167, 30.757299423629547 ], [ -82.045074463115952, 30.65067672724922 ], [ -82.013816833779799, 30.598455428875013 ], [ -82.005966186690102, 30.570755004939599 ], [ -82.022674560582459, 30.477481842313239 ], [ -82.035285949686795, 30.442642211468922 ], [ -82.046264648394754, 30.433832168519814 ], [ -82.038520812885167, 30.378667831555219 ], [ -82.052932739154528, 30.363557815540787 ], [ -82.164802551596438, 30.361057281168655 ], [ -82.180397033296401, 30.368396759003303 ], [ -82.205726623984447, 30.4236202236944 ], [ -82.199348449471302, 30.489782333088272 ], [ -82.219528198367641, 30.502738953040307 ], [ -82.238555908528326, 30.531213760706521 ], [ -82.221199035307222, 30.566844939742225 ], [ -82.412246703922222, 30.577083587237837 ], [ -82.463287353428598, 30.582468032473798 ], [ -82.583106994692002, 30.58883476221456 ], [ -82.696502685950179, 30.595502852974334 ], [ -83.132575988890721, 30.621129989757264 ], [ -83.301445007081384, 30.633077621634982 ], [ -83.310729980204371, 30.634096145220951 ], [ -83.60917663549327, 30.650583267004208 ], [ -83.737960815139445, 30.660291671523453 ], [ -84.000839233144063, 30.675340652349291 ], [ -84.075668334825764, 30.678380966108762 ], [ -84.281761169342474, 30.690223693868404 ], [ -84.374542236435047, 30.693897247260225 ], [ -84.863082885966378, 30.71247291589242 ], [ -84.86466217012304, 30.714311599600705 ], [ -84.888366699363644, 30.743698120172155 ], [ -84.915420532331666, 30.753898620225186 ], [ -84.926971435483324, 30.775897980007812 ], [ -84.932640075479071, 30.802434921334623 ], [ -84.927001953077649, 30.846733093557475 ], [ -84.937850952459428, 30.89476966838555 ], [ -84.969085693150191, 30.926906585570521 ], [ -84.973640441852865, 30.963478088543013 ], [ -85.000213623160164, 30.97913360633089 ], [ -85.00167846678778, 31.001068115101475 ], [ -85.017066955175778, 31.079919815047504 ], [ -85.038139343256034, 31.126531601152521 ], [ -85.068733215365569, 31.162183761371523 ], [ -85.093437194470937, 31.172031402527239 ], [ -85.103027343537065, 31.196743011480862 ], [ -85.093673706276491, 31.226896285934913 ], [ -85.103431701212003, 31.271259308270487 ], [ -85.081298828078388, 31.302904129022409 ], [ -85.082633972379881, 31.332159042805642 ], [ -85.088012695229679, 31.367059707939234 ], [ -85.061477661364961, 31.440490722668756 ], [ -85.066383361502915, 31.475917815854586 ], [ -85.042770385944493, 31.519489288200134 ], [ -85.042793273690563, 31.554220200002305 ], [ -85.059356689459605, 31.621097564501042 ], [ -85.111274719352764, 31.684076309474165 ], [ -85.118743896513593, 31.708406448498863 ], [ -85.11535644534365, 31.731401443222069 ], [ -85.1302337644766, 31.778690337888861 ] ] ], [ [ [ -81.485237121196121, 30.903648376371507 ], [ -81.416587829664593, 30.970365523949795 ], [ -81.403236389347853, 30.93856811522636 ], [ -81.455902099402351, 30.716190338213607 ], [ -81.479644775186216, 30.73664665202142 ], [ -81.470069884917223, 30.860023498685564 ], [ -81.503486633601199, 30.881500244440758 ], [ -81.485237121196121, 30.903648376371507 ] ] ] ] } },
{ "type": "Feature", "properties": { "STATE_NAME": "South Carolina", "STATE_ABBR": "SC", "ELECT_VOTE": 9.0, "WON_12": "R", "WON_16": "T", "F2016Result": "Rep", "WON_20": "T", "F2020Result": "Rep", "Shape_Length": 16.126979757903324, "Shape_Area": 7.7943973598257772, "WON_24": "T", "F2024Result": "Rep" }, "geometry": { "type": "MultiPolygon", "coordinates": [ [ [ [ -81.759757996034637, 33.195232391062063 ], [ -81.770042419022388, 33.213733673170509 ], [ -81.77999877922025, 33.217220306072306 ], [ -81.801727294678869, 33.207778930952941 ], [ -81.810928344867193, 33.226295470959258 ], [ -81.854125976232751, 33.243354797186214 ], [ -81.836959838425742, 33.260467529652828 ], [ -81.84000396710934, 33.273162841691828 ], [ -81.82673645062664, 33.269279480064029 ], [ -81.860877990826566, 33.296947478943025 ], [ -81.840270996509219, 33.308200835999855 ], [ -81.865707397878055, 33.315525055037313 ], [ -81.877037048021293, 33.30669403090485 ], [ -81.893646240181795, 33.335094452047372 ], [ -81.912254333870351, 33.332054138287901 ], [ -81.911575316947278, 33.349353790345219 ], [ -81.936874390041055, 33.350296020844723 ], [ -81.945228576537545, 33.377006530427082 ], [ -81.925971984419505, 33.376419067186248 ], [ -81.940498352117231, 33.408023833932816 ], [ -81.913726806446903, 33.415302276578871 ], [ -81.927436828946441, 33.436004638603265 ], [ -81.916801452724826, 33.451194763527553 ], [ -81.936546325452525, 33.470882415990729 ], [ -81.981079101119576, 33.490600586048231 ], [ -81.996696472364249, 33.520355224314187 ], [ -82.020301818973735, 33.538597106871009 ], [ -82.038703918451063, 33.547370910739005 ], [ -82.065841675253068, 33.573730468886083 ], [ -82.11656189001917, 33.594642639146514 ], [ -82.139137268270304, 33.593772888607987 ], [ -82.167289733734208, 33.615081786695157 ], [ -82.192344665174119, 33.623706817515654 ], [ -82.214363097778687, 33.680603027507743 ], [ -82.235054015930075, 33.690208435371062 ], [ -82.266372680454822, 33.761466980316925 ], [ -82.30566406244651, 33.782520293776599 ], [ -82.311271667253607, 33.803787231295757 ], [ -82.351463318277467, 33.835266113640273 ], [ -82.365859985749694, 33.835884094475432 ], [ -82.3907470704209, 33.854015350528073 ], [ -82.424674987460662, 33.86013030966609 ], [ -82.456779479589272, 33.878101348798282 ], [ -82.517684936510591, 33.93090820295123 ], [ -82.576759338672503, 33.959167480894564 ], [ -82.573753356532166, 33.968784332630889 ], [ -82.596282959291102, 34.013301849500806 ], [ -82.603088379225255, 34.034519195704377 ], [ -82.660499572497258, 34.10824203504194 ], [ -82.735923767267991, 34.169685363888505 ], [ -82.74273681615108, 34.205444335687616 ], [ -82.758171081829914, 34.233264923437503 ], [ -82.764312744537506, 34.280853271661215 ], [ -82.783012390109661, 34.290409088208889 ], [ -82.808723449827312, 34.339794158673556 ], [ -82.836578369196332, 34.37094116240479 ], [ -82.844230651922999, 34.41257095348675 ], [ -82.868179321018829, 34.457439422691266 ], [ -82.905189514184713, 34.47788238516398 ], [ -82.982093811380253, 34.476394652890974 ], [ -83.008079528547341, 34.470726012895227 ], [ -83.055122375896872, 34.489959716367878 ], [ -83.079147338978487, 34.518871307664767 ], [ -83.108245849866023, 34.534915924330505 ], [ -83.137489318876931, 34.567768096620398 ], [ -83.159072876212235, 34.576732635902488 ], [ -83.165000915759606, 34.598838806365848 ], [ -83.237106323497983, 34.613224029965068 ], [ -83.299011230284009, 34.662849426260038 ], [ -83.339904785077749, 34.677597046066865 ], [ -83.350799560850987, 34.709552765148032 ], [ -83.350448608516444, 34.727287292474614 ], [ -83.323539733671737, 34.752140045526744 ], [ -83.322807312307589, 34.787151336265197 ], [ -83.302871704165796, 34.805438995213535 ], [ -83.27023315413669, 34.814987182812274 ], [ -83.267890930122292, 34.839138031195262 ], [ -83.250541686749386, 34.839618682855985 ], [ -83.250427246220397, 34.850074768435888 ], [ -83.235809325739751, 34.862293243738236 ], [ -83.243194579965859, 34.877990722993502 ], [ -83.232925414875979, 34.873729705461585 ], [ -83.219551086813169, 34.889091492078762 ], [ -83.203636169473612, 34.884078979461378 ], [ -83.182304382741052, 34.91055679306163 ], [ -83.158477783123146, 34.917560577358813 ], [ -83.155151367141855, 34.932189941712465 ], [ -83.13768768323996, 34.930385589623313 ], [ -83.125762939108313, 34.940700531104653 ], [ -83.113227843989762, 34.936035155897798 ], [ -83.12744140589615, 34.954284668302876 ], [ -83.121528625145913, 34.960803986015208 ], [ -83.115669250635392, 34.954597473194895 ], [ -83.100578308342222, 34.984073639087228 ], [ -83.106285094881173, 35.000278472673415 ], [ -83.007278442146344, 35.024204254023175 ], [ -82.887695312688493, 35.055370330576352 ], [ -82.771347045529694, 35.085422515836513 ], [ -82.697357177691572, 35.091232299930766 ], [ -82.688034058025323, 35.097801208059366 ], [ -82.686050415294403, 35.121463775832638 ], [ -82.654495238964046, 35.119457244456328 ], [ -82.570030212724078, 35.149490356894489 ], [ -82.524635314568059, 35.154560088877076 ], [ -82.466743469635389, 35.173500061178913 ], [ -82.437919617096611, 35.169559478387271 ], [ -82.389610290482494, 35.208240509392056 ], [ -82.371376037773871, 35.182723999113307 ], [ -82.360122680717097, 35.182949066146534 ], [ -82.35086059534018, 35.19267272946297 ], [ -82.320770263536815, 35.18418884274098 ], [ -82.278327942180738, 35.195007324528433 ], [ -82.210174560207747, 35.193126678453496 ], [ -81.971443176561309, 35.188282012604873 ], [ -81.870590210269938, 35.183116912915239 ], [ -81.765357970993534, 35.182472229409939 ], [ -81.362174987785409, 35.162853241084235 ], [ -81.322822570605126, 35.163757324141272 ], [ -81.049301147429958, 35.151531219889932 ], [ -81.049041747878334, 35.132011413296141 ], [ -81.028442382509922, 35.105407714394573 ], [ -81.065551757407661, 35.066482543534619 ], [ -81.03988647498079, 35.037200927980507 ], [ -80.927795410429837, 35.101249694417902 ], [ -80.894714355283213, 35.059734344764252 ], [ -80.840164184229707, 35.002017974649846 ], [ -80.785652160618667, 34.940639495916059 ], [ -80.800064086888085, 34.816112517978354 ], [ -80.561546325502491, 34.815227508642636 ], [ -80.325279236247695, 34.814762115779047 ], [ -79.919952392488881, 34.807918548402313 ], [ -79.685958862211692, 34.80525588964764 ], [ -79.667503356494649, 34.800662994401705 ], [ -79.455970763939547, 34.634090423834039 ], [ -79.447143554731213, 34.619060516729519 ], [ -79.074501037392906, 34.30457305879969 ], [ -78.655715942636618, 33.948673247872136 ], [ -78.579719543422129, 33.881992340274337 ], [ -78.62285614049847, 33.865535736085405 ], [ -78.586196899667129, 33.853359222250333 ], [ -78.855133056545299, 33.716190338513343 ], [ -79.000938415875169, 33.572460174697369 ], [ -79.121101379624918, 33.430610656956333 ], [ -79.150382995179029, 33.317089080396784 ], [ -79.158348083697092, 33.342266083113316 ], [ -79.271072387880338, 33.296871184957297 ], [ -79.202140808151739, 33.1835212709899 ], [ -79.22978973420885, 33.141338348286183 ], [ -79.348976134940642, 33.154827117777302 ], [ -79.298057555811511, 33.138793944984627 ], [ -79.288101196512969, 33.104530334407457 ], [ -79.410835266234528, 33.013698577527407 ], [ -79.582565307542893, 33.015842438078096 ], [ -79.617439270006287, 32.98079681392187 ], [ -79.587852477609715, 32.924934387212261 ], [ -79.607017516944836, 32.89907073952304 ], [ -79.752517700331566, 32.794059753255056 ], [ -79.90767669692201, 32.790531158885926 ], [ -79.800056457239691, 32.929782867085692 ], [ -79.907333374435666, 32.859214782935908 ], [ -79.930442809687861, 32.914047241287221 ], [ -79.962310790910237, 32.904235840111994 ], [ -79.948173522989634, 32.810623169024097 ], [ -79.891845703416436, 32.733852386078809 ], [ -79.896583556785686, 32.67724227920786 ], [ -79.996803283444763, 32.6056060792572 ], [ -80.210983275957403, 32.561416626076493 ], [ -80.290832519205367, 32.503883361527983 ], [ -80.347351074192659, 32.511768341136076 ], [ -80.391044616915508, 32.655220031679164 ], [ -80.416168212492948, 32.66897964459497 ], [ -80.399978637703953, 32.504772186687092 ], [ -80.480880737056339, 32.510246277243937 ], [ -80.550567626794475, 32.557655334825881 ], [ -80.539054870186078, 32.509677886825045 ], [ -80.646583557085478, 32.518692016523403 ], [ -80.643730163815974, 32.498271941796702 ], [ -80.486244202008265, 32.430839538214173 ], [ -80.442970275757602, 32.373313903513861 ], [ -80.46056365988494, 32.318489075010859 ], [ -80.62619781487723, 32.272621155042316 ], [ -80.678184508907918, 32.285465240128758 ], [ -80.742134094512835, 32.360015869436893 ], [ -80.79955291763298, 32.473117828624936 ], [ -80.78495788579778, 32.504863738570748 ], [ -80.830688476591888, 32.516094207881451 ], [ -80.867347717423172, 32.532508849703675 ], [ -80.822036743101194, 32.400516510428645 ], [ -80.78073120078426, 32.247920989961756 ], [ -80.893081664886893, 32.067962646558954 ], [ -81.105041503762322, 32.105239868225397 ], [ -81.1192779543141, 32.117408752212214 ], [ -81.114883422531875, 32.190391540337373 ], [ -81.147857666098389, 32.224246978315421 ], [ -81.148338317759112, 32.257514953952011 ], [ -81.124214172046379, 32.276447296405649 ], [ -81.13205719018714, 32.332424163644305 ], [ -81.142051696928206, 32.348274230871084 ], [ -81.157646179527546, 32.338546752630577 ], [ -81.179290771152125, 32.371589660334621 ], [ -81.178421020613598, 32.386638641160403 ], [ -81.200096130731822, 32.420127868906093 ], [ -81.195327758868928, 32.464374542351322 ], [ -81.236412048177442, 32.520431518499834 ], [ -81.268157959022574, 32.53374862629812 ], [ -81.274475097447748, 32.554634093888353 ], [ -81.299156188807046, 32.56710815471763 ], [ -81.34057617165297, 32.571182250860261 ], [ -81.351661681941039, 32.583351134847021 ], [ -81.366874694611454, 32.581802368284741 ], [ -81.366439819342133, 32.588188171746765 ], [ -81.385078430625015, 32.595706939323861 ], [ -81.412277221716352, 32.625434875818939 ], [ -81.399650573814881, 32.65064239523042 ], [ -81.407363891730199, 32.686531067254975 ], [ -81.420707702198683, 32.701396942514918 ], [ -81.407798766999463, 32.741638183955104 ], [ -81.423210144032907, 32.749645233041122 ], [ -81.416244507178249, 32.756561279479513 ], [ -81.43041229269312, 32.785987854056259 ], [ -81.421005249192831, 32.809329986189937 ], [ -81.43048095683065, 32.820140839028568 ], [ -81.42413330081115, 32.831607818346185 ], [ -81.43250274700415, 32.841518402152587 ], [ -81.455490111879101, 32.844413756889423 ], [ -81.458709717179659, 32.87123870879941 ], [ -81.483375549741766, 32.8759307857772 ], [ -81.465202331322473, 32.89756774935222 ], [ -81.47721862823704, 32.897411346456522 ], [ -81.510406494064398, 32.947063446321067 ], [ -81.510009765338339, 32.955261230821179 ], [ -81.498069763308877, 32.959518432529705 ], [ -81.49290466271998, 33.004657745158852 ], [ -81.508918761791392, 33.012638092474049 ], [ -81.529769897762549, 33.0437736514329 ], [ -81.547828674753475, 33.043529510678411 ], [ -81.560203552052258, 33.060661315967025 ], [ -81.595993042345015, 33.070636748986828 ], [ -81.611129761029588, 33.087722777883926 ], [ -81.704444885123337, 33.12278747576147 ], [ -81.740539550459857, 33.144546508814358 ], [ -81.763572692625644, 33.169685364088309 ], [ -81.759757996034637, 33.195232391062063 ] ] ], [ [ [ -80.767974853556609, 32.258445739679189 ], [ -80.719253540318618, 32.272003174207157 ], [ -80.66678619372783, 32.219909667697038 ], [ -80.819435119535115, 32.104488373139986 ], [ -80.767974853556609, 32.258445739679189 ] ] ] ] } },
{ "type": "Feature", "properties": { "STATE_NAME": "Arkansas", "STATE_ABBR": "AR", "ELECT_VOTE": 6.0, "WON_12": "R", "WON_16": "T", "F2016Result": "Rep", "WON_20": "T", "F2020Result": "Rep", "Shape_Length": 20.876942923837582, "Shape_Area": 13.517337695766102, "WON_24": "T", "F2024Result": "Rep" }, "geometry": { "type": "MultiPolygon", "coordinates": [ [ [ [ -94.461479186715053, 34.196655273022486 ], [ -94.452407836752229, 34.508327484226072 ], [ -94.445739745992455, 34.735504150696045 ], [ -94.439102172827006, 34.92905044532182 ], [ -94.428337097279154, 35.400455474640466 ], [ -94.468269347852072, 35.641002655148441 ], [ -94.485717773856152, 35.760227203322813 ], [ -94.54219818140092, 36.106754303268531 ], [ -94.552894591911866, 36.164443969813419 ], [ -94.607231139805208, 36.478713989658957 ], [ -94.617034912031556, 36.489337921108245 ], [ -94.080848694011991, 36.490951537783303 ], [ -93.857322693187712, 36.489715576112985 ], [ -93.596260071145309, 36.489891051830625 ], [ -93.328163147211455, 36.490196227773765 ], [ -93.297142028781593, 36.490615845145214 ], [ -92.852104187458224, 36.489818572768968 ], [ -92.777465820291354, 36.489917755400143 ], [ -92.522888183442888, 36.490856170975576 ], [ -92.146163940113695, 36.491596222187979 ], [ -92.127487182287609, 36.491371155154752 ], [ -91.688415527054872, 36.490955352707431 ], [ -91.452850341569956, 36.490375518415476 ], [ -91.411659240681388, 36.491039276541414 ], [ -91.133827209558035, 36.487953186390484 ], [ -90.804313659447814, 36.489204406857937 ], [ -90.581619262618858, 36.490962982555629 ], [ -90.224372863516805, 36.492752074948328 ], [ -90.150161743569583, 36.491813659372951 ], [ -90.137275696116433, 36.457416534545473 ], [ -90.117225646546331, 36.45389556912528 ], [ -90.123832703016774, 36.422565459828149 ], [ -90.116828918719591, 36.404914856335608 ], [ -90.080177306837186, 36.397388458010994 ], [ -90.052062987916543, 36.382553100345376 ], [ -90.050201416462187, 36.36260604833052 ], [ -90.067634582769756, 36.325332641588204 ], [ -90.049751281496413, 36.300472259587139 ], [ -90.066093445156355, 36.272274017731775 ], [ -90.109916687205327, 36.257995605712665 ], [ -90.131217956343562, 36.212070465479655 ], [ -90.161308288146927, 36.196941375743961 ], [ -90.219223022624362, 36.172565460327803 ], [ -90.232223510606502, 36.161148071426396 ], [ -90.234840392969716, 36.137088775826385 ], [ -90.263702392951018, 36.118762970334842 ], [ -90.284751892385884, 36.115905762141267 ], [ -90.315238952915308, 36.091655731127162 ], [ -90.37895965566355, 35.989585876886736 ], [ -90.283454894627653, 35.991157532094462 ], [ -89.963203429894349, 35.996837615963273 ], [ -89.721755981253523, 35.999877929722743 ], [ -89.713134765357097, 35.966323852763651 ], [ -89.664192200010007, 35.937820434965147 ], [ -89.645401000755555, 35.913799285908397 ], [ -89.64933776862307, 35.894287109162804 ], [ -89.66464996302534, 35.885646820444435 ], [ -89.714683532818754, 35.911426544299616 ], [ -89.737976074536164, 35.915012359832588 ], [ -89.762908935598887, 35.896812438743098 ], [ -89.766273498123383, 35.884101867906907 ], [ -89.757713318314927, 35.87141799884165 ], [ -89.701438904082124, 35.842037200656364 ], [ -89.700828552195901, 35.827514648782085 ], [ -89.735939025565528, 35.807037353790918 ], [ -89.759796142777702, 35.817420959409787 ], [ -89.790382385038981, 35.805553436441983 ], [ -89.799903869967579, 35.774223328044229 ], [ -89.827041625870322, 35.758270263262091 ], [ -89.859870910414145, 35.748191833586304 ], [ -89.909782409830314, 35.754837035700689 ], [ -89.951034545907532, 35.734268188825922 ], [ -89.95203399667156, 35.712486267127588 ], [ -89.929740905718177, 35.676265716489695 ], [ -89.893402099627167, 35.655971527064366 ], [ -89.865180969126413, 35.673305511640081 ], [ -89.857246399101996, 35.671062469357537 ], [ -89.849197387649269, 35.645221710313706 ], [ -89.863838195875985, 35.62974548316754 ], [ -89.87744140589615, 35.633335113624639 ], [ -89.957046508389624, 35.603103637722768 ], [ -89.958030700356517, 35.578594208056302 ], [ -89.921661376671182, 35.546058654683236 ], [ -89.931175231751524, 35.529232025337762 ], [ -89.947547913005735, 35.52690124519637 ], [ -89.962272644167172, 35.532291411919175 ], [ -89.989585876686817, 35.561676025028589 ], [ -90.033050537452311, 35.552413940550991 ], [ -90.040901183642688, 35.542846680130253 ], [ -90.041816711471995, 35.512439727611365 ], [ -89.999565124630749, 35.445453644070483 ], [ -90.046783447697919, 35.417102813344229 ], [ -90.060295104935108, 35.413410187130467 ], [ -90.073936462397796, 35.426506042819653 ], [ -90.074844360378904, 35.472343445193872 ], [ -90.082229614605012, 35.478206634628521 ], [ -90.10195922853552, 35.473567962991126 ], [ -90.137275696116433, 35.442523955915874 ], [ -90.172676086632066, 35.423717498763608 ], [ -90.167816161986252, 35.384254455978407 ], [ -90.140167235929141, 35.383045196978287 ], [ -90.132469176811014, 35.407600403036213 ], [ -90.112243652422592, 35.417690277484382 ], [ -90.085159301860244, 35.418281554750024 ], [ -90.075477600011197, 35.406528473210528 ], [ -90.087135314742966, 35.381507873389694 ], [ -90.105621338054277, 35.36598205582726 ], [ -90.098701476691758, 35.345592498694884 ], [ -90.10634613046949, 35.314685821693388 ], [ -90.156990051249807, 35.30624389643873 ], [ -90.169746398477457, 35.282566070767587 ], [ -90.152122497655114, 35.264057159710205 ], [ -90.105941772794552, 35.263847351474169 ], [ -90.090103149440779, 35.254398345607228 ], [ -90.068962097222993, 35.212738036930887 ], [ -90.073303222765503, 35.191833496518711 ], [ -90.062431335637598, 35.16691589335386 ], [ -90.064537048745763, 35.147384643786324 ], [ -90.082923889425899, 35.12504959136561 ], [ -90.143730163716043, 35.136535644404489 ], [ -90.164474487207769, 35.129611969017219 ], [ -90.178344726627813, 35.108646392517073 ], [ -90.169082641250839, 35.077827453374312 ], [ -90.195709228797853, 35.040897369118341 ], [ -90.291809082023462, 35.048458099062088 ], [ -90.305351257754296, 35.000694275120736 ], [ -90.299507141141589, 34.978481293077266 ], [ -90.248168945540385, 34.94976043719447 ], [ -90.241897582607294, 34.938903808863756 ], [ -90.242843628030982, 34.920730590444464 ], [ -90.266708374192092, 34.896511077923947 ], [ -90.296272277943217, 34.882690429819547 ], [ -90.299446105952995, 34.864959716517774 ], [ -90.30155181906116, 34.851776122969738 ], [ -90.322822570605126, 34.850265502950663 ], [ -90.341423034445427, 34.860576629507875 ], [ -90.403930664168797, 34.841037750092141 ], [ -90.422309875899998, 34.83226776114833 ], [ -90.433547973260318, 34.83535385129926 ], [ -90.427841186721366, 34.87264251683871 ], [ -90.438087463165857, 34.886180877645415 ], [ -90.470527648831876, 34.880924225172919 ], [ -90.474716186402816, 34.857727051162556 ], [ -90.451904297245505, 34.825218200459631 ], [ -90.46670532239267, 34.799663543637678 ], [ -90.448867797510786, 34.760749816650787 ], [ -90.451431274533661, 34.741199493361989 ], [ -90.485923767068186, 34.726833343484088 ], [ -90.504417419328377, 34.72985458352224 ], [ -90.516967773244119, 34.748371124427877 ], [ -90.498733520535495, 34.765785217014184 ], [ -90.501281737861859, 34.789833068741189 ], [ -90.51604461646582, 34.805603027058112 ], [ -90.527259826979389, 34.8073234562126 ], [ -90.547744750919492, 34.790336609047301 ], [ -90.533279419309736, 34.713253021209994 ], [ -90.513565063276985, 34.70206832919007 ], [ -90.469978332134303, 34.704254150308827 ], [ -90.466224670731947, 34.672039031676036 ], [ -90.508811951110602, 34.638065338244814 ], [ -90.538963318102617, 34.636894225787955 ], [ -90.547546386556462, 34.651805877439358 ], [ -90.539062499834472, 34.685947418538603 ], [ -90.56105804469297, 34.700286864846987 ], [ -90.579299926350473, 34.645610809391371 ], [ -90.587989807283748, 34.627815246876196 ], [ -90.577613830613757, 34.604743957267885 ], [ -90.530616760555006, 34.555648803949168 ], [ -90.537147522140401, 34.543327331990838 ], [ -90.565681457533174, 34.532508850203328 ], [ -90.580345153506016, 34.520221709864074 ], [ -90.590049744000453, 34.496505737649727 ], [ -90.574401855161454, 34.453945159941213 ], [ -90.579124450632833, 34.432998657162329 ], [ -90.603790283194996, 34.404598236019808 ], [ -90.657241820853301, 34.365909576066144 ], [ -90.65781402619632, 34.330005646143718 ], [ -90.679336547443654, 34.31797409043196 ], [ -90.689376831475556, 34.320144653652903 ], [ -90.681137084608736, 34.363399505282985 ], [ -90.687484741527555, 34.377872466740996 ], [ -90.755310058912073, 34.372165680202045 ], [ -90.761856079294603, 34.363914489462161 ], [ -90.747756957917261, 34.317718505804464 ], [ -90.758255004964496, 34.278976440510348 ], [ -90.792526245389865, 34.299957275807685 ], [ -90.806419372555979, 34.299346923921462 ], [ -90.823837280066357, 34.2773399351899 ], [ -90.831359863466901, 34.229534148881896 ], [ -90.863410949355796, 34.219161987136033 ], [ -90.928436279710525, 34.250194549438959 ], [ -90.933708190980212, 34.234676360825461 ], [ -90.92148590075368, 34.204830169776585 ], [ -90.82292175313637, 34.19054412880854 ], [ -90.807510376102925, 34.16617202741719 ], [ -90.828865051480932, 34.148658752199708 ], [ -90.84661102268052, 34.147544860906635 ], [ -90.928916931371248, 34.18564987164433 ], [ -90.953346252127801, 34.155803680595454 ], [ -90.942245483042598, 34.125942229850068 ], [ -90.906311035525846, 34.102748870763833 ], [ -90.866333007662149, 34.100952148522879 ], [ -90.886344909789727, 34.040710448828179 ], [ -90.950469971112227, 34.031288146530812 ], [ -90.973365784103635, 34.010997772029611 ], [ -90.97527313194945, 33.994606017953402 ], [ -90.961128235079968, 33.978874206179739 ], [ -90.964790344598669, 33.96746063220246 ], [ -90.986816406152172, 33.960815430088076 ], [ -91.000259399251831, 33.968372345107696 ], [ -91.009544372374876, 33.9905281068867 ], [ -91.031059265572594, 33.985698699835154 ], [ -91.0696945192866, 34.006095885916466 ], [ -91.088851928773465, 33.994468688779023 ], [ -91.075706481768691, 33.974643707141411 ], [ -91.018463134366129, 33.93630599952229 ], [ -91.061370849485058, 33.867080688622934 ], [ -91.05481720015365, 33.843524932429716 ], [ -91.028854369833255, 33.81658554089006 ], [ -90.990371704090819, 33.798896789954938 ], [ -90.984039306868453, 33.78533935542697 ], [ -90.995376586859948, 33.771549224916839 ], [ -91.018432616771804, 33.763973236175957 ], [ -91.043403625277051, 33.769554138312913 ], [ -91.066390991051378, 33.78652572668102 ], [ -91.105415344542507, 33.776439667156978 ], [ -91.136985778770622, 33.780086516979225 ], [ -91.14289093057198, 33.771820068341526 ], [ -91.138000488331841, 33.723224639505588 ], [ -91.128944397166151, 33.712440491135794 ], [ -91.104568481749993, 33.708232879843592 ], [ -91.056213378744417, 33.719356536674866 ], [ -91.038825988828307, 33.705490112179007 ], [ -91.037834167912479, 33.683216094946886 ], [ -91.083770752018552, 33.662586211984149 ], [ -91.121047973684995, 33.677528381229877 ], [ -91.163299560526241, 33.718315124443507 ], [ -91.211677551277944, 33.708965301207741 ], [ -91.215141296433671, 33.690723419550238 ], [ -91.205307006613054, 33.669944763540059 ], [ -91.154403686281057, 33.637031555162196 ], [ -91.150650023979381, 33.616161346369097 ], [ -91.168022155997676, 33.577243805357398 ], [ -91.187805176167899, 33.574680328334523 ], [ -91.226730347027853, 33.590480804245772 ], [ -91.227630615160706, 33.556350707918909 ], [ -91.213485717391904, 33.539276122894819 ], [ -91.204101562537062, 33.53850555408809 ], [ -91.18284606889091, 33.523349761682198 ], [ -91.180404663144657, 33.512012481690704 ], [ -91.207641601678517, 33.473396301698017 ], [ -91.227149963499983, 33.459453582316996 ], [ -91.232849121090055, 33.443443298169711 ], [ -91.181770325040418, 33.447387694986162 ], [ -91.171730041907892, 33.466644287104202 ], [ -91.174179077502401, 33.504367828812292 ], [ -91.164978027314078, 33.511779784809278 ], [ -91.128799438143517, 33.493190765741303 ], [ -91.118957519373964, 33.469673156990666 ], [ -91.119712829383559, 33.452831267948682 ], [ -91.130516052373878, 33.443122863429437 ], [ -91.198829651267374, 33.422111511437151 ], [ -91.204162597725656, 33.414299010890716 ], [ -91.184982299593401, 33.391830444219693 ], [ -91.137634277200107, 33.388877868319014 ], [ -91.099128722812281, 33.414897918903876 ], [ -91.085800171140932, 33.46285629228413 ], [ -91.073760986480295, 33.466205596910811 ], [ -91.060981750607255, 33.460010528862881 ], [ -91.061515808507693, 33.431797027311006 ], [ -91.078689575263638, 33.410179138356625 ], [ -91.106941223358717, 33.39340591435149 ], [ -91.130424499590958, 33.359401703326 ], [ -91.141746520785262, 33.322383880311861 ], [ -91.122505188363732, 33.268505096333172 ], [ -91.102905273759347, 33.249210357671927 ], [ -91.07632446260385, 33.292358398621275 ], [ -91.053833008186757, 33.293575286570274 ], [ -91.040428161630302, 33.281921386762633 ], [ -91.054542541804835, 33.245780945034653 ], [ -91.092002869037117, 33.225696563845418 ], [ -91.086318969344916, 33.161602020117186 ], [ -91.095855713070648, 33.145084380739604 ], [ -91.121330260982745, 33.131069183196303 ], [ -91.177627563860938, 33.150287627871762 ], [ -91.195503235286026, 33.140464782823528 ], [ -91.190536499060158, 33.11322402936554 ], [ -91.146789550996971, 33.090652466038534 ], [ -91.117790221841233, 33.065570831029106 ], [ -91.123985290788482, 33.047271728207761 ], [ -91.156684875106862, 33.040431976654475 ], [ -91.160675049214092, 33.021709442436872 ], [ -91.162132262993509, 33.013038635224859 ], [ -91.254615783991198, 33.013477325418307 ], [ -91.427528381629486, 33.013420105153784 ], [ -91.454353332640153, 33.01387405414431 ], [ -92.063308715624714, 33.010025024135587 ], [ -92.71707916247334, 33.016700744743616 ], [ -92.978828430387694, 33.018135070776964 ], [ -93.232376098877808, 33.019237518196974 ], [ -93.478897094425349, 33.021392822620726 ], [ -93.511741637766306, 33.021152495891045 ], [ -93.809753417785942, 33.022594451772591 ], [ -94.038749695142258, 33.023288726593535 ], [ -94.036506652859714, 33.270324707219515 ], [ -94.035926818567759, 33.555912017725461 ], [ -94.061431884973501, 33.577213287763072 ], [ -94.086654663182117, 33.583953857584504 ], [ -94.098701476791689, 33.572998046622615 ], [ -94.155166625539323, 33.567085265872379 ], [ -94.159515380930031, 33.593772888607987 ], [ -94.205345153456051, 33.585079192750584 ], [ -94.210884094125618, 33.557987213239358 ], [ -94.235366821121886, 33.561534881329749 ], [ -94.223037719315244, 33.585720062231132 ], [ -94.23723602332376, 33.59242248550936 ], [ -94.274543762584528, 33.561737060616906 ], [ -94.272079468192885, 33.584606170938116 ], [ -94.278984069858893, 33.589332580434302 ], [ -94.298820495369512, 33.579853057872356 ], [ -94.302383423156414, 33.556934357134935 ], [ -94.328750610252428, 33.573135375796994 ], [ -94.370758056339184, 33.547683715631024 ], [ -94.395263671980842, 33.560302734583559 ], [ -94.372306823800841, 33.572662353085207 ], [ -94.370628357013004, 33.59004211405238 ], [ -94.379112243735051, 33.59332656856634 ], [ -94.393417358424301, 33.574958801607465 ], [ -94.406570434378011, 33.573486328131594 ], [ -94.428466796605335, 33.59714126605661 ], [ -94.44332885784047, 33.596504211500189 ], [ -94.451553345010836, 33.604347228741688 ], [ -94.436332702492166, 33.616844177316977 ], [ -94.435913086020093, 33.636444091921362 ], [ -94.476486206073503, 33.631965637204473 ], [ -94.468376159432182, 33.939197540234318 ], [ -94.461479186715053, 34.196655273022486 ] ] ] ] } },
{ "type": "Feature", "properties": { "STATE_NAME": "Louisiana", "STATE_ABBR": "LA", "ELECT_VOTE": 8.0, "WON_12": "R", "WON_16": "T", "F2016Result": "Rep", "WON_20": "T", "F2020Result": "Rep", "Shape_Length": 32.570062671641153, "Shape_Area": 11.224646242617284, "WON_24": "T", "F2024Result": "Rep" }, "geometry": { "type": "MultiPolygon", "coordinates": [ [ [ [ -93.70735931388117, 30.23937225352671 ], [ -93.699211120696646, 30.297388077198036 ], [ -93.729774475211798, 30.304916382085423 ], [ -93.759178162042531, 30.340871810785472 ], [ -93.75933837896298, 30.354145049654392 ], [ -93.747833252202781, 30.367410659574318 ], [ -93.754943848080075, 30.381788254224602 ], [ -93.742561340033774, 30.408823013471363 ], [ -93.721534729244297, 30.432979583341137 ], [ -93.696571349687986, 30.442632675057951 ], [ -93.703422546013655, 30.462512970397313 ], [ -93.697975159026328, 30.470046996771543 ], [ -93.714851379687389, 30.488628387789902 ], [ -93.707275390946506, 30.496240615611953 ], [ -93.714637756527225, 30.505113602111123 ], [ -93.705459594984291, 30.522857665848676 ], [ -93.735305786033166, 30.545516967933793 ], [ -93.717880248674476, 30.56815338137352 ], [ -93.717811584536946, 30.587379455897235 ], [ -93.693420410323654, 30.598834991341846 ], [ -93.671585083284924, 30.597831725653691 ], [ -93.692695617908385, 30.61579513583689 ], [ -93.684585571267064, 30.623424529918168 ], [ -93.69287872347428, 30.640041351027605 ], [ -93.677970885847685, 30.639692306155041 ], [ -93.659988403741806, 30.672859191698365 ], [ -93.61760711667506, 30.686801910180066 ], [ -93.612411499391158, 30.710329055341674 ], [ -93.617790222240899, 30.732547759771364 ], [ -93.607650756477199, 30.732009887846118 ], [ -93.618453979467517, 30.745788574483186 ], [ -93.58517456085724, 30.772184371711433 ], [ -93.581871032622018, 30.802040100070599 ], [ -93.550682067423452, 30.828344345415246 ], [ -93.55564117470044, 30.842342376699378 ], [ -93.566444396791439, 30.84514808611533 ], [ -93.552803039328751, 30.860282898237188 ], [ -93.560844421832542, 30.871879577780362 ], [ -93.568496703659889, 30.8862342837852 ], [ -93.564476012857654, 30.901931763040466 ], [ -93.546516418497902, 30.905334473007599 ], [ -93.549621582370094, 30.92488479629634 ], [ -93.529983520323185, 30.926971435683242 ], [ -93.525619507034605, 30.935819626074931 ], [ -93.532188415163205, 30.9607315059543 ], [ -93.537338256954968, 30.956884384306932 ], [ -93.548675536946462, 30.970190048232212 ], [ -93.572456360172851, 30.976177215506141 ], [ -93.560951232513332, 30.991689681733476 ], [ -93.5708465575226, 30.997270583870375 ], [ -93.567893981621921, 31.012924194196273 ], [ -93.564941406620562, 31.018062591215653 ], [ -93.54711914053587, 31.014141083044592 ], [ -93.507217407557278, 31.038908004800646 ], [ -93.52574157741185, 31.056980133126672 ], [ -93.516998291138179, 31.074670791523886 ], [ -93.544105529446597, 31.08237266556614 ], [ -93.543121337479704, 31.094751357788994 ], [ -93.55998230024295, 31.100536346675085 ], [ -93.556678772007672, 31.109342574700122 ], [ -93.535087585723488, 31.11607170064849 ], [ -93.528091430375184, 31.125925064190426 ], [ -93.537506103723672, 31.13244056697863 ], [ -93.54418945328058, 31.159166336257442 ], [ -93.528327942180738, 31.162942886305188 ], [ -93.537017822214693, 31.176340103013388 ], [ -93.526931762690651, 31.178075790065691 ], [ -93.528923034370507, 31.185773849183818 ], [ -93.550590515539795, 31.190929412462481 ], [ -93.576942443838675, 31.172140121569385 ], [ -93.593940734876981, 31.180198669433082 ], [ -93.602920532056885, 31.199066161773999 ], [ -93.590545653858783, 31.229686737453051 ], [ -93.61100006110388, 31.242187500053149 ], [ -93.611877441490719, 31.270032883011197 ], [ -93.616455077939463, 31.275804519662927 ], [ -93.63082885766562, 31.273902893303955 ], [ -93.64559173626958, 31.290262222323747 ], [ -93.65612792986002, 31.286670684404612 ], [ -93.681587218974926, 31.312679291116467 ], [ -93.677040100120507, 31.328386306782704 ], [ -93.634857177416791, 31.373826980430863 ], [ -93.661071777440554, 31.372394561859608 ], [ -93.664016723492978, 31.398328781148393 ], [ -93.687492370776226, 31.406129836922503 ], [ -93.694442748833751, 31.415922165275731 ], [ -93.696128845469786, 31.427736282003877 ], [ -93.687004089267248, 31.43813133239513 ], [ -93.701927184791714, 31.446250915447422 ], [ -93.698417663244527, 31.461458205731674 ], [ -93.726783752767915, 31.459474563900073 ], [ -93.751243591118794, 31.485500335971778 ], [ -93.75043487576886, 31.49055671661921 ], [ -93.718994140866869, 31.495403289929925 ], [ -93.705795288521699, 31.520568847874074 ], [ -93.7316589353116, 31.521877288606049 ], [ -93.747543335056832, 31.537717819421857 ], [ -93.76330566442482, 31.530723571535646 ], [ -93.780128478846166, 31.533735275162883 ], [ -93.810516357643735, 31.559062957489573 ], [ -93.816322326813918, 31.577110290607493 ], [ -93.832618713183024, 31.59018325765129 ], [ -93.835578918032581, 31.615188598674933 ], [ -93.819587707606559, 31.618091583260025 ], [ -93.814727782960802, 31.647966384441133 ], [ -93.80642700180465, 31.653766632124416 ], [ -93.811843872096972, 31.67456626931795 ], [ -93.792266846137977, 31.711395263480654 ], [ -93.808769225819105, 31.707565307193249 ], [ -93.814949035969221, 31.712350845315314 ], [ -93.809989929591552, 31.730352402041774 ], [ -93.831161499403663, 31.753280640089542 ], [ -93.822067260795393, 31.774637222030208 ], [ -93.834327697565129, 31.802017212124667 ], [ -93.864822387942809, 31.817272186262414 ], [ -93.877403259452819, 31.850112914679301 ], [ -93.881263733334606, 31.871419906203755 ], [ -93.892524719340315, 31.87006568908032 ], [ -93.899261474237619, 31.894454955831577 ], [ -93.923461913936137, 31.892593383477902 ], [ -93.91792297326657, 31.909702301020445 ], [ -93.935729980554129, 31.909456252803864 ], [ -93.969985962182363, 31.923164367841366 ], [ -93.977210998588703, 31.946159362564572 ], [ -94.004394530882848, 31.977941513390192 ], [ -94.009887695160955, 31.989133835258315 ], [ -94.035064696978168, 31.994512558108113 ], [ -94.034767150883283, 32.199447631503062 ], [ -94.035232543746872, 32.389225005929347 ], [ -94.04019927997274, 32.694812774689865 ], [ -94.041603088411762, 32.882347106833549 ], [ -94.038749695142258, 33.023288726593535 ], [ -93.809753417785942, 33.022594451772591 ], [ -93.511741637766306, 33.021152495891045 ], [ -93.478897094425349, 33.021392822620726 ], [ -93.232376098877808, 33.019237518196974 ], [ -92.978828430387694, 33.018135070776964 ], [ -92.71707916247334, 33.016700744743616 ], [ -92.063308715624714, 33.010025024135587 ], [ -91.454353332640153, 33.01387405414431 ], [ -91.427528381629486, 33.013420105153784 ], [ -91.254615783991198, 33.013477325418307 ], [ -91.162132262993509, 33.013038635224859 ], [ -91.16186523449295, 33.000293731870272 ], [ -91.209159850646529, 32.935852050731626 ], [ -91.19831085216407, 32.914161681816211 ], [ -91.169700622785456, 32.905021667715857 ], [ -91.137176513285397, 32.917785644791707 ], [ -91.12993621808198, 32.937465667406684 ], [ -91.132354736082164, 32.97522354163317 ], [ -91.111816405902346, 32.987350464152655 ], [ -91.092674255212671, 32.987621307577342 ], [ -91.075592041239702, 32.953712463359523 ], [ -91.079528808207897, 32.87716293342271 ], [ -91.142150878460257, 32.841213226209447 ], [ -91.156341552620518, 32.762680053541715 ], [ -91.136466979667318, 32.751125335465929 ], [ -91.097709655576125, 32.749397278261824 ], [ -91.05902862547066, 32.723518371775469 ], [ -91.139556884742376, 32.663173675424844 ], [ -91.146263122944731, 32.644851684857429 ], [ -91.110992431755278, 32.597526550210148 ], [ -91.063812256130689, 32.606388091936935 ], [ -91.047630310290572, 32.614353179555621 ], [ -91.027465820191424, 32.641502380230691 ], [ -91.007881164384173, 32.642673492687607 ], [ -90.996131896869485, 32.625976562668257 ], [ -90.99865722644978, 32.615467071748014 ], [ -91.032325744837237, 32.582672118823268 ], [ -91.058868408550154, 32.57638931291649 ], [ -91.073265076022381, 32.561611175515395 ], [ -91.063087463715419, 32.542160033958453 ], [ -90.995071410916864, 32.511642455834703 ], [ -90.992050170878656, 32.495281219352819 ], [ -91.019683838138576, 32.490814209408313 ], [ -91.037200927380866, 32.496955871216528 ], [ -91.088783263736616, 32.548637390203453 ], [ -91.1187438962138, 32.524066925348393 ], [ -91.117683410261122, 32.498569488790906 ], [ -91.058509826367356, 32.446998596308219 ], [ -91.026908874544915, 32.442417144935348 ], [ -90.987449645784466, 32.452964782398851 ], [ -90.965484619419612, 32.440036773478369 ], [ -90.969985961882571, 32.419017791637827 ], [ -91.00920867883741, 32.397083282867243 ], [ -90.998863220661065, 32.366233826130212 ], [ -90.984565734920693, 32.356395721385468 ], [ -90.914924621574016, 32.345897674338232 ], [ -90.885154724510869, 32.381355286017708 ], [ -90.875350952284577, 32.379650115660354 ], [ -90.916374206404441, 32.305316925335887 ], [ -90.929244995060458, 32.297405243057597 ], [ -90.971656799721472, 32.303699493736701 ], [ -90.980766296227557, 32.297653197836837 ], [ -90.983818053860034, 32.287132263043532 ], [ -90.971015930240924, 32.269065857103669 ], [ -90.977218628137166, 32.223403930447091 ], [ -91.041648864503429, 32.249439239829087 ], [ -91.062461853032062, 32.232742309809794 ], [ -91.087913513198032, 32.232387542551123 ], [ -91.100570678693828, 32.214885712105968 ], [ -91.115951538132947, 32.225605011262303 ], [ -91.15726470939876, 32.205863952559412 ], [ -91.166847228616689, 32.171989440860045 ], [ -91.156539916983547, 32.14478301992051 ], [ -91.108711242929473, 32.134990692466545 ], [ -91.083007812160758, 32.148578643689518 ], [ -91.054046630447601, 32.134391784453328 ], [ -91.045310974022186, 32.158672333061759 ], [ -91.054473876767986, 32.184532165826852 ], [ -91.02441406255889, 32.169898986549015 ], [ -91.003829955987669, 32.169261931992594 ], [ -91.011283874351307, 32.134059905840047 ], [ -91.041084289908042, 32.107669830098644 ], [ -91.07381439182069, 32.093994141016822 ], [ -91.065010070358426, 32.058551788134594 ], [ -91.089302062839863, 32.056842803752431 ], [ -91.12561798118486, 32.088245392111219 ], [ -91.145584106021658, 32.085674286139465 ], [ -91.143013000049848, 32.066104889129406 ], [ -91.086883544839679, 32.043655395280325 ], [ -91.073135375796937, 32.031993865624429 ], [ -91.072380065787343, 32.021057129283122 ], [ -91.108001709311395, 31.99182701070805 ], [ -91.163032532025682, 31.988290786490666 ], [ -91.201431274833453, 31.91428947477948 ], [ -91.244369506647388, 31.878511429259106 ], [ -91.264579773137996, 31.86542510998089 ], [ -91.241271972623395, 31.83522605913538 ], [ -91.250617980935033, 31.81865882844221 ], [ -91.276687621936162, 31.827371597121555 ], [ -91.29253387423887, 31.861331940116997 ], [ -91.303359984975316, 31.862983703335317 ], [ -91.334732055739721, 31.843317032055438 ], [ -91.347122192734957, 31.795669556105167 ], [ -91.367019653434227, 31.770704269086821 ], [ -91.336143494026999, 31.763458252396504 ], [ -91.262573241761686, 31.773763656567553 ], [ -91.263877868468796, 31.759599685976752 ], [ -91.282508849903479, 31.749723434688804 ], [ -91.3397979736975, 31.758378982204306 ], [ -91.370384215958779, 31.753311156784491 ], [ -91.364959716717522, 31.75157737719428 ], [ -91.387832641962802, 31.716518401702956 ], [ -91.38906860363312, 31.654439925762006 ], [ -91.40828704830858, 31.625364303519859 ], [ -91.457260132149315, 31.626800537015242 ], [ -91.497650146636943, 31.650730133289073 ], [ -91.507690429769468, 31.643705367808536 ], [ -91.508758544671082, 31.621780395448923 ], [ -91.497032165801784, 31.604192733707748 ], [ -91.41526794396043, 31.60242652906112 ], [ -91.404136657280844, 31.58618736295648 ], [ -91.423461914435791, 31.562580108884958 ], [ -91.464355468330155, 31.542699813545596 ], [ -91.50283813497191, 31.534713744743556 ], [ -91.506362915316231, 31.525520324403487 ], [ -91.507781982552444, 31.452915191283125 ], [ -91.47317504858961, 31.420206069654455 ], [ -91.465805054059956, 31.403900146874321 ], [ -91.480720519736167, 31.377611160326865 ], [ -91.494590759156154, 31.375080108360351 ], [ -91.522895812591628, 31.391921997402335 ], [ -91.534049987916546, 31.409069061488026 ], [ -91.534683227548896, 31.434165954395326 ], [ -91.552352905662019, 31.432929992725008 ], [ -91.567611694723894, 31.421236038012808 ], [ -91.559257507328084, 31.388059616058513 ], [ -91.534454345591541, 31.382579803115448 ], [ -91.544288635412158, 31.368703842208618 ], [ -91.542671203812972, 31.346815108930173 ], [ -91.505638122901019, 31.323286056306529 ], [ -91.502357483311187, 31.298686981319179 ], [ -91.516960144095322, 31.282897949280994 ], [ -91.55680084188532, 31.270296096587629 ], [ -91.634094237958664, 31.277519226431195 ], [ -91.643562316647547, 31.270942687555021 ], [ -91.636878967090638, 31.240928649737441 ], [ -91.600845336942712, 31.213754653854267 ], [ -91.591369629304893, 31.178306579485081 ], [ -91.619995117480642, 31.12751770058145 ], [ -91.564857483186245, 31.081958770580854 ], [ -91.551963805884895, 31.057983398814827 ], [ -91.572669982833418, 31.032470703460262 ], [ -91.627655029156244, 31.011781692770967 ], [ -91.632179260264593, 31.001186370554592 ], [ -91.17910003643749, 31.000284194959704 ], [ -91.056907653565304, 31.00024032603028 ], [ -90.829612731642214, 31.001367568658395 ], [ -90.560157775660798, 31.001527786478221 ], [ -90.542556762584468, 31.002151489699543 ], [ -90.343566894096853, 31.005210876280955 ], [ -90.259284973422723, 31.007190704087748 ], [ -89.833480834672741, 31.007001877035066 ], [ -89.732643127178562, 31.007261276586689 ], [ -89.723548889469612, 31.001340865988254 ], [ -89.726707458682256, 30.984432220270776 ], [ -89.719749450776476, 30.975309371530329 ], [ -89.739448547112715, 30.965215683057352 ], [ -89.748466491735144, 30.949663161925457 ], [ -89.740402221485283, 30.92592430106572 ], [ -89.757980346815543, 30.920858383107941 ], [ -89.745681762603226, 30.909921645867314 ], [ -89.746726989758713, 30.902608871602183 ], [ -89.76323699928804, 30.900285720409727 ], [ -89.765777587665525, 30.861898422374338 ], [ -89.784950255949525, 30.861392974606133 ], [ -89.774726867251104, 30.830345153506073 ], [ -89.796020507440403, 30.828918457320981 ], [ -89.796493530152247, 30.812465668056177 ], [ -89.810859680030148, 30.811511993683609 ], [ -89.824615478921203, 30.789537430008465 ], [ -89.813278198030389, 30.747980117988106 ], [ -89.825492859307985, 30.742460251039802 ], [ -89.82332611101117, 30.732866287049546 ], [ -89.835540771389446, 30.729173659936521 ], [ -89.843978881719977, 30.712236404086809 ], [ -89.830650329149307, 30.70359230044437 ], [ -89.841270446573787, 30.700361252170126 ], [ -89.841712951691306, 30.679330825557201 ], [ -89.835319519280347, 30.675693512145926 ], [ -89.845375061210063, 30.666063309074502 ], [ -89.82945251492157, 30.67068481445267 ], [ -89.819282531563545, 30.651056289716053 ], [ -89.805465698383216, 30.649267196424034 ], [ -89.820236205936112, 30.624080658195851 ], [ -89.790779113765041, 30.553752898977166 ], [ -89.772727966622313, 30.55105590860336 ], [ -89.755111694748905, 30.515430450155179 ], [ -89.732254028300702, 30.497646331513067 ], [ -89.718994140766938, 30.495845794347986 ], [ -89.713119506559963, 30.481224059842532 ], [ -89.695617676114807, 30.478054046756881 ], [ -89.69453430151674, 30.467994689903094 ], [ -89.683387756040077, 30.462526321732412 ], [ -89.67539978067532, 30.445159912100337 ], [ -89.675308227892344, 30.399881362834662 ], [ -89.654609679892758, 30.378871917405093 ], [ -89.646629333476938, 30.355096817464187 ], [ -89.633392333689187, 30.355113982824093 ], [ -89.620140076003679, 30.343235015983225 ], [ -89.618530273353372, 30.323566436341991 ], [ -89.637023925613619, 30.311649322957919 ], [ -89.639114379924649, 30.295635222987187 ], [ -89.625885009985211, 30.290161132430342 ], [ -89.621604919631295, 30.256769179853791 ], [ -89.606254577786501, 30.247632980677565 ], [ -89.609947204899527, 30.241224288570095 ], [ -89.573829650917617, 30.194738387766449 ], [ -89.728500365999082, 30.180816650468103 ], [ -89.75915527329721, 30.230897903215691 ], [ -89.943466186115586, 30.269657134769034 ], [ -90.075485229859453, 30.368783950419015 ], [ -90.239669800021204, 30.380756378404215 ], [ -90.308944702236204, 30.30364990192146 ], [ -90.424446105703169, 30.185678481676632 ], [ -90.395484923990011, 30.091878890998089 ], [ -90.27590179453216, 30.06185150184541 ], [ -90.111473083615863, 30.04140853847332 ], [ -89.990478515870791, 30.053462981931148 ], [ -89.891159057344566, 30.155893325816407 ], [ -89.79820251453441, 30.105173111050306 ], [ -89.740028381404613, 30.15873146028872 ], [ -89.72486877407465, 30.120897292975769 ], [ -89.66914367653942, 30.163185119797504 ], [ -89.64933776862307, 30.122228622353077 ], [ -89.716781616078663, 30.055027008189938 ], [ -89.848899841554385, 30.01048469521254 ], [ -89.820785522633741, 29.951087951747638 ], [ -89.714958191167568, 29.969202041541052 ], [ -89.712142944441268, 29.897323608297938 ], [ -89.627357482561706, 29.87547492992411 ], [ -89.585807800389659, 29.897953033006104 ], [ -89.574325561375531, 30.008758544571208 ], [ -89.435806274539914, 30.044204711478301 ], [ -89.453575134384891, 29.985530852966519 ], [ -89.377746581939164, 29.951084136823511 ], [ -89.430999756133815, 29.940074920521226 ], [ -89.402153014949647, 29.845741271942188 ], [ -89.421104431124547, 29.827894210649333 ], [ -89.363990783947486, 29.796569824637743 ], [ -89.417373657468261, 29.782732010274117 ], [ -89.482185363763506, 29.830743789894029 ], [ -89.540443420727229, 29.754524231108405 ], [ -89.650527953901928, 29.766693115095222 ], [ -89.592819213635778, 29.710655212667973 ], [ -89.611778259658934, 29.697538375795432 ], [ -89.511886596689067, 29.664405822770561 ], [ -89.479133606130972, 29.635961532698616 ], [ -89.597892761441756, 29.664947509619935 ], [ -89.676643371294517, 29.702751159338561 ], [ -89.695266723780264, 29.693868637327796 ], [ -89.635200500702524, 29.626319884854865 ], [ -89.728256225244536, 29.645963668388617 ], [ -89.748481750532335, 29.637165069312573 ], [ -89.723144530895354, 29.605813979731408 ], [ -89.771713257061151, 29.610033034896674 ], [ -89.544570923109575, 29.471469879131689 ], [ -89.537017822114763, 29.401235580157959 ], [ -89.384468078938653, 29.397722244585964 ], [ -89.337005615116993, 29.340675354084397 ], [ -89.264724731660976, 29.350446701254327 ], [ -89.262504578023822, 29.297590255785735 ], [ -89.193351745286805, 29.348831177117177 ], [ -89.129890442090186, 29.290668487860501 ], [ -89.120178222646814, 29.211662292480867 ], [ -89.033218383521557, 29.22319221534849 ], [ -89.098228454179775, 29.163219451616442 ], [ -89.021759033152819, 29.146894455115046 ], [ -89.057708740366024, 29.085052490080386 ], [ -89.126495361072045, 29.135084152411764 ], [ -89.111358642387415, 29.0827903749759 ], [ -89.153976440360395, 29.056989669937366 ], [ -89.144348144751064, 29.016448974940317 ], [ -89.241111755203292, 29.120943069567033 ], [ -89.257446289014979, 29.059234618782682 ], [ -89.394844055608644, 28.939418792443348 ], [ -89.263236999387971, 29.147987366124084 ], [ -89.319038390908986, 29.179964065489287 ], [ -89.339683532668857, 29.104267120731095 ], [ -89.388610840118133, 29.10014915475972 ], [ -89.393081664986823, 29.146038055012298 ], [ -89.46701812748455, 29.216096878268388 ], [ -89.4590606688148, 29.255514144662072 ], [ -89.493141174725395, 29.234771728632438 ], [ -89.619529724117456, 29.279352188152984 ], [ -89.610656738517605, 29.331537246546759 ], [ -89.794876098553061, 29.322317123536493 ], [ -89.753639221273033, 29.374067306660947 ], [ -89.821678161817658, 29.420692444101064 ], [ -89.817459106652393, 29.477407455090031 ], [ -89.966667175050077, 29.472459793484745 ], [ -89.971855163385044, 29.50332450901891 ], [ -90.006622314268327, 29.493719101155648 ], [ -90.113006591381065, 29.553632736261818 ], [ -90.137214660927839, 29.533594131464042 ], [ -90.151718139980119, 29.595092773113038 ], [ -90.208068847299444, 29.544513702445443 ], [ -90.174057006425642, 29.495723724170603 ], [ -90.036010742301869, 29.446937560819833 ], [ -90.055252075622775, 29.428062438630661 ], [ -90.029869079594334, 29.373985290288942 ], [ -90.055870056457877, 29.351207732750709 ], [ -90.032928467075067, 29.308647155941571 ], [ -90.111564636398839, 29.321500778338304 ], [ -90.077804565228462, 29.214345932418894 ], [ -90.043037414345179, 29.223447799976043 ], [ -90.077728271242677, 29.176212310649646 ], [ -90.227684020700963, 29.098443985301742 ], [ -90.263877868668658, 29.184421539022878 ], [ -90.242835998182727, 29.254514693898045 ], [ -90.278739929004473, 29.274932861162654 ], [ -90.284019470122416, 29.245307922222878 ], [ -90.347564697153018, 29.312726974470365 ], [ -90.39634704557966, 29.272121429360539 ], [ -90.40674591089504, 29.325767517357065 ], [ -90.450431823769634, 29.352218628287119 ], [ -90.476387024241717, 29.303716659696136 ], [ -90.611007690652343, 29.30481147726789 ], [ -90.583045959703213, 29.260702132997096 ], [ -90.621177673111106, 29.222738266357965 ], [ -90.649963379106623, 29.254066467293683 ], [ -90.638031006026097, 29.162342071229659 ], [ -90.68376922576914, 29.181692123592654 ], [ -90.676704407182626, 29.140047073713561 ], [ -90.782806396098238, 29.126712798756728 ], [ -90.772598266197008, 29.160396575941263 ], [ -90.839286804542382, 29.182113647526876 ], [ -90.882545471096591, 29.137184143133766 ], [ -90.920318603220949, 29.181684493744456 ], [ -90.81420135460877, 29.220781326297242 ], [ -90.818458557216616, 29.256578445538878 ], [ -90.897254943460837, 29.267442702818528 ], [ -90.936431884923536, 29.343297957934453 ], [ -91.0782852175887, 29.359800338514844 ], [ -91.102088928561159, 29.313915252287131 ], [ -91.213630676414539, 29.405706405925969 ], [ -91.262619018153146, 29.489372253226975 ], [ -91.432914734327483, 29.552368164459267 ], [ -91.547752380567886, 29.531471252096651 ], [ -91.548377990351923, 29.641918182378276 ], [ -91.643432617321423, 29.643753052061754 ], [ -91.615653991938132, 29.76893043499166 ], [ -91.863136291706439, 29.725629806070742 ], [ -91.881057739523044, 29.76574707057091 ], [ -91.846511840748803, 29.808189391926931 ], [ -91.823814392120482, 29.786684036039503 ], [ -91.827384948856263, 29.838834762814088 ], [ -91.966964721644558, 29.841680527134656 ], [ -91.973205566083948, 29.805849075374567 ], [ -92.137023926013342, 29.730529784721853 ], [ -92.129974365324642, 29.773315429463537 ], [ -92.199569702279916, 29.762908935199277 ], [ -92.059631347308766, 29.606800079160394 ], [ -92.297241210713253, 29.541351318308728 ], [ -92.607284545545326, 29.588403702069229 ], [ -93.233505248968015, 29.788772582888441 ], [ -93.721832275339182, 29.758573532042931 ], [ -93.801658629941755, 29.725645064867876 ], [ -93.899734496949463, 29.809764862058785 ], [ -93.79129028312002, 29.850303649593798 ], [ -93.760200500552628, 30.005964279028319 ], [ -93.712478638078665, 30.060520172468046 ], [ -93.715858459400351, 30.095668792380934 ], [ -93.708381652391324, 30.114740371471044 ], [ -93.696922302022585, 30.117929458277956 ], [ -93.698638916252946, 30.141225814919494 ], [ -93.685958862111761, 30.141252517589692 ], [ -93.683143615385518, 30.148231506678769 ], [ -93.699661254763043, 30.150808334137366 ], [ -93.696166992013048, 30.175676345986631 ], [ -93.704360961589089, 30.180860519397527 ], [ -93.714843749839133, 30.220306396822821 ], [ -93.70735931388117, 30.23937225352671 ] ] ], [ [ [ -92.016242980529114, 29.596263885569897 ], [ -91.902427673698128, 29.650718688916413 ], [ -91.769729613930508, 29.578401565479908 ], [ -91.701499938871052, 29.577053069843373 ], [ -91.764846801538624, 29.534038544043597 ], [ -91.757995605212955, 29.49429702798551 ], [ -91.848968506191568, 29.486865997367943 ], [ -92.016242980529114, 29.596263885569897 ] ] ], [ [ [ -91.341209411984721, 29.34169197110765 ], [ -91.300384521328567, 29.316238403479588 ], [ -91.22644805883084, 29.381181716562992 ], [ -91.18917083716434, 29.297391891422706 ], [ -91.161460876817955, 29.323501587328451 ], [ -91.171119690021612, 29.28345680278926 ], [ -91.187919616696888, 29.284538269025973 ], [ -91.200355530083584, 29.307765960630604 ], [ -91.194953918588453, 29.273452758737903 ], [ -91.152488708586986, 29.26631355272832 ], [ -91.163558960077921, 29.245046615209162 ], [ -91.134590148516509, 29.259704589695104 ], [ -91.128204345953748, 29.226778029982142 ], [ -91.276054382303869, 29.253807067742059 ], [ -91.341209411984721, 29.34169197110765 ] ] ], [ [ [ -90.934478759786884, 29.258872985699782 ], [ -90.970748901740365, 29.241874694661476 ], [ -90.95352935769364, 29.27283668536478 ], [ -90.981285095330861, 29.276128768827675 ], [ -90.980285644566834, 29.219730376755535 ], [ -90.944885254051201, 29.226169586457274 ], [ -90.961929321480966, 29.185575485220511 ], [ -91.003143310115661, 29.184093475333668 ], [ -90.99446868887884, 29.224580764990378 ], [ -91.044349670700683, 29.211036681797452 ], [ -91.03300476086099, 29.275409698798626 ], [ -91.067588806178435, 29.252899169760951 ], [ -91.055458068734822, 29.190692901955913 ], [ -91.122459411972272, 29.226863861278218 ], [ -91.127410888501686, 29.293294906634685 ], [ -91.00727081339727, 29.297325133847892 ], [ -90.998855590812809, 29.323581695339044 ], [ -90.934478759786884, 29.258872985699782 ] ] ] ] } },
{ "type": "Feature", "properties": { "STATE_NAME": "Florida", "STATE_ABBR": "FL", "ELECT_VOTE": 30.0, "WON_12": "O", "WON_16": "T", "F2016Result": "Rep Pickup", "WON_20": "T", "F2020Result": "Rep", "Shape_Length": 41.085001027557276, "Shape_Area": 13.347713437136647, "WON_24": "T", "F2024Result": "Rep" }, "geometry": { "type": "MultiPolygon", "coordinates": [ [ [ [ -80.785888671524958, 28.784925460541615 ], [ -80.762641907098271, 28.736064910667153 ], [ -80.832328795937144, 28.785917282356763 ], [ -80.850929260676821, 28.78543090830982 ], [ -80.747413635630721, 28.398710250777526 ], [ -80.492469787650521, 27.869876861927708 ], [ -80.509582519217872, 27.825405120549931 ], [ -80.482078552183395, 27.845418930139544 ], [ -80.401603699151337, 27.703277587790467 ], [ -80.357604980485405, 27.555349349992582 ], [ -80.239868163684775, 27.264324188010903 ], [ -80.19032287629966, 27.185358047535942 ], [ -80.224220275745097, 27.214740753183264 ], [ -80.289863586035608, 27.241014480933586 ], [ -80.327018738224126, 27.247938156320913 ], [ -80.290649413639471, 27.212528228494989 ], [ -80.221504211650029, 27.202516555494697 ], [ -80.148200988784595, 27.108739852562223 ], [ -80.090599060098498, 26.973709106090439 ], [ -80.114845276188532, 26.973503112778474 ], [ -80.05114746118636, 26.796857834021864 ], [ -80.084930420102751, 26.32602119422279 ], [ -80.128013610939377, 25.977167129959128 ], [ -80.193328857540678, 25.759654999078975 ], [ -80.301681518587202, 25.613368988088382 ], [ -80.330215453979974, 25.48962783775454 ], [ -80.302200317690449, 25.400810242099055 ], [ -80.417037963930852, 25.249505997004235 ], [ -80.421028137138762, 25.191820144484154 ], [ -80.552093505610742, 25.211919784470524 ], [ -80.694038391058882, 25.151897430322208 ], [ -80.857009887296442, 25.1852302551722 ], [ -80.976081848398564, 25.130098343263967 ], [ -81.119216919125506, 25.133785247990829 ], [ -81.148429870542031, 25.164287567317444 ], [ -81.183982849029235, 25.268480300925205 ], [ -81.140769958866485, 25.320367813224038 ], [ -81.011764526211891, 25.214029312502817 ], [ -80.951232910270562, 25.20213699342753 ], [ -80.915481567420386, 25.246326446608293 ], [ -80.974487304545448, 25.322063446271102 ], [ -81.143524169504758, 25.396432876576057 ], [ -81.258575439804645, 25.680715561274212 ], [ -81.200149536072217, 25.710039139194976 ], [ -81.256408691507886, 25.80272293111841 ], [ -81.53093719439596, 25.914281845231017 ], [ -81.718482971312028, 25.923204422146398 ], [ -81.705886841004883, 25.999797821012692 ], [ -81.794906615947525, 26.110792159630535 ], [ -81.814048767536576, 26.284103393456917 ], [ -81.849540710835072, 26.331834793241171 ], [ -81.864402771170887, 26.43919563337181 ], [ -81.942207336499337, 26.467205047275172 ], [ -81.968307495094791, 26.517026901370457 ], [ -81.928962707762707, 26.534626006984695 ], [ -81.884468078638861, 26.642637253006853 ], [ -81.774108887115403, 26.709918976079905 ], [ -81.897293090903361, 26.663417816479125 ], [ -81.944641113296711, 26.550365447707293 ], [ -82.021659851021298, 26.524324416838397 ], [ -82.083847046004337, 26.715442657053018 ], [ -82.068458556716962, 26.766624450657901 ], [ -82.051956177035891, 26.866367339681005 ], [ -82.098060607910668, 26.921445846248844 ], [ -81.991630554406527, 26.962718963509417 ], [ -81.979385375534605, 27.031345367294932 ], [ -81.993041991794428, 27.031341552370804 ], [ -82.012878418204423, 26.976213455386699 ], [ -82.153396606568094, 26.936725616494073 ], [ -82.257644652978342, 27.004072189679846 ], [ -82.282363891780165, 27.02422142008254 ], [ -82.257766723355587, 26.997570038226741 ], [ -82.176681518437306, 26.91335296586675 ], [ -82.154014587403253, 26.789783478125059 ], [ -82.290023803455711, 26.849542617797624 ], [ -82.355613708405883, 26.948556900380709 ], [ -82.398353576756108, 26.998178481751609 ], [ -82.368850708193577, 26.947599411084013 ], [ -82.3438110355508, 26.903291702450133 ], [ -82.380218505779396, 26.946956634141429 ], [ -82.50711059547757, 27.236663818080785 ], [ -82.531311035176088, 27.259950637412032 ], [ -82.514663696472383, 27.21012496929194 ], [ -82.570137024304188, 27.273954391082327 ], [ -82.532920837826339, 27.331478119219867 ], [ -82.565742492521963, 27.386360168886711 ], [ -82.686103820634798, 27.473527907886705 ], [ -82.639068603133467, 27.50314331041551 ], [ -82.6660079955725, 27.493270874051632 ], [ -82.681884765469533, 27.524114608402499 ], [ -82.488449096448619, 27.477748870514006 ], [ -82.514381408275312, 27.51167297352896 ], [ -82.427360534860782, 27.522542953194773 ], [ -82.57575225806022, 27.512008667066368 ], [ -82.638946532756222, 27.536323547293932 ], [ -82.569786071969588, 27.552398681553939 ], [ -82.55444335907373, 27.581926346223952 ], [ -82.626556396660362, 27.554880142204865 ], [ -82.540222168218463, 27.607793807937924 ], [ -82.552680969351229, 27.64370346024657 ], [ -82.404563903601229, 27.791322708076564 ], [ -82.399002075185592, 27.905918121024513 ], [ -82.461181640320433, 27.939855575374565 ], [ -82.48331451435331, 27.821643829299319 ], [ -82.510780334844526, 27.830928802422363 ], [ -82.539176941062919, 27.935428619435299 ], [ -82.645744323741496, 28.028551101552125 ], [ -82.650863647039614, 28.00686645502293 ], [ -82.698516845376048, 28.045873642254833 ], [ -82.672897338441373, 28.010217666212384 ], [ -82.700843810593369, 27.975055694964396 ], [ -82.644920348695109, 27.966285705121265 ], [ -82.725662231127046, 27.940263747973631 ], [ -82.564445495663051, 27.878160476824576 ], [ -82.623832702717039, 27.848224639555497 ], [ -82.644798279217184, 27.715417861645051 ], [ -82.67850494414779, 27.705280304242706 ], [ -82.794013977463067, 27.829351424828417 ], [ -82.728340148678853, 27.717466354488693 ], [ -82.741180419740544, 27.685560226723112 ], [ -82.844459533880354, 27.850339889974009 ], [ -82.779319762996636, 28.172737121820774 ], [ -82.673652649350231, 28.428232193061319 ], [ -82.636253357306543, 28.692483901910578 ], [ -82.681556701780323, 28.808122634551978 ], [ -82.636695861524743, 28.814018249942308 ], [ -82.636795044155917, 28.884450912379748 ], [ -82.75549316427805, 29.008409499898562 ], [ -82.802322387568097, 29.154886245403929 ], [ -83.03690338108612, 29.179143905366971 ], [ -83.074081421020708, 29.265411377133375 ], [ -83.142356872471623, 29.299411773234795 ], [ -83.109146117998932, 29.327943802064851 ], [ -83.174781799340508, 29.343441009495052 ], [ -83.234474182337635, 29.433702468494175 ], [ -83.380172729188075, 29.519643783134143 ], [ -83.405113220098997, 29.669376373021237 ], [ -83.550582885891458, 29.737100601211807 ], [ -83.654312134097665, 29.910745621113563 ], [ -83.971855163684836, 30.077274322751862 ], [ -84.074737549098586, 30.099740981960792 ], [ -84.147964477978235, 30.081518173125232 ], [ -84.233177185278862, 30.1079063414046 ], [ -84.3540267940013, 30.069419860738037 ], [ -84.360519409043434, 29.977184295418965 ], [ -84.437789917370765, 29.991586685277355 ], [ -84.433204651073765, 29.959339141588146 ], [ -84.33904266328824, 29.946933746695095 ], [ -84.347015380755181, 29.909959793509699 ], [ -84.464637756127502, 29.929420471477613 ], [ -84.858123779588709, 29.746648788810603 ], [ -84.928604125879644, 29.777761459124065 ], [ -84.9883728028625, 29.71970939637157 ], [ -85.214843749739202, 29.701345443437503 ], [ -85.364959717017314, 29.682806014785797 ], [ -85.409683227199139, 29.776556015048129 ], [ -85.414131164321759, 29.862859725895703 ], [ -85.393074035937957, 29.875205993961515 ], [ -85.402626037561561, 29.794155120662367 ], [ -85.358123779488778, 29.69104194672849 ], [ -85.306671142459209, 29.701498031409074 ], [ -85.300605773737402, 29.809587478879109 ], [ -85.384872436513717, 29.923595428586225 ], [ -85.628570556386023, 30.092388152791045 ], [ -85.568603515939458, 30.098091125305245 ], [ -85.471435546912915, 30.021659850821493 ], [ -85.415092468542525, 30.031349182518795 ], [ -85.4324645996615, 30.0455512996528 ], [ -85.382774353253751, 30.02406692494867 ], [ -85.382736205811227, 30.036083221863237 ], [ -85.395751953489821, 30.058364868044293 ], [ -85.464393616072471, 30.050960540996243 ], [ -85.529792785608549, 30.131484985343832 ], [ -85.709899902058794, 30.178571700723467 ], [ -85.666130066249536, 30.251489639635224 ], [ -85.600250244153415, 30.250951766810658 ], [ -85.569549560463827, 30.31080627419027 ], [ -85.717201233350181, 30.264862060235941 ], [ -85.752777099583454, 30.296730041458318 ], [ -85.850486755459372, 30.28015899674034 ], [ -85.830009460468204, 30.232612609984017 ], [ -85.757987975664491, 30.228744507153351 ], [ -85.726463317827836, 30.128639221023263 ], [ -85.987075805803784, 30.274229049730934 ], [ -86.387512207322459, 30.387458801682385 ], [ -86.505363464652135, 30.409772872919802 ], [ -86.388160705751943, 30.405813217306161 ], [ -86.240089416393403, 30.399688720857853 ], [ -86.241622925057925, 30.428329467830736 ], [ -86.114700317765426, 30.385602950815553 ], [ -86.122993469073322, 30.426263809627187 ], [ -86.219665527641951, 30.487657547158108 ], [ -86.387931823794588, 30.461969375186584 ], [ -86.452690124749438, 30.501039505069173 ], [ -86.6102828981372, 30.423452376925695 ], [ -86.790390014587445, 30.417764664108006 ], [ -87.193412780875121, 30.355022430041174 ], [ -86.932548523195749, 30.463367462138706 ], [ -87.014434814515027, 30.514238357414342 ], [ -86.986228942811408, 30.59023666409081 ], [ -87.019615173001796, 30.587272644317125 ], [ -87.069305420308865, 30.450366974156566 ], [ -87.124565124081187, 30.564472198133501 ], [ -87.171585082785327, 30.557540893797238 ], [ -87.160133362264844, 30.46483612069045 ], [ -87.273925781349703, 30.357185363413862 ], [ -87.424102782917089, 30.323471069534264 ], [ -87.409278870023797, 30.402040481283223 ], [ -87.346832275489078, 30.431301116553357 ], [ -87.347419738729911, 30.456972122265654 ], [ -87.41883850059628, 30.48150444057751 ], [ -87.445373535360318, 30.531194686985259 ], [ -87.422088623491163, 30.556299209740814 ], [ -87.393302917495589, 30.61990547196001 ], [ -87.398666381548253, 30.667823791334968 ], [ -87.418914794582065, 30.692619324122575 ], [ -87.460159301710348, 30.705612182256459 ], [ -87.526618957199105, 30.748302459291097 ], [ -87.541915893703504, 30.785507201895882 ], [ -87.615928650187016, 30.8481101993263 ], [ -87.625724792565109, 30.876716613780729 ], [ -87.589881896931956, 30.954177856622834 ], [ -87.598594665611301, 31.002449035794427 ], [ -87.163146972454797, 31.00297546384661 ], [ -86.77940368693055, 30.998010635082778 ], [ -86.701896667697042, 30.997911453350923 ], [ -86.383972168181003, 30.991357803120195 ], [ -86.181533813334795, 30.995044707847057 ], [ -86.031883239819649, 30.993146896412213 ], [ -85.486663818380464, 31.00081634539805 ], [ -85.485076904375603, 31.000820160322178 ], [ -85.00167846678778, 31.001068115101475 ], [ -85.000213623160164, 30.97913360633089 ], [ -84.973640441852865, 30.963478088543013 ], [ -84.969085693150191, 30.926906585570521 ], [ -84.937850952459428, 30.89476966838555 ], [ -84.927001953077649, 30.846733093557475 ], [ -84.932640075479071, 30.802434921334623 ], [ -84.926971435483324, 30.775897980007812 ], [ -84.915420532331666, 30.753898620225186 ], [ -84.888366699363644, 30.743698120172155 ], [ -84.86466217012304, 30.714311599600705 ], [ -84.863082885966378, 30.71247291589242 ], [ -84.374542236435047, 30.693897247260225 ], [ -84.281761169342474, 30.690223693868404 ], [ -84.075668334825764, 30.678380966108762 ], [ -84.000839233144063, 30.675340652349291 ], [ -83.737960815139445, 30.660291671523453 ], [ -83.60917663549327, 30.650583267004208 ], [ -83.310729980204371, 30.634096145220951 ], [ -83.301445007081384, 30.633077621634982 ], [ -83.132575988890721, 30.621129989757264 ], [ -82.696502685950179, 30.595502852974334 ], [ -82.583106994692002, 30.58883476221456 ], [ -82.463287353428598, 30.582468032473798 ], [ -82.412246703922222, 30.577083587237837 ], [ -82.221199035307222, 30.566844939742225 ], [ -82.238555908528326, 30.531213760706521 ], [ -82.219528198367641, 30.502738953040307 ], [ -82.199348449471302, 30.489782333088272 ], [ -82.205726623984447, 30.4236202236944 ], [ -82.180397033296401, 30.368396759003303 ], [ -82.164802551596438, 30.361057281168655 ], [ -82.052932739154528, 30.363557815540787 ], [ -82.038520812885167, 30.378667831555219 ], [ -82.046264648394754, 30.433832168519814 ], [ -82.035285949686795, 30.442642211468922 ], [ -82.022674560582459, 30.477481842313239 ], [ -82.005966186690102, 30.570755004939599 ], [ -82.013816833779799, 30.598455428875013 ], [ -82.045074463115952, 30.65067672724922 ], [ -82.032043456640167, 30.757299423629547 ], [ -82.013130187907791, 30.764022827191752 ], [ -82.015701293879545, 30.791086196570745 ], [ -81.98164367661434, 30.778118133645023 ], [ -81.961715698320802, 30.795774459523727 ], [ -81.953193664156231, 30.820198058793437 ], [ -81.943969726221837, 30.824016571207835 ], [ -81.907684326370543, 30.813241958349749 ], [ -81.899307251228606, 30.828075408553332 ], [ -81.873168945190628, 30.798851013263686 ], [ -81.803367614923445, 30.787851333372373 ], [ -81.776878356550867, 30.761350632026108 ], [ -81.757881164883827, 30.769397736016742 ], [ -81.736846924246095, 30.763654708597983 ], [ -81.716941833698627, 30.745134353667538 ], [ -81.6426544188663, 30.728845596247311 ], [ -81.628158569662219, 30.731538772596309 ], [ -81.604949950879472, 30.716085434095532 ], [ -81.601348876549366, 30.724651336290208 ], [ -81.536773682059732, 30.706340789595799 ], [ -81.5287780759474, 30.721216202166033 ], [ -81.498970031441786, 30.598367691016165 ], [ -81.518302917545554, 30.555974960076412 ], [ -81.457717895364567, 30.454524994133237 ], [ -81.480987548436588, 30.380300521951597 ], [ -81.443450928117784, 30.356946945045536 ], [ -81.432960510019484, 30.246540069668526 ], [ -81.302963256449061, 29.912805556930948 ], [ -81.316696166694726, 29.828992844044592 ], [ -81.24399566676658, 29.737693786838861 ], [ -81.233978271380067, 29.668773650983269 ], [ -81.110099792771166, 29.429985046172987 ], [ -81.097274780506666, 29.351543426288117 ], [ -80.785888671524958, 28.784925460541615 ] ] ], [ [ [ -86.833923339490468, 30.399536132886283 ], [ -86.791595458663437, 30.403770446848682 ], [ -86.620872497967355, 30.414352416830639 ], [ -86.534805298026072, 30.406591415061826 ], [ -86.522819518705774, 30.400947571173504 ], [ -86.532691955968971, 30.393188476866783 ], [ -86.738685607854507, 30.402359008561461 ], [ -86.793006896950715, 30.390365600292284 ], [ -86.834625244159668, 30.386838913385191 ], [ -87.242378234867601, 30.321231842175848 ], [ -87.267074585024034, 30.321231842175848 ], [ -87.29035186794431, 30.332519530851698 ], [ -87.28611755398191, 30.339572906464525 ], [ -87.202171325945926, 30.334634781270211 ], [ -87.139381408924862, 30.351566314733702 ], [ -87.047676086582101, 30.369201660328429 ], [ -86.929161072025806, 30.381195068597606 ], [ -86.833923339490468, 30.399536132886283 ] ] ], [ [ [ -80.736061095942773, 28.788576126187309 ], [ -80.763557434028314, 28.821800231995155 ], [ -80.817405700412678, 28.895124435144623 ], [ -80.891304016367201, 29.013130187907905 ], [ -80.916511535778739, 29.07155990566514 ], [ -80.899322509326282, 29.061248779107927 ], [ -80.862663269394318, 28.991361618443989 ], [ -80.736061095942773, 28.788576126187309 ] ] ], [ [ [ -80.726127624390301, 28.78409767147042 ], [ -80.579917907385493, 28.58987998976977 ], [ -80.526176452581183, 28.463184356972533 ], [ -80.587882995903499, 28.408979415867407 ], [ -80.62185668933472, 28.412378310910356 ], [ -80.577674866002212, 28.548377990551899 ], [ -80.599357605069372, 28.603649139096547 ], [ -80.660270690939569, 28.618377685182054 ], [ -80.69210815456762, 28.588075637680561 ], [ -80.780670165595609, 28.618686676049322 ], [ -80.786155700924837, 28.687444686623053 ], [ -80.735221862998515, 28.706346511482366 ], [ -80.754295349550716, 28.736614227364726 ], [ -80.641426086344779, 28.65707397498403 ], [ -80.726127624390301, 28.78409767147042 ] ] ], [ [ [ -80.688850402723858, 28.581489563292735 ], [ -80.654022216651924, 28.600616455185332 ], [ -80.609420775948024, 28.573291778792623 ], [ -80.662956237440369, 28.427129745641309 ], [ -80.667335510425403, 28.301555633985345 ], [ -80.605796813871848, 28.144653320494399 ], [ -80.721267700643807, 28.385118484630425 ], [ -80.688850402723858, 28.581489563292735 ] ] ], [ [ [ -82.10212707510442, 26.585723876755537 ], [ -82.06713867211198, 26.497207641219745 ], [ -82.097640991438539, 26.493585586605604 ], [ -82.135894775223676, 26.642278670824055 ], [ -82.183494568219714, 26.683082580296912 ], [ -82.128837585586041, 26.693342208975821 ], [ -82.10212707510442, 26.585723876755537 ] ] ], [ [ [ -80.249679565759322, 25.354545593404453 ], [ -80.355888366255044, 25.157833099717834 ], [ -80.588035583875069, 24.955966949315325 ], [ -80.353286743588285, 25.211133956866661 ], [ -80.330520629923114, 25.267585754279196 ], [ -80.36182403565067, 25.296104430874834 ], [ -80.249679565759322, 25.354545593404453 ] ] ] ] } },
{ "type": "Feature", "properties": { "STATE_NAME": "Hawaii", "STATE_ABBR": "HI", "ELECT_VOTE": 4.0, "WON_12": "O", "WON_16": "C", "F2016Result": "Dem", "WON_20": "B", "F2020Result": "Dem", "Shape_Length": 11.956684969928006, "Shape_Area": 1.4290106594931895, "WON_24": "H", "F2024Result": "Dem" }, "geometry": { "type": "MultiPolygon", "coordinates": [ [ [ [ -90.758586461795744, 24.176401596456571 ], [ -90.86295657858318, 24.096117477039968 ], [ -90.999431188398603, 24.112173538478089 ], [ -91.063655431452958, 24.176401596456571 ], [ -91.159999425433114, 24.192457656995316 ], [ -91.224223668487468, 24.264713745243171 ], [ -91.13592105611184, 24.377111892300036 ], [ -90.999431188398603, 24.441338042816483 ], [ -90.814784582042762, 24.457396011716639 ], [ -90.766612584603081, 24.425281982277738 ], [ -90.718440588062663, 24.353025894029827 ], [ -90.750545080191273, 24.2727417755126 ], [ -90.758586461795744, 24.176401596456571 ] ] ], [ [ [ -91.497203404813263, 24.23259971580427 ], [ -91.473109776694798, 24.216543655265525 ], [ -91.513255651327199, 24.14428756701767 ], [ -91.593532139996228, 24.096117477039968 ], [ -91.625651891821292, 24.023861388792113 ], [ -91.665797765554373, 24.031889419960805 ], [ -91.649730260243302, 24.120201568747461 ], [ -91.54536014345581, 24.192457656995316 ], [ -91.497203404813263, 24.23259971580427 ] ] ], [ [ [ -89.096690709708469, 23.526098708788425 ], [ -89.10473209131294, 23.502012710518215 ], [ -89.144862707148206, 23.510040740787588 ], [ -89.249232823935643, 23.477928619710099 ], [ -89.321498448594468, 23.558212738227326 ], [ -89.369670446034206, 23.534126739057797 ], [ -89.522197301464246, 23.518070678519052 ], [ -89.554317052390047, 23.582296829035499 ], [ -89.658687170076803, 23.702723007261 ], [ -89.66671329288414, 23.766951065239539 ], [ -89.690806921002547, 23.815121155217184 ], [ -89.538264806775373, 23.807093124048492 ], [ -89.465999181217228, 23.903435211465876 ], [ -89.409801060970153, 23.92751930227405 ], [ -89.337550695108462, 23.863293151757603 ], [ -89.273326452054107, 23.734837035800638 ], [ -89.233180578320969, 23.662580947552726 ], [ -89.185008580881288, 23.686666946722255 ], [ -89.13683658344155, 23.6144108584744 ], [ -89.096690709708469, 23.526098708788425 ] ] ], [ [ [ -88.141307408510045, 23.365530471753914 ], [ -88.189479405949783, 23.293274383506059 ], [ -88.309917028048346, 23.277218322967258 ], [ -88.494563634404187, 23.333416443214333 ], [ -88.711329991685716, 23.309330444044804 ], [ -88.727382238199709, 23.365530471753914 ], [ -88.671184117952635, 23.389614562562087 ], [ -88.655131871438698, 23.461870650809942 ], [ -88.590907628384286, 23.421728592000989 ], [ -88.430339391349776, 23.413700561731616 ], [ -88.382167393910038, 23.437786560001769 ], [ -88.366115148295421, 23.389614562562087 ], [ -88.141307408510045, 23.365530471753914 ] ] ], [ [ [ -87.619472081571246, 22.859739761480853 ], [ -87.699748571139594, 22.811569671503207 ], [ -87.820170934441023, 22.79551170350237 ], [ -87.860316808174105, 22.851711731211481 ], [ -87.884410436292569, 22.956079940536881 ], [ -87.916514928421179, 23.020307998515364 ], [ -87.948634679346924, 23.004251937976619 ], [ -88.061030919841016, 23.036364059054108 ], [ -88.117229040088091, 23.140734176740921 ], [ -88.07708316545569, 23.245104293528357 ], [ -88.020885046107935, 23.26918838523585 ], [ -87.948634679346924, 23.212990264988775 ], [ -87.900462682806506, 23.124678116202176 ], [ -87.780040319505076, 23.172848205280502 ], [ -87.683696324625657, 23.156790237279665 ], [ -87.434810216418327, 23.028336028784736 ], [ -87.410731847097054, 22.98016593970641 ], [ -87.466929967344072, 22.883823852289026 ], [ -87.555232579719757, 22.851711731211481 ], [ -87.619472081571246, 22.859739761480853 ] ] ], [ [ [ -88.462459142275577, 23.156790237279665 ], [ -88.333995397369677, 23.156790237279665 ], [ -88.229625279682864, 23.068478088493066 ], [ -88.237651403389521, 23.020307998515364 ], [ -88.309917028048346, 22.964107970806253 ], [ -88.390193517616694, 22.956079940536881 ], [ -88.414287144835839, 23.020307998515364 ], [ -88.406245763231368, 23.060450058223637 ], [ -88.478511388789514, 23.10862014730202 ], [ -88.462459142275577, 23.156790237279665 ] ] ], [ [ [ -87.089595373028033, 21.149685364188258 ], [ -87.201991612622805, 21.237997512974914 ], [ -87.282268102191154, 21.237997512974914 ], [ -87.330440099630835, 21.358423691200414 ], [ -87.298335607502224, 21.599276046752209 ], [ -87.370585973363916, 21.711674194708394 ], [ -87.394664342685246, 21.856186371204103 ], [ -87.466929967344072, 22.008726577969242 ], [ -87.402705724289717, 22.048868636778195 ], [ -87.306361730309561, 22.16126678473438 ], [ -87.250163610062543, 22.233522872982235 ], [ -87.258189732869823, 22.289720993229309 ], [ -87.314387853116898, 22.402119140286118 ], [ -87.282268102191154, 22.498461227703558 ], [ -87.161845738889724, 22.434233169725076 ], [ -86.98522525534122, 22.361977081477164 ], [ -86.623942906639797, 22.225494842712862 ], [ -86.519572789852305, 22.10506675702527 ], [ -86.495494420531031, 21.952528457722224 ], [ -86.399150426550932, 21.968584518260968 ], [ -86.399150426550932, 21.880272369474312 ], [ -86.214488561397957, 21.767874221518184 ], [ -86.238582189516421, 21.6875901030009 ], [ -86.350978429111194, 21.647448044191947 ], [ -86.439281041486822, 21.559133987043936 ], [ -86.575770910099379, 21.494907836527489 ], [ -86.728313024326553, 21.462793807987907 ], [ -86.945079381608139, 21.350395660031722 ], [ -86.961131628122075, 21.270111541514495 ], [ -87.089595373028033, 21.149685364188258 ] ] ] ] } },
{ "type": "Feature", "properties": { "STATE_NAME": "Alaska", "STATE_ABBR": "AK", "ELECT_VOTE": 3.0, "WON_12": "R", "WON_16": "T", "F2016Result": "Rep", "WON_20": "T", "F2020Result": "Rep", "Shape_Length": 407.56409995429402, "Shape_Area": 277.51343791689726, "WON_24": "T", "F2024Result": "Rep" }, "geometry": { "type": "MultiPolygon", "coordinates": [ [ [ [ -121.223058866873203, 16.629771019616896 ], [ -121.271764921314059, 16.600176598271446 ], [ -121.238744901356085, 16.561556603354632 ], [ -121.654546903516746, 16.448229576233985 ], [ -121.602026151585619, 16.509066368118454 ], [ -121.640356230255804, 16.539622093684727 ], [ -121.655859159172849, 16.494803215795798 ], [ -122.062872098668379, 16.545458580449178 ], [ -121.782873320147587, 16.548510338081712 ], [ -121.547063993908182, 16.696284081345311 ], [ -121.662054228120098, 16.678789878949829 ], [ -121.679815458116877, 16.864893699984293 ], [ -121.746465849019671, 16.924616600575689 ], [ -121.457311796702015, 16.999346519626215 ], [ -121.744268583128587, 17.009897972913166 ], [ -121.756750272906743, 16.956843163081544 ], [ -121.883703397793568, 17.039896751933611 ], [ -121.941076444522253, 17.168070579693563 ], [ -121.890630888104965, 17.202952172005212 ], [ -121.877294706585417, 17.139620568134774 ], [ -121.849828886094201, 17.275728965919086 ], [ -121.596746610467676, 17.392397667818159 ], [ -122.127599882028903, 17.956286217235174 ], [ -122.088995145909223, 18.0401790390315 ], [ -122.142889188685103, 18.09350850721188 ], [ -122.04288308518619, 18.141283775925558 ], [ -122.176489042035655, 18.13462331411472 ], [ -122.160650419581145, 18.062678124196111 ], [ -122.241766142093752, 18.036570335752458 ], [ -122.224249051952143, 18.105173851791903 ], [ -122.363714384211448, 18.193514610710793 ], [ -122.115911649702866, 18.402125144959541 ], [ -122.113409208767962, 18.477404381606959 ], [ -121.770910429472735, 18.597956444234569 ], [ -121.975103544193189, 18.554339195497505 ], [ -122.05121438393661, 18.631289269084562 ], [ -122.015905546203953, 18.54573323839827 ], [ -122.159551786185943, 18.508509422971542 ], [ -122.331487821705593, 18.322123314639327 ], [ -122.312322782370472, 18.272677208086748 ], [ -122.496740507668278, 18.224070336277066 ], [ -122.447881864356532, 18.152956749454461 ], [ -122.591467070049191, 18.156847740930573 ], [ -122.340917752951896, 18.083231713173063 ], [ -122.400671171137617, 17.896013999946206 ], [ -122.64316384693393, 17.89851644178043 ], [ -122.70593850515786, 17.831286217485001 ], [ -123.255651640111068, 17.715456749429507 ], [ -123.999517606652205, 17.731287742935024 ], [ -124.110082792386947, 17.841563011523817 ], [ -124.003149198576637, 17.89823415448268 ], [ -124.31619851464967, 17.987116600250943 ], [ -124.553167509472928, 18.15573384873818 ], [ -124.53983132795338, 18.223513389731181 ], [ -124.66650979449139, 18.187121178299776 ], [ -124.967596219889629, 18.287401940147447 ], [ -125.035650419231445, 18.341280724126193 ], [ -124.917059110689365, 18.361841942052024 ], [ -124.875097440994068, 18.439898277983218 ], [ -125.140081572106851, 18.392954613264862 ], [ -125.316778348741764, 18.451006676017357 ], [ -124.895940947116969, 18.596842552941496 ], [ -124.922887968504938, 18.68129232038433 ], [ -124.761480497626849, 18.739062095839074 ], [ -124.828436063573463, 18.823229576883534 ], [ -124.730657743559959, 18.762675072296815 ], [ -124.534551786835436, 18.806284691185624 ], [ -124.588995146308946, 18.743227745664001 ], [ -124.547338651657412, 18.71573140757846 ], [ -124.160955595124562, 18.679621483444748 ], [ -124.109808134038133, 18.584620262715021 ], [ -124.320654081620546, 18.449061180728961 ], [ -123.83649270417493, 18.676562095964016 ], [ -123.695928739419742, 18.640452171830304 ], [ -123.690923856650613, 18.477122093409946 ], [ -123.342870877888686, 18.574343467776885 ], [ -123.360632108784785, 18.647127892438334 ], [ -123.30011575164059, 18.646288658594756 ], [ -123.820379423371662, 18.747957970084315 ], [ -123.449255155900687, 18.784342552566784 ], [ -123.64734475535613, 18.829615379446238 ], [ -123.568700956184159, 18.887675072046989 ], [ -123.8492490523019, 18.751292015913862 ], [ -124.448980497352011, 18.746569420442427 ], [ -124.528448270671106, 18.824618126525365 ], [ -124.76013772437642, 18.843485618866282 ], [ -124.827505277846285, 18.848971153296134 ], [ -124.879186795933833, 18.831366326195052 ], [ -124.963415312166887, 18.802675987906582 ], [ -124.999731229612507, 18.819090629728805 ], [ -125.082037138303235, 18.856287743384712 ], [ -124.657049344751442, 19.006846214880966 ], [ -124.884802030589185, 19.008509422871612 ], [ -124.937597440869183, 18.95342519391761 ], [ -125.076482938836534, 19.019343162556936 ], [ -124.953985380021265, 19.107119346880381 ], [ -125.030096219764687, 19.152399803608091 ], [ -124.974249051852212, 19.109621788714605 ], [ -125.042608427137168, 19.05183675446267 ], [ -125.261480497526918, 19.096567894492807 ], [ -125.099249052501762, 19.159350181665616 ], [ -125.092046903841492, 19.219622398954584 ], [ -125.148443388451597, 19.224070336077205 ], [ -125.046209501467274, 19.254900719092973 ], [ -125.042059110439538, 19.312678123496653 ], [ -124.736761258825027, 19.390177513781282 ], [ -124.607580351352112, 19.521288658644721 ], [ -125.052053617180661, 19.327639366463643 ], [ -125.178991484169615, 19.229616905695707 ], [ -125.113409208168378, 19.170450950750819 ], [ -125.298986601150716, 19.104067589247904 ], [ -125.232855009351169, 19.052950645755743 ], [ -125.264532255159395, 18.966013695275876 ], [ -125.490911650152498, 19.008791710169362 ], [ -125.539007352707131, 19.133509422621785 ], [ -125.500372098993125, 19.176562095864085 ], [ -125.760076688987965, 19.222956443884812 ], [ -125.813146757616721, 19.309344078566426 ], [ -125.668981718531427, 19.353235985652248 ], [ -125.684545682637122, 19.415453697330292 ], [ -125.782324003549888, 19.450449730170988 ], [ -126.019262479879501, 19.393229271413816 ], [ -126.089269804357968, 19.484621788864501 ], [ -126.05399148421958, 19.609621788614675 ], [ -126.028722928720128, 19.53045919123872 ], [ -125.653997586919047, 19.584337975217409 ], [ -125.891210722496794, 19.622950340286025 ], [ -125.99008767500618, 19.711840416801863 ], [ -125.480932402208566, 19.74684407859138 ], [ -125.647894071654036, 19.88850667584245 ], [ -125.59482400302528, 20.009348656515328 ], [ -124.972326444309942, 20.425455833719809 ], [ -124.758978055792625, 20.43101003318651 ], [ -124.742590116640542, 20.367113853821365 ], [ -124.499822782495357, 20.327402855357548 ], [ -124.643438504883079, 20.267672325817216 ], [ -124.465093779054655, 20.321009422946588 ], [ -124.569280790276196, 20.36073568020754 ], [ -124.525121854689814, 20.407122398380011 ], [ -124.724798368150118, 20.37739827770838 ], [ -124.682592557700332, 20.436846519950961 ], [ -124.746465849319463, 20.461008812206956 ], [ -124.37064187412318, 20.641566063622975 ], [ -124.683996367038674, 20.507403160227739 ], [ -124.778997586869082, 20.677119042110178 ], [ -124.655676053906745, 20.685175682511783 ], [ -124.769262479679639, 20.731287743234816 ], [ -124.600103544343085, 20.910738731407378 ], [ -124.205663847408573, 20.907122399179457 ], [ -124.479253934721271, 21.029345299645911 ], [ -124.272039579063289, 21.116282250125778 ], [ -124.036230253723204, 21.156016136335666 ], [ -123.616766142043787, 21.110453392310262 ], [ -123.523138212158756, 21.039065148038219 ], [ -123.553442167122284, 21.007677818476566 ], [ -123.431768583353403, 21.018503929213011 ], [ -123.694555448575045, 20.879343772896846 ], [ -123.430395292508706, 21.001841331712114 ], [ -123.233160184794656, 20.917673851567031 ], [ -122.95288674702573, 20.955729270989139 ], [ -122.571783231610823, 21.126284385815779 ], [ -122.507620023745062, 21.167078758877665 ], [ -122.164556668955072, 21.385172630612487 ], [ -122.203436064322887, 21.436846519751157 ], [ -121.905950712355434, 21.377398277508576 ], [ -122.046209501167539, 21.321566368393235 ], [ -121.043157743734866, 21.408236290372542 ], [ -120.677892850774413, 21.63656880960292 ], [ -120.664007352557235, 21.750735069667769 ], [ -120.832311796152453, 21.963503624792509 ], [ -120.85288064392654, 22.133501793073322 ], [ -121.142065213838521, 22.28850057274326 ], [ -121.085088895835838, 22.311281944306359 ], [ -121.429815458616474, 22.282122399129491 ], [ -121.291784452390516, 22.430453087140336 ], [ -120.893713163531629, 22.417956139464309 ], [ -120.973974394302843, 22.446001793348159 ], [ -120.70899026319006, 22.511278893406256 ], [ -120.673162626354099, 22.612124229849371 ], [ -121.047063994008056, 22.819048668361404 ], [ -120.881750272856777, 22.834322716220413 ], [ -121.086218045926046, 22.830721641890307 ], [ -121.266485380196116, 22.683779503521293 ], [ -121.439275907457159, 22.641268517128424 ], [ -121.692602323838116, 22.717669274017851 ], [ -121.606756376005933, 22.684054161870108 ], [ -121.779272245817481, 22.607119347080243 ], [ -122.005651639911207, 22.611559654354608 ], [ -122.46787087873804, 22.416567588923158 ], [ -122.52313821235856, 22.283236290422508 ], [ -122.669561552523589, 22.232668663627976 ], [ -122.7612058396777, 22.353777671902094 ], [ -122.718694853284831, 22.39155843387465 ], [ -122.942053007340405, 22.447665001338805 ], [ -123.045934843518182, 22.552386070460841 ], [ -123.279546903866503, 22.488787438089844 ], [ -122.9287168258208, 22.411837364502844 ], [ -123.067327665439393, 22.303225303904696 ], [ -123.455114530411208, 22.462115075050747 ], [ -124.248968290354298, 22.475451256570295 ], [ -124.615087675056145, 22.380724694189325 ], [ -124.556768583803091, 22.418780113611376 ], [ -124.781500028703306, 22.38154866833645 ], [ -124.819830106474228, 22.429613854196077 ], [ -124.811773466072566, 22.353228356103784 ], [ -124.658727811539222, 22.371004844897698 ], [ -124.920110868321899, 22.339602257438287 ], [ -126.128423857175221, 22.491839195722378 ], [ -126.381475614308101, 22.630724693689729 ], [ -126.278722929119851, 22.787112023001498 ], [ -126.589269804258038, 22.888781334491057 ], [ -126.810644315582692, 23.027369286363523 ], [ -126.850103544343085, 23.10628011403611 ], [ -126.74732034156051, 23.179613853596493 ], [ -126.815099882553511, 23.04156758947272 ], [ -126.575933622738489, 23.012392784599399 ], [ -126.434545682936857, 23.027666832458408 ], [ -126.356481718056784, 23.081835533583046 ], [ -126.37592141574072, 23.130450035240983 ], [ -126.265356230005978, 23.164889122435113 ], [ -125.942876981787265, 23.147677208236644 ], [ -126.518407988038177, 23.259890343164841 ], [ -127.348699735804132, 23.314608360987108 ], [ -127.95621316380641, 23.476015831865197 ], [ -128.013128446620499, 23.570162559954213 ], [ -127.737859891620644, 23.657122399079526 ], [ -127.923437284602983, 23.584887291115649 ], [ -127.933172391792425, 23.530459190439331 ], [ -127.708715605240968, 23.613787437640212 ], [ -127.409277128136921, 23.626009727866688 ], [ -127.463140653318476, 23.692385460420724 ], [ -127.245092557975113, 23.783236290122716 ], [ -126.93759744046946, 23.771822716145493 ], [ -126.764257597410165, 23.830157067095001 ], [ -126.85648171795691, 23.86905172036063 ], [ -126.68509499913489, 23.876833702413478 ], [ -126.606207060107693, 23.957934166128894 ], [ -126.158453153789992, 24.074892784274653 ], [ -125.698156522505485, 23.998781944531174 ], [ -125.392339872686932, 24.040728355429337 ], [ -125.767858671040813, 24.118227745713966 ], [ -125.657903837192293, 24.213503624792509 ], [ -125.052618192675425, 24.339052941240311 ], [ -124.924810575147887, 24.289889122884745 ], [ -124.608984159791135, 24.445162560004178 ], [ -124.288213895954527, 24.485079551779961 ], [ -124.245092557675378, 24.490450645680824 ], [ -123.825338529749331, 24.50414540938317 ], [ -123.516485380196116, 24.462954307595282 ], [ -123.829534696269207, 24.476565147463646 ], [ -123.646215605265922, 24.413790489239716 ], [ -123.785650419031583, 24.288225914894099 ], [ -123.745916532821695, 24.172671105187419 ], [ -124.0789853799713, 24.086825157355179 ], [ -123.813421415465939, 24.103777672002025 ], [ -123.722326445009401, 24.007937218328038 ], [ -123.547887968554846, 23.966280723676505 ], [ -122.648992704749503, 24.002947594356044 ], [ -122.55594460915637, 23.89322164156556 ], [ -122.04343240188382, 23.973223472785094 ], [ -121.707891630494316, 23.870730187148467 ], [ -121.729803251518831, 23.908785606570518 ], [ -121.614538358958043, 23.976290489214762 ], [ -121.673437284503052, 23.974337364977487 ], [ -121.422063993258632, 24.163500572593421 ], [ -120.978704618723157, 24.137392784149711 ], [ -120.999242948902918, 24.03045919123872 ], [ -121.067327665839059, 24.013216759445925 ], [ -120.955938505057929, 24.028490807304991 ], [ -120.893713163531629, 24.147402550587287 ], [ -121.018133329889224, 24.235445763411292 ], [ -121.612859892170263, 24.300173545872497 ], [ -121.801214384436264, 24.262118126450446 ], [ -121.747869657458693, 24.177675987956547 ], [ -121.801489042785079, 24.170168663353195 ], [ -121.853429960424307, 24.228503014302703 ], [ -121.763982939161281, 24.333224083424739 ], [ -121.797613310106158, 24.431002403438242 ], [ -122.115362333005237, 24.606280113736318 ], [ -122.392614530735955, 24.633776451821859 ], [ -122.522863554009803, 24.758501793223218 ], [ -122.372045682961868, 24.8518398059623 ], [ -122.215643094852908, 24.852953697255373 ], [ -121.906225370704249, 24.672671105087488 ], [ -121.966772245442712, 24.553774620602326 ], [ -121.463995146258981, 24.342943931817047 ], [ -121.077612088826811, 24.434328819419534 ], [ -120.713995145959188, 24.274050499530972 ], [ -120.122045682961868, 24.295458580249317 ], [ -120.101202176838967, 24.420168663752861 ], [ -120.212865995968912, 24.498781944431244 ], [ -120.131750272556985, 24.539889122385148 ], [ -120.433721708190262, 24.482668663627976 ], [ -120.730077909168131, 24.55850484502264 ], [ -121.031774687351913, 24.543230797163631 ], [ -121.140905546153988, 24.444613243306605 ], [ -121.398168729503254, 24.429613853796354 ], [ -121.789282011355681, 24.624056602530231 ], [ -121.691778348791729, 24.795458580149386 ], [ -121.408453153390269, 24.882937218378004 ], [ -121.759252713841647, 24.947665001738471 ], [ -122.125921415241066, 24.902956749454461 ], [ -122.189001249408079, 24.964617516385317 ], [ -122.187872099317872, 24.899065757978406 ], [ -122.343694853134934, 24.884615685165784 ], [ -122.220373320172541, 25.045458580549109 ], [ -122.267858671740271, 25.059344078766287 ], [ -122.459539579088243, 24.904619957445107 ], [ -123.61340920846817, 25.006548668486289 ], [ -123.713995146258981, 25.250445152721682 ], [ -123.911504911422469, 25.442675377666603 ], [ -124.598425077555248, 25.724062706728603 ], [ -125.175985502029278, 25.910120750472288 ], [ -125.252874540427683, 25.934893394614505 ], [ -125.810644315782497, 26.026552940565807 ], [ -126.179266142318568, 26.187945152646705 ], [ -126.719274686777339, 26.246554161945085 ], [ -126.203436063523498, 26.295168663603022 ], [ -126.25812356375144, 26.334887291015718 ], [ -126.117315458241762, 26.468233849212822 ], [ -126.089819120156221, 26.592379357221603 ], [ -126.123418974406093, 26.770724083050027 ], [ -124.216192411150814, 26.826281334715873 ], [ -123.452306913533221, 27.040728355729073 ], [ -123.075658964189813, 27.314608361087039 ], [ -123.162054227820306, 27.189608360437546 ], [ -123.011755155875733, 27.280459191038858 ], [ -122.956762479704651, 27.463793541738596 ], [ -123.036779569721318, 27.498217369236272 ], [ -122.832586454101545, 27.588488365545686 ], [ -122.917608426887341, 27.624331261178838 ], [ -122.85425393527089, 27.674059655029112 ], [ -121.84396951158368, 28.199328209529313 ], [ -121.601202177438495, 28.166567589122963 ], [ -121.787054227870271, 28.152117516310398 ], [ -121.67416970676652, 28.117785240696378 ], [ -121.896841214950086, 28.0887401360485 ], [ -122.012304471873847, 28.051287437765097 ], [ -121.591772245292873, 28.088778282591704 ], [ -121.504797148269745, 28.151293541263954 ], [ -120.840643094902873, 28.185717369660949 ], [ -120.867315458841347, 28.220171715652214 ], [ -120.041784452190655, 28.50044515252182 ], [ -119.828985380370966, 28.489062096138866 ], [ -119.811224149474867, 28.434328819519465 ], [ -120.090093778804828, 28.367388512369985 ], [ -119.811773466172497, 28.379336144247702 ], [ -120.020361112675175, 28.214068199487883 ], [ -119.832861113049887, 28.25989034306491 ], [ -119.661230253473377, 28.087939049647503 ], [ -119.778173612821945, 28.287401939947642 ], [ -119.705663847408573, 28.391268517328285 ], [ -119.565588163263101, 28.362589622912822 ], [ -119.177038358433435, 28.426287437914993 ], [ -119.621465848769844, 28.38905599264001 ], [ -119.82980935451809, 28.528490807304991 ], [ -120.009252714641036, 28.500719810870635 ], [ -119.559545683186684, 28.693774009962624 ], [ -119.053442167122284, 28.776552940465876 ], [ -119.260626005185941, 28.739611412336842 ], [ -119.039282011455612, 28.715731407378598 ], [ -119.33649270417493, 28.675448204471138 ], [ -119.108709501642181, 28.583498741373887 ], [ -119.16928689397497, 28.652392174559282 ], [ -118.890905546153988, 28.66795613866492 ], [ -118.968969511034061, 28.709337974967639 ], [ -118.572607206557279, 28.681277062286654 ], [ -118.230383085610868, 28.713228966443694 ], [ -118.399847196890619, 28.74461629510597 ], [ -117.771948026680036, 28.752093102114998 ], [ -117.166784452540412, 28.944613243306605 ], [ -116.707891630594247, 29.196001793348159 ], [ -116.373693632455115, 29.302386070460841 ], [ -116.267584012791929, 29.26849629996434 ], [ -116.492864774389773, 29.245730187198433 ], [ -116.338445829911109, 29.159350182365074 ], [ -115.992864774489703, 29.1373927849491 ], [ -115.934545683236649, 29.105456138689874 ], [ -116.000921415790685, 29.067660118819504 ], [ -115.837316679021512, 29.115450646330316 ], [ -115.535955595274459, 29.081545617036625 ], [ -115.438451932710507, 29.013491417694809 ], [ -115.627294706485486, 28.895739342096988 ], [ -116.07398049790163, 28.814059044089674 ], [ -115.874242948353356, 28.794344688956301 ], [ -115.865087675455811, 28.651568199512838 ], [ -115.79288308508626, 28.662951255895791 ], [ -115.785955594774862, 28.723513390330766 ], [ -115.474798368649772, 28.735445763411292 ], [ -115.426763700384413, 28.831545616636959 ], [ -115.278722929519574, 28.899340416427151 ], [ -115.084264921089186, 28.885165001064024 ], [ -115.178716826020661, 28.981280113986145 ], [ -114.98648660107574, 28.980166221793752 ], [ -114.992864774689565, 29.044619346805462 ], [ -114.9312192665559, 29.027102257563172 ], [ -114.983709501792021, 28.912401939597885 ], [ -114.908147977846852, 28.914889122634975 ], [ -114.891485380346012, 29.012758995431341 ], [ -114.493963407285378, 28.91044881446129 ], [ -114.545934843418252, 28.813219811145416 ], [ -114.697057890409269, 28.773775841182157 ], [ -114.085943388076885, 28.67212178848979 ], [ -113.806493925354346, 28.784899498013488 ], [ -113.11398904216054, 28.824328209179555 ], [ -112.701757596735661, 28.782397057078583 ], [ -112.592870878688075, 28.706270958537971 ], [ -112.553442167522007, 28.752947593856447 ], [ -112.63175027315657, 28.777666832658269 ], [ -112.326757597485084, 28.765719200780552 ], [ -112.107031034454621, 28.706835534032734 ], [ -112.398992704549642, 28.589602257538218 ], [ -112.385351347086953, 28.539614464136264 ], [ -111.963995146358911, 28.476290489214762 ], [ -112.514257597110372, 28.448504234882591 ], [ -111.632299589154684, 28.455721642339995 ], [ -111.757299588904857, 28.408785606570518 ], [ -111.657903837292224, 28.394884849556206 ], [ -111.857580350752528, 28.33932759878968 ], [ -111.111761259074797, 28.266833092173499 ], [ -111.064275907507067, 28.271273399447864 ], [ -111.088995146308946, 28.330446983341631 ], [ -110.671484159766123, 28.397951866885194 ], [ -110.260351346837126, 28.381838585182606 ], [ -110.29511086877153, 28.305163169944365 ], [ -109.779546903866503, 28.41073873170717 ], [ -109.38620583942793, 28.418505455862146 ], [ -108.498693632005484, 28.294344689056231 ], [ -108.396490263514806, 28.207110191582103 ], [ -108.114263700609285, 28.254885460295782 ], [ -107.750097441044034, 28.205721641940272 ], [ -107.581213163156917, 28.104891564294292 ], [ -105.730932402108635, 28.066271568478157 ], [ -105.499242948403321, 27.960726525208997 ], [ -104.859258818039962, 27.864611412286877 ], [ -104.005651639911207, 27.960161949714234 ], [ -103.960638212583433, 27.8801601184947 ], [ -103.915380643601793, 27.942110802571506 ], [ -103.956487821555697, 27.974901939672804 ], [ -103.666662382163167, 27.995669151809977 ], [ -103.240087675505777, 28.004610802446621 ], [ -103.185949491975464, 27.937670494397821 ], [ -103.172063993758286, 28.014055992490114 ], [ -102.484258817390469, 27.8999049912224 ], [ -102.160650419081549, 27.744341636957017 ], [ -101.622594999759372, 27.671282554846073 ], [ -101.279821562115387, 27.536837365052406 ], [ -101.151769803833361, 27.530169273393312 ], [ -101.112310575972288, 27.568224693714683 ], [ -101.197332547858764, 27.58682515755504 ], [ -100.894476102889826, 27.538103844316993 ], [ -100.894476102889826, 27.538027550331208 ], [ -100.893514799568322, 26.323878074713434 ], [ -100.891454862851617, 23.736086632092452 ], [ -100.88829629363903, 19.790606285451759 ], [ -100.887029813475067, 18.20295217180535 ], [ -100.886800932417088, 18.202914024362769 ], [ -100.412878202467027, 18.117953087664887 ], [ -100.342321562190307, 18.205454612740255 ], [ -99.870916532871661, 18.083506370622558 ], [ -99.568151639786322, 18.236284996655343 ], [ -98.959539579288105, 18.247957970184245 ], [ -99.080389188909919, 17.984621788264974 ], [ -98.581762479854547, 17.802675988106444 ], [ -98.50729958930458, 17.669901634352982 ], [ -97.482305692353805, 17.134341027016831 ], [ -97.357031034254817, 16.80183675446267 ], [ -96.700384306390617, 17.061007286557071 ], [ -96.475378202242212, 17.059061791268675 ], [ -96.377248929894165, 17.161242272013283 ], [ -96.354253935170959, 17.185175682311922 ], [ -96.355108426912352, 17.365450645530927 ], [ -96.125372099242952, 17.421564842843281 ], [ -96.23535745068574, 17.498514915530961 ], [ -95.614538358758239, 17.640585686280474 ], [ -95.365087675056145, 17.697672630787338 ], [ -94.905950712355434, 17.46323659539263 ], [ -94.912603544318074, 17.366839196072078 ], [ -94.983160184594794, 17.322680260485697 ], [ -94.880651640161034, 17.285731102508407 ], [ -94.866888212321101, 17.245058799823823 ], [ -94.84342019488605, 17.175730492268428 ], [ -94.579534696269207, 17.139063621588889 ], [ -94.457891630094593, 17.026285912065248 ], [ -94.352880643826609, 17.022394920589136 ], [ -94.224294828543464, 16.861712242126316 ], [ -94.137029813475067, 16.752680565056096 ], [ -93.718420194436362, 16.621836448693216 ], [ -93.321478055667683, 16.354899193343158 ], [ -93.252599882178799, 16.176287438114855 ], [ -93.060812162351397, 16.052462364846292 ], [ -93.028448270671106, 16.031565453382996 ], [ -92.253408597728594, 15.2388179557841 ], [ -92.118139432888483, 15.100451256020676 ], [ -92.228429960274411, 14.984064842318674 ], [ -91.918981718531427, 14.932123924679445 ], [ -91.994543241577276, 14.76240041384807 ], [ -91.752874540827349, 14.69546010669859 ], [ -91.715643095552366, 14.492678429366094 ], [ -91.449255156000618, 14.497957970483981 ], [ -90.964391874785179, 14.301058556307396 ], [ -90.94647805591751, 14.293787743509597 ], [ -90.665929960699088, 14.261843468301493 ], [ -90.518682645487672, 14.154345298996418 ], [ -90.353429960424307, 14.131006981786811 ], [ -90.305669950507763, 14.024615074825874 ], [ -89.980077909467923, 14.013788964089485 ], [ -89.906561063442268, 13.804919029389737 ], [ -90.066198514749601, 13.650179650170742 ], [ -90.066198514749601, 13.65013768780409 ], [ -90.035375761582088, 13.43712117790011 ], [ -89.882024931105661, 13.177401329108079 ], [ -89.992864775189162, 13.123507286332256 ], [ -90.251196073439985, 12.803782249651135 ], [ -90.478429960174481, 12.689623619434542 ], [ -90.467321562140341, 12.753512168951488 ], [ -90.577612089526269, 12.657679344226381 ], [ -90.632848905552521, 12.862124229549579 ], [ -90.630926298010195, 12.714625145534114 ], [ -90.738989042810033, 12.663233543693138 ], [ -90.817602323488416, 12.705172325642366 ], [ -90.82788674737543, 12.859064842968166 ], [ -90.900121855339307, 12.899904991522192 ], [ -90.730932401509108, 12.998789573879776 ], [ -90.610082792786613, 12.972681786335443 ], [ -90.353155302075493, 13.223513389831112 ], [ -90.645391630519271, 12.988505149992704 ], [ -90.707891630394386, 13.038508202191849 ], [ -90.82010476532264, 12.983233238723017 ], [ -90.947607206007717, 13.01850392991247 ], [ -90.957311796502154, 13.087115074900851 ], [ -90.835363554384514, 13.175730492168555 ], [ -90.505376981562392, 13.191843772971822 ], [ -90.545660185369229, 13.24156453787316 ], [ -90.75565164031093, 13.204340721547112 ], [ -90.777319120580898, 13.601008201966977 ], [ -90.848425077555248, 13.67267873443609 ], [ -90.807592557950159, 13.707400108927914 ], [ -90.89035622965622, 13.694620873054873 ], [ -91.092596220139399, 13.869616295155936 ], [ -90.901769804532819, 14.002123619509462 ], [ -91.213995145559466, 13.860735679707886 ], [ -91.301214384236403, 13.901293540964218 ], [ -91.807043241952044, 13.754069115297455 ], [ -91.643987821880444, 13.703509117451858 ], [ -91.754522490020861, 13.621004845297421 ], [ -91.706762480104317, 13.565180565131016 ], [ -91.770910429172943, 13.494341636657282 ], [ -91.895391630719132, 13.557947898876478 ], [ -91.819280790076391, 13.487673545897451 ], [ -91.853979276822145, 13.394343163006624 ], [ -92.067327665339462, 13.486010337906805 ], [ -92.157598661648876, 13.651842858161444 ], [ -92.115453886387684, 13.635054375359175 ], [ -92.064825224404558, 13.614893700184155 ], [ -92.065649198551625, 13.695734764347947 ], [ -91.939275907956755, 13.701563622163462 ], [ -91.952612089476304, 13.832949425375716 ], [ -91.835638212533468, 13.864336754037993 ], [ -91.851751493336735, 14.061281944606094 ], [ -91.381750272457055, 14.116564537923125 ], [ -91.798437284852753, 14.124613548476532 ], [ -91.861761258874935, 14.252955223904507 ], [ -92.048986601050785, 14.272951866335632 ], [ -92.080663846859011, 14.356562400834207 ], [ -92.237585234071275, 14.423228050534135 ], [ -92.202306913932887, 14.533510948971184 ], [ -92.439275907856825, 14.523508812381863 ], [ -92.346471952118861, 14.56767537691718 ], [ -92.415929960799019, 14.610453392709928 ], [ -92.253698514874543, 14.716013694776223 ], [ -92.394292997223999, 14.646288658494825 ], [ -92.660375760832665, 14.739619042285028 ], [ -92.814825223804974, 14.872675682436864 ], [ -92.659551786685597, 14.858233238573177 ], [ -92.682867216149077, 14.983782555020923 ], [ -92.775945829336536, 14.912951256395388 ], [ -93.049841093491636, 14.975733543568253 ], [ -93.005926298659745, 15.040179039631028 ], [ -93.048711942502109, 15.060175682961471 ], [ -93.134527372740024, 15.068789269009585 ], [ -93.187872098818275, 14.992396141069094 ], [ -93.417898344532944, 15.066332603566877 ], [ -93.444555448774906, 15.074900414122851 ], [ -93.363409208668031, 15.175173546122323 ], [ -93.133978056042395, 15.171007897196773 ], [ -92.93509499913489, 15.262949730445769 ], [ -93.115636991753718, 15.209063316618824 ], [ -93.323705839153092, 15.24267842876651 ], [ -93.226476834937955, 15.331003929787585 ], [ -93.360632108484992, 15.333231712373674 ], [ -93.386755155725837, 15.43378713257016 ], [ -93.202612089676165, 15.485453392759894 ], [ -93.475103544492924, 15.464068199787619 ], [ -93.553716825171307, 15.528788353299888 ], [ -93.533178495890809, 15.600733544117816 ], [ -92.894567655472883, 15.405459190489296 ], [ -93.436773465822739, 15.661570336002228 ], [ -93.436773465822739, 15.806559349234647 ], [ -93.012853788071823, 15.753237510902466 ], [ -93.415701078641803, 15.812208916408395 ], [ -93.458715605340899, 15.818506981112364 ], [ -93.58286111245036, 15.683237816272253 ], [ -93.747320340960925, 15.849619652325146 ], [ -93.664282010906049, 15.887400414297758 ], [ -93.572607206157613, 15.833781028971373 ], [ -93.560644315482762, 15.909624840214235 ], [ -93.657903837292224, 15.951838280512277 ], [ -93.562322782270542, 16.0432307970637 ], [ -93.789831327353852, 15.872118736590494 ], [ -93.955938505057929, 15.981562401183908 ], [ -93.957891630194524, 16.172678733936493 ], [ -93.867590116290785, 16.213793541738596 ], [ -93.901495145584477, 16.293230797463366 ], [ -93.812322782670265, 16.393511559311037 ], [ -93.660650418981618, 16.414065148287989 ], [ -93.870641874822638, 16.389895226183796 ], [ -94.066198514849532, 16.092394615419209 ], [ -94.401495145484546, 16.249621177675238 ], [ -94.652898954323234, 16.277949119756101 ], [ -94.667333769238041, 16.386843468551263 ], [ -94.880376981812219, 16.56572988212838 ], [ -94.802313016932146, 16.552119042260017 ], [ -94.838720488060062, 16.71045186686024 ], [ -94.920934843068494, 16.632677819126116 ], [ -95.038732695057774, 16.736841942601643 ], [ -95.051443265893965, 16.870581413701359 ], [ -95.053167509073262, 16.888788963739728 ], [ -95.25787942289702, 17.169344688806405 ], [ -95.250066923249847, 17.239764000808066 ], [ -95.236211942626994, 17.364619041535605 ], [ -95.27281777811794, 17.254595543549556 ], [ -95.290655302100447, 17.201006675817496 ], [ -95.444280790026426, 17.214068199887549 ], [ -95.246740507268555, 17.101008202166838 ], [ -95.196203398068349, 16.979342247346892 ], [ -95.303716825271238, 17.092951561765233 ], [ -95.442053007440279, 17.124613548776324 ], [ -95.268133329189766, 16.986841942101989 ], [ -95.280676054156515, 16.854899193243227 ], [ -95.054266141569144, 16.532397057278445 ], [ -95.112859892070333, 16.488230491843751 ], [ -94.983160184594794, 16.332392479229554 ], [ -94.977026151735458, 16.128786827749934 ], [ -95.235632109234416, 16.160738731906974 ], [ -95.371938871381758, 16.371371056329224 ], [ -95.372594999659498, 16.372393394839378 ], [ -95.363714384211448, 16.267954613015036 ], [ -95.52567117088779, 16.317957665214124 ], [ -95.807043242051918, 16.27878835359968 ], [ -95.764257597310234, 16.356287742984989 ], [ -95.837865995219488, 16.35351064370127 ], [ -95.735357450785671, 16.364893700084224 ], [ -95.780401395707827, 16.472681785635928 ], [ -95.711767362973376, 16.49545552914941 ], [ -95.959814237337127, 16.713511253441652 ], [ -95.660955595424355, 16.796007896647154 ], [ -95.855108427012283, 16.812121178349742 ], [ -95.933721708589928, 16.750178124121192 ], [ -95.925665068188323, 16.812121178349742 ], [ -96.05371682557103, 16.929346824996003 ], [ -96.026769804183061, 16.846285607195057 ], [ -96.116186307851763, 16.820452477100162 ], [ -96.001470731988661, 16.825175072571597 ], [ -95.987035917073854, 16.752123619409531 ], [ -96.1134092085681, 16.645174766802086 ], [ -96.274816679446189, 16.700175071922104 ], [ -96.15677468670242, 16.71823384891303 ], [ -96.374242948653148, 16.735171104762742 ], [ -96.380376981512427, 16.861284996705308 ], [ -96.472326444609678, 16.811564232703233 ], [ -96.598150419406295, 16.914622093834623 ], [ -96.499822782695219, 16.803507591402251 ], [ -96.55093972618738, 16.787119652250226 ], [ -96.94560830507919, 16.960085655228852 ], [ -96.795385527120345, 16.822954918035066 ], [ -96.9214841593664, 16.808787132520195 ], [ -97.017034696793758, 16.717676903266522 ], [ -96.879797148019918, 16.790735985377466 ], [ -96.46509377835514, 16.734339500767419 ], [ -96.372594999459636, 16.688509728241399 ], [ -96.527044462431945, 16.717959190564216 ], [ -96.414007353356624, 16.595454002800011 ], [ -96.327886747175626, 16.561007286657002 ], [ -96.386755156025572, 16.646014000645664 ], [ -96.228979277071971, 16.579615379446238 ], [ -96.415380644201321, 16.507120872830058 ], [ -96.223150419256399, 16.490450645480962 ], [ -96.183721708090332, 16.558230186473963 ], [ -96.010076689087896, 16.449900414072886 ], [ -96.100378202991635, 16.409067894467796 ], [ -95.972326444709608, 16.40740468647715 ], [ -95.920660185419194, 16.27907064089743 ], [ -95.974798368949507, 16.234064842518535 ], [ -96.167883085635879, 16.205172325842227 ], [ -96.207891630194524, 16.295176292751762 ], [ -96.396764921563829, 16.337397361998683 ], [ -96.384527372540163, 16.280459190539261 ], [ -96.447607206707175, 16.269617821005681 ], [ -96.372869657808451, 16.229616905395915 ], [ -96.300390409989404, 16.270449425001004 ], [ -96.253423856625659, 16.194346215105782 ], [ -96.492864774789496, 16.252955223504784 ], [ -96.545110868371864, 16.234896446513858 ], [ -96.451208281037282, 16.151842857661791 ], [ -96.545660185069437, 16.111010338056701 ], [ -96.605657744009648, 16.147959496033991 ], [ -96.568975614532974, 16.194346215105782 ], [ -96.734533475539422, 16.213236595192768 ], [ -96.756475615057525, 16.277399803957849 ], [ -96.784277128186886, 16.236567284352759 ], [ -96.841467069349733, 16.291842247821535 ], [ -96.983984159241515, 16.277949119756101 ], [ -97.517858671740271, 16.494616295305832 ], [ -97.3320371380035, 16.555453087190244 ], [ -97.558996366389181, 16.518229271763516 ], [ -97.818151639686391, 16.692683007015205 ], [ -97.856481718356576, 16.800448204820839 ], [ -98.187872098718344, 16.972399498238303 ], [ -98.494817899526424, 17.012949730545699 ], [ -98.389806913258383, 17.015452171480604 ], [ -98.335088896335435, 17.087397362298475 ], [ -98.517309354842837, 17.035174156462176 ], [ -99.087865995918946, 17.210451866760309 ], [ -99.004797148269745, 17.202952172005212 ], [ -99.11676614244351, 17.273508812281932 ], [ -99.190099882003892, 17.239619041785375 ], [ -99.727300809584676, 17.429072166547314 ], [ -99.462316679371213, 17.506014611185435 ], [ -99.361211942477155, 17.603510643901132 ], [ -99.509252714241313, 17.781008506937098 ], [ -99.3775998825285, 17.880732323138261 ], [ -99.184271025087696, 17.750735069567838 ], [ -99.230932401609039, 17.619898583053214 ], [ -99.153722929369678, 17.51850392991247 ], [ -99.23203103500424, 17.500735070067492 ], [ -99.177038358833158, 17.467119957020429 ], [ -99.11591164980274, 17.511843468101631 ], [ -99.170110868521704, 17.726015831665336 ], [ -98.784277128686483, 17.702395226258716 ], [ -99.12286965770852, 17.765177513431524 ], [ -99.405126737309047, 17.946566368842923 ], [ -99.479253935220925, 17.844614769156294 ], [ -99.725927518739979, 17.719065452708548 ], [ -100.294836210622577, 17.593783165660625 ], [ -100.891485380445943, 17.698431755721003 ], [ -101.340093778505036, 17.777117516360363 ], [ -101.150671171337478, 17.872675682736599 ], [ -101.171209501517239, 17.967402245117569 ], [ -101.282324003050292, 18.034342552267049 ], [ -101.368688749086459, 18.012400413648209 ], [ -101.276495146134039, 17.919901634752705 ], [ -101.607305693103228, 17.848231102283592 ], [ -102.608709501342389, 18.005732322888434 ], [ -103.778448270771037, 17.886286522604962 ], [ -104.038122343171551, 17.92793538740824 ], [ -103.892614530835885, 17.938792015739011 ], [ -104.142065214537979, 18.041285301375581 ], [ -104.079260038719781, 18.098788048329823 ], [ -104.465643095252631, 18.081560875334162 ], [ -104.590368436653989, 18.1732280502344 ], [ -104.827886747275556, 18.197397972338592 ], [ -104.685949491675672, 18.347956443834846 ], [ -104.677892851274009, 18.389345909985821 ], [ -104.773687528556536, 18.374338890627371 ], [ -104.653173612472187, 18.55906179096894 ], [ -104.502874540527614, 18.611284996805182 ], [ -104.649801420099436, 18.575342918540912 ], [ -104.715536283172867, 18.489180351791845 ], [ -105.114813017007066, 18.264620567685085 ], [ -105.240911650152498, 18.247957970184245 ], [ -105.545110868371864, 18.363230491693912 ], [ -105.831762479754616, 18.36378743823974 ], [ -105.517309355242503, 18.56767537701711 ], [ -105.7637082804128, 18.516840721721962 ], [ -105.695928739419742, 18.553507591502182 ], [ -105.76285378867135, 18.546007896747085 ], [ -105.738714384161483, 18.592394615818932 ], [ -105.880376981412553, 18.524897362123625 ], [ -105.814550565556146, 18.602122094059439 ], [ -106.14511697177079, 18.534067894717623 ], [ -105.908147977846852, 18.639063622188473 ], [ -105.932317899951101, 18.694346214606185 ], [ -106.157903837492086, 18.618227745913771 ], [ -106.193975615082536, 18.669619346855427 ], [ -106.377294706085763, 18.574343467776885 ], [ -106.544836210722508, 18.595454002400345 ], [ -106.57808511173846, 18.640860344429427 ], [ -105.981344389132232, 18.729952599333046 ], [ -106.122594999759372, 18.788508202391654 ], [ -106.254797148169814, 18.716288353224968 ], [ -106.515356229906047, 18.715456749229645 ], [ -106.50787942289702, 18.772120262340309 ], [ -106.645666288368488, 18.845454002800011 ], [ -106.474798368649772, 18.833231712573536 ], [ -106.593694853134934, 18.871004844697893 ], [ -106.552038358483401, 18.931849266430561 ], [ -106.453161405974072, 18.929621482945151 ], [ -106.534551786835436, 18.964342857436975 ], [ -106.135076688638208, 18.981287743134885 ], [ -106.192327665889025, 19.02656057001434 ], [ -106.476476835437552, 19.027117515660848 ], [ -106.854253934871167, 18.836008812756575 ], [ -106.922338651807308, 18.849062706079053 ], [ -106.87674539018758, 18.899065758278198 ], [ -106.989263700159597, 18.907122398679803 ], [ -107.048711942402178, 18.841563011323956 ], [ -107.092321562190307, 18.909899498862842 ], [ -107.164007352557235, 18.89767720863631 ], [ -107.143163847333653, 18.82712056746027 ], [ -107.25424783127238, 18.780176903641234 ], [ -107.3417722458924, 18.798228050783962 ], [ -107.270086454626153, 18.879900718943077 ], [ -107.345922636020816, 18.851290489564519 ], [ -107.323156523254909, 18.907679344326311 ], [ -107.435644315632601, 18.806559349534382 ], [ -107.370641874822638, 18.969904686751931 ], [ -107.438146757466825, 19.050173546472024 ], [ -107.486486600775947, 18.919344688906335 ], [ -107.558996366189319, 18.9146220934349 ], [ -107.500372098993125, 18.901293541763607 ], [ -107.489813016757296, 18.760737205957355 ], [ -107.620641874322985, 18.783236290222646 ], [ -107.606207060307554, 18.845171715502318 ], [ -107.700384305990895, 18.769617821405404 ], [ -107.640905546153988, 18.733233238922878 ], [ -107.756750273006674, 18.728235985102685 ], [ -107.943700956833652, 18.845454002800011 ], [ -107.590917753651354, 19.099901939423034 ], [ -107.651495145984143, 19.108233239072774 ], [ -107.617040799992878, 19.173228050933858 ], [ -107.948156522905151, 18.914339806137207 ], [ -108.041479276847099, 19.013788963989555 ], [ -108.295660184969506, 18.950175071922104 ], [ -108.248144315807508, 18.941569114822869 ], [ -108.309271024837869, 18.878786827650003 ], [ -108.040105986002402, 18.962122703799764 ], [ -108.135626004936171, 18.846842552441899 ], [ -108.222601102858562, 18.860178733961448 ], [ -108.165655302450205, 18.814341331587229 ], [ -108.203710721872255, 18.737116600550735 ], [ -108.284551786935367, 18.750452782070283 ], [ -108.231756376655426, 18.709620262465194 ], [ -108.591222929394633, 18.6854579702092 ], [ -108.3389951455095, 18.699900414072886 ], [ -108.522588895760919, 18.646014000245941 ], [ -108.533163236793882, 18.622717644503723 ], [ -108.559545682687087, 18.564623619384577 ], [ -108.54576699605002, 18.569544579218984 ], [ -108.263128446520568, 18.67045095085075 ], [ -108.312597440819218, 18.521006370647513 ], [ -108.121771025212581, 18.663233544292666 ], [ -108.088995146009154, 18.521837974642892 ], [ -108.223699735354444, 18.43017842869159 ], [ -108.379247831722012, 18.472124840489073 ], [ -108.545278715440304, 18.363871361174404 ], [ -108.575658964389675, 18.344065453258111 ], [ -108.551778959431374, 18.353590752211517 ], [ -108.343145536537236, 18.436846520350684 ], [ -108.13785378842158, 18.340449120130813 ], [ -108.125921415340997, 18.411013390255789 ], [ -108.072057890159442, 18.453234459502767 ], [ -108.058447050291079, 18.394617821255508 ], [ -107.985632108934624, 18.497126365689269 ], [ -107.828436064272921, 18.357950951475289 ], [ -107.975927519339507, 18.285731102308603 ], [ -108.071478055867544, 18.31017568276161 ], [ -108.027898954573061, 18.249621178174891 ], [ -108.141485380346012, 18.273508812082071 ], [ -108.104803251768601, 18.234339500467627 ], [ -108.205114530311278, 18.147677208336518 ], [ -108.280676054256446, 18.179903770842373 ], [ -108.250097440944103, 18.127672936057195 ], [ -108.327306913183463, 18.072954918234927 ], [ -108.102605985877517, 18.151293541463815 ], [ -108.151220487535454, 18.120447899650912 ], [ -108.07120339751873, 18.092676903216557 ], [ -108.097326444759574, 18.046007896847016 ], [ -108.001745389737891, 18.12378194458114 ], [ -108.094183134344121, 18.024988915006475 ], [ -108.217321561740675, 18.070177818951208 ], [ -108.333166288593304, 17.922953392385182 ], [ -108.321478056267267, 17.848513390480662 ], [ -108.43317239209216, 17.924898887673578 ], [ -108.434820341285672, 17.856013085235759 ], [ -108.474218534857471, 17.840624595948384 ], [ -108.535101103133343, 17.816843773621315 ], [ -108.962042020922468, 17.85740163487759 ], [ -109.007879423296686, 17.880732323138261 ], [ -108.92926614171904, 17.944346214306393 ], [ -108.999242948603182, 17.946841027191681 ], [ -109.166784452340551, 17.763232018143185 ], [ -109.186773465822739, 17.911288047805215 ], [ -109.30844705049094, 18.014063621638854 ], [ -109.281774686552524, 17.893229271713551 ], [ -109.519537137928523, 17.720454003249699 ], [ -109.417333768538526, 17.612398888298117 ], [ -109.521764921413933, 17.639345909686028 ], [ -109.539007353206728, 17.796007896447293 ], [ -109.61508767535588, 17.858790184519478 ], [ -109.650396513088594, 17.731562401283838 ], [ -109.755102323413439, 17.741839195322655 ], [ -109.65622537090411, 17.675730492168555 ], [ -109.635076688838069, 17.554339195697366 ], [ -109.925665068088392, 17.692126061168835 ], [ -109.807317899401482, 17.610453392110401 ], [ -109.848150419006572, 17.562678124296042 ], [ -109.91592995999963, 17.524615075025736 ], [ -110.020635771223851, 17.590731408028091 ], [ -109.978429960774008, 17.483782555420646 ], [ -110.075933622438697, 17.487673545997382 ], [ -110.067327665339462, 17.42628743831466 ], [ -110.265356229606255, 17.361284996605377 ], [ -110.123968290703999, 17.613787437939948 ], [ -110.373144316057278, 17.357401634977521 ], [ -110.444280790625953, 17.417116905720661 ], [ -110.38175027315657, 17.492953087115325 ], [ -110.546209501667136, 17.441843773471419 ], [ -110.462591337320305, 17.384341026517234 ], [ -110.526769803983257, 17.355456138789805 ], [ -110.491216825496053, 17.329615379746031 ], [ -110.812872098668379, 17.213236595892226 ], [ -110.772314237412104, 17.152956749654322 ], [ -110.848882841070235, 17.098124291303066 ], [ -110.935949491775602, 17.193232322713584 ], [ -111.147344755156269, 17.209894921113744 ], [ -111.002874540127891, 17.109621788215009 ], [ -111.306219266605808, 17.154345299296153 ], [ -111.6148130166074, 17.056559349434451 ], [ -111.650121855239377, 17.11739614131892 ], [ -111.8634092085681, 17.1668422478715 ], [ -111.828710721822347, 17.239893700134189 ], [ -111.703985380420932, 17.249064232728188 ], [ -111.790655302400239, 17.303782249651135 ], [ -111.574560331294208, 17.37267568283653 ], [ -111.262579130122731, 17.336840416152313 ], [ -111.329809355317479, 17.429621483244887 ], [ -111.061773466572163, 17.493510032761833 ], [ -111.083715605191003, 17.541010643126754 ], [ -110.884252713991543, 17.672953392884835 ], [ -111.318975614732778, 17.555727745339198 ], [ -111.362585233621587, 17.529902245092615 ], [ -111.300390409689612, 17.498789573879776 ], [ -111.760626004886205, 17.639620568034843 ], [ -111.610357450535901, 17.917673851267296 ], [ -111.323431180804334, 18.102396751608865 ], [ -111.283178495491143, 18.256014610585851 ], [ -111.195379423421628, 18.281290795034238 ], [ -111.166784452840204, 18.434901024162968 ], [ -111.300390409689612, 18.623224998834701 ], [ -110.94342629788531, 18.683512474920803 ], [ -110.330389188909919, 18.92601277966611 ], [ -109.945104764872951, 18.801287438264694 ], [ -109.706762480104317, 18.87017324070257 ], [ -108.92058389063402, 18.743674064806271 ], [ -108.919561552123923, 18.743510032961694 ], [ -109.053442167322146, 18.840449120030939 ], [ -109.242864774489703, 18.823786522530042 ], [ -109.955663847108838, 19.050173546472024 ], [ -109.578161406024037, 19.290179039231305 ], [ -109.133962797644983, 19.388449455677915 ], [ -109.133703398093303, 19.388506675942381 ], [ -109.587591337270339, 19.367953086965429 ], [ -109.771459745870516, 19.278231407353644 ], [ -109.887304471823882, 19.136011864456009 ], [ -110.390356230255804, 19.148516441980291 ], [ -110.462042020622732, 19.260737205857424 ], [ -110.479253934821202, 19.180178428991383 ], [ -110.842046903541757, 19.104624534894413 ], [ -110.861059354905251, 19.090731407728356 ], [ -111.059545683086753, 18.945734764647739 ], [ -111.634527372640093, 18.812121177950075 ], [ -111.696203397468764, 18.729616905795638 ], [ -111.601476835087851, 18.619059349909094 ], [ -111.758978055692694, 18.649065757878475 ], [ -111.950109648141733, 18.566569115572293 ], [ -112.21341531156736, 18.394617821255508 ], [ -112.222601102958492, 18.326288963564878 ], [ -112.13397805584259, 18.289622093784658 ], [ -112.313726591009356, 18.187678123946341 ], [ -112.51285378867135, 18.115725304179477 ], [ -112.777898954073464, 18.146288658694687 ], [ -112.803716825371168, 18.203783775800673 ], [ -112.994543241877068, 18.185175682112117 ], [ -112.829260038320058, 18.180178429191187 ], [ -112.813131498719656, 18.129690910407248 ], [ -112.471471952368688, 17.97740438080757 ], [ -112.598699735604271, 17.817957664914331 ], [ -113.109533476089041, 17.763788963789693 ], [ -113.163427518864864, 17.729616905995442 ], [ -112.89954202114734, 17.725733543468323 ], [ -112.935949491375879, 17.602679039006489 ], [ -113.117590116490646, 17.539622093484866 ], [ -113.316778349341291, 17.547121788239963 ], [ -113.21481912070584, 17.616564537223667 ], [ -113.340368437153643, 17.684901024762553 ], [ -113.379797147420391, 17.539347435136051 ], [ -113.447332548558222, 17.524340416676921 ], [ -113.4828550094511, 17.589617515835755 ], [ -113.597051786210955, 17.528506065602471 ], [ -113.454534696319172, 17.503786827699969 ], [ -113.480383085211201, 17.451838280212485 ], [ -113.76618020485256, 17.441012169476096 ], [ -113.656500028453536, 17.416285301725338 ], [ -113.638708280862431, 17.331560875034427 ], [ -114.034002470437599, 17.273226524984182 ], [ -113.838995146209015, 17.254626061143881 ], [ -114.003423857125256, 17.199618126175608 ], [ -114.017858671140743, 17.098231102883119 ], [ -114.152319120630864, 17.037958885594151 ], [ -114.062872099367837, 17.018229271663586 ], [ -114.04675881766525, 16.919619346755496 ], [ -113.932043241802148, 16.975176598421342 ], [ -113.594274686927236, 16.964899803483206 ], [ -113.318426298534803, 16.878229881503898 ], [ -113.182043241502356, 16.774615074725943 ], [ -113.251470731688869, 16.764063622338369 ], [ -113.150945829086709, 16.753512169051419 ], [ -113.162969754950211, 16.751864219857907 ], [ -113.254247831871908, 16.739344383536547 ], [ -113.339269803758384, 16.610178733961448 ], [ -113.500097441243895, 16.530459190938984 ], [ -113.787603544368039, 16.509897972113777 ], [ -113.862310575672495, 16.42489888797337 ], [ -113.821478056067406, 16.401011254066191 ], [ -113.994817900026021, 16.377672935957264 ], [ -113.892065213938452, 16.273783470830551 ], [ -114.245916532921626, 16.183512474521137 ], [ -114.003698515474071, 16.177119042110178 ], [ -114.134802030489254, 16.151568199312976 ], [ -114.045110868471795, 16.119059349509428 ], [ -114.098150419506226, 16.086008811957129 ], [ -114.193151640235953, 16.084894920664112 ], [ -114.11563699205351, 16.035456443959788 ], [ -114.228155302025527, 16.05156209581412 ], [ -114.22479836844991, 15.972956444084673 ], [ -114.382848905752383, 16.091837669772701 ], [ -114.353979276822145, 15.987673546297174 ], [ -114.492040800642428, 16.020174767151843 ], [ -114.432043241702218, 15.959620262565124 ], [ -114.466772245142977, 15.917956138964712 ], [ -114.558721708240228, 15.965182090980761 ], [ -114.674261259149773, 15.897959495634268 ], [ -114.925665067988461, 15.915453698029808 ], [ -115.011480497327057, 15.846285606495599 ], [ -114.971777128711494, 15.778231408053102 ], [ -115.219274687276936, 15.731562401683561 ], [ -115.202612088876776, 15.630175377491753 ], [ -115.494817899726286, 15.6865718621018 ], [ -115.527044462232141, 15.615450646330316 ], [ -115.479253934721271, 15.564898277433599 ], [ -115.661504911722261, 15.539347435535774 ], [ -115.628149198226879, 15.444903160452554 ], [ -115.9256650677886, 15.469347740905562 ], [ -115.906500028453536, 15.424341942526667 ], [ -115.99454324127754, 15.422121788889513 ], [ -115.920660185019472, 15.335169578713135 ], [ -116.093420194686189, 15.373224999034505 ], [ -116.437322782420438, 15.211565758453048 ], [ -116.449529813849779, 15.167116905720661 ], [ -116.226476835737344, 15.180178428891452 ], [ -116.337865995619154, 15.120730186648871 ], [ -116.271581815848094, 15.09168889692512 ], [ -116.234533476139006, 15.075457359769359 ], [ -116.259802030739081, 15.037676597796803 ], [ -116.364813017007123, 15.017115379870916 ], [ -116.398718046300758, 14.944620873254735 ], [ -116.537328885919294, 14.948786522180285 ], [ -116.440099882603477, 14.873224999134436 ], [ -116.671209501117573, 14.940737510727615 ], [ -116.705114530411208, 14.793513085060852 ], [ -116.846746610967273, 14.874613548776324 ], [ -116.835638212033814, 14.803782250150789 ], [ -116.978979276972041, 14.71934774060577 ], [ -117.079534696269207, 14.743784691210578 ], [ -117.03845803680889, 14.714625145134391 ], [ -117.108129667749949, 14.667116905820592 ], [ -117.341772245692539, 14.745173240852409 ], [ -117.287878202916716, 14.661013389656262 ], [ -117.491766141694029, 14.614619041635535 ], [ -117.371191190421087, 14.565180564931154 ], [ -117.372594999759372, 14.511568810352344 ], [ -117.576482938536742, 14.50490071869325 ], [ -117.678716825521064, 14.574068810227459 ], [ -118.001745390437407, 14.463793541638665 ], [ -118.01480691360814, 14.421564842543489 ], [ -117.74036233365473, 14.452952172105086 ], [ -117.768407987538581, 14.363230492493301 ], [ -118.026769804282992, 14.408510948321634 ], [ -118.03232400374975, 14.355173851192319 ], [ -118.314550565755951, 14.33961751603556 ], [ -118.541479276547363, 14.160181785760869 ], [ -118.429266141619109, 14.142954612765209 ], [ -118.451757596935522, 14.190180565680635 ], [ -118.349249052501762, 14.23684194220192 ], [ -118.098699735404409, 14.179072166747119 ], [ -118.291235136292471, 14.129900719442674 ], [ -118.228979277171845, 14.068789269209447 ], [ -118.012029814324421, 14.129343772896846 ], [ -118.248968290654034, 14.020731713198074 ], [ -118.302038358383527, 14.068506981012433 ], [ -118.307592557850228, 13.958506370772454 ], [ -118.392889188984839, 13.990450645980559 ], [ -118.331487821605663, 13.889345909985821 ], [ -118.457891630694178, 13.919619347355024 ], [ -118.400396512688872, 13.953234459502767 ], [ -118.486761259624416, 13.931849266530492 ], [ -118.493963407385309, 13.989893700334051 ], [ -118.365362333305029, 14.080454612890094 ], [ -118.520086454626153, 14.095736290597358 ], [ -118.455389188859954, 14.056841637331729 ], [ -118.547338651957205, 14.005457665339009 ], [ -118.587865995619154, 14.041010643826212 ], [ -118.551763700434378, 13.956286217135244 ], [ -118.627599881829042, 13.932680870525814 ], [ -118.539282011555542, 13.914339806237138 ], [ -118.561498807623821, 13.850733544017885 ], [ -118.746191191270441, 13.906565453133226 ], [ -118.818975615032571, 13.81017568276161 ], [ -119.251196073939639, 13.771006371147166 ], [ -119.315923856400843, 13.682123924479583 ], [ -119.35788552699546, 13.79268148126539 ], [ -119.435094999234821, 13.776842857911618 ], [ -119.395116972270444, 13.655176903091672 ], [ -119.453817533452366, 13.564116265153586 ], [ -119.515081571657163, 13.469065453108215 ], [ -119.647344755256199, 13.498232628133337 ], [ -119.506475614557928, 13.530733848988007 ], [ -119.598974394352808, 13.557398583078168 ], [ -119.523138212058825, 13.59073140792816 ], [ -119.571203397918453, 13.633784081170461 ], [ -119.513403104869383, 13.709620262565124 ], [ -119.732580351202216, 13.746844078891172 ], [ -119.755102323213634, 13.679346825195864 ], [ -119.930944609006474, 13.683787132470229 ], [ -119.956487821955363, 13.592394615918863 ], [ -120.045660184869575, 13.626841332061872 ], [ -120.039556669604565, 13.554621482895186 ], [ -120.325384305940929, 13.541842247022146 ], [ -120.256750273206535, 13.498232628133337 ], [ -120.399267363098318, 13.373781945080736 ], [ -120.483709501592216, 13.504069114897788 ], [ -120.651495146084073, 13.440180565380842 ], [ -120.548162626603926, 13.399065758478002 ], [ -120.563146757316986, 13.357676293226405 ], [ -120.701757596935522, 13.347399498288269 ], [ -120.790929960749054, 13.414622093634762 ], [ -121.135076689237792, 13.244616295505693 ], [ -121.394567656072411, 13.255175377741523 ], [ -121.377020048336533, 13.376841331662149 ], [ -121.265356230105908, 13.468508507461706 ], [ -121.030096220564076, 13.428789879149633 ], [ -121.453985380720724, 13.518503929812539 ], [ -121.602880644226332, 13.409899498163384 ], [ -121.590643095202665, 13.301287437565236 ], [ -121.797613310106158, 13.106287743184851 ], [ -121.93372170878979, 13.128504540152448 ], [ -121.859258817340503, 12.997675682586703 ], [ -121.979253935220925, 12.974619652674903 ], [ -122.030401396307354, 13.009066368817912 ], [ -121.991460966650266, 13.061838890452464 ], [ -122.114538358858169, 13.006846215180758 ], [ -122.115636991354052, 12.920450950650888 ], [ -122.327398465866452, 12.930262352725435 ], [ -122.41620461854825, 13.003512169351211 ], [ -122.252874540127891, 12.998514915530961 ], [ -122.489813017356823, 13.165453697230419 ], [ -122.453710722172048, 13.189066673688103 ], [ -122.537603543968373, 13.191012168976442 ], [ -122.613134550319216, 13.115175987581836 ], [ -122.496465849319463, 13.058230187173422 ], [ -122.539831327453783, 12.962954308094879 ], [ -122.453985380520862, 12.851008201667241 ], [ -122.543981718481461, 12.946284080745784 ], [ -122.627020048536394, 12.843783165260902 ], [ -122.769262480079362, 12.82767751340657 ], [ -122.866186308351416, 12.890734458928193 ], [ -122.80899636628925, 12.915179039381201 ], [ -123.075933622538628, 13.035456444559316 ], [ -123.130651640360895, 12.993510032761833 ], [ -123.100378202991635, 12.911288047905146 ], [ -122.935949491176018, 12.833231712873328 ], [ -123.251745389837822, 12.70767476657727 ], [ -123.277319120381094, 12.752398277658415 ], [ -123.166204618848042, 12.80850484512257 ], [ -123.243688749436217, 12.81489827753353 ], [ -123.227300810284135, 12.854624534794482 ], [ -123.129797147720183, 12.853235985152651 ], [ -123.214544462157164, 13.017397667568332 ], [ -122.908453153989853, 13.139895226383658 ], [ -122.964544462656818, 13.069346215055816 ], [ -122.77008645422643, 13.082117821080601 ], [ -122.724249051852212, 13.122950340685748 ], [ -122.781774686552524, 13.161844993951377 ], [ -122.379522489970896, 13.270174767251774 ], [ -122.393163847433584, 13.340449120230744 ], [ -122.501470732088592, 13.323229576184019 ], [ -121.673437284503052, 13.787676597596942 ], [ -121.088140653468372, 13.902399803308299 ], [ -121.259527372290393, 13.847124839839523 ], [ -121.135626005036045, 13.838228966493659 ], [ -120.765905546004092, 13.886286522505031 ], [ -120.752599882078869, 13.828509117202032 ], [ -120.917333768938249, 13.792399193068377 ], [ -120.819830107273617, 13.771837975142489 ], [ -120.837591337270339, 13.719622399154446 ], [ -120.687597441268849, 13.606562401433735 ], [ -120.550939725887588, 13.62739827770838 ], [ -120.650121855239377, 13.672396446239077 ], [ -120.678991484169615, 13.775728966618544 ], [ -120.392614530236358, 13.762949730745504 ], [ -120.355657743310189, 13.689348960885866 ], [ -120.141210722296989, 13.66628530202513 ], [ -120.206213163106952, 13.7179591911638 ], [ -120.130071805769205, 13.741839196122044 ], [ -120.460943387926989, 13.825457359569555 ], [ -120.258978055792625, 14.165728356278692 ], [ -119.728704618523295, 14.436571861901939 ], [ -119.100652860341199, 14.589892173884778 ], [ -119.15567605410655, 14.593508507012018 ], [ -119.127020048336533, 14.623781944381278 ], [ -118.753423856625659, 14.789065147938288 ], [ -118.917059110989157, 14.690737511227212 ], [ -118.837591337670062, 14.736567283753175 ], [ -118.687826322726551, 14.697493339845835 ], [ -118.532049345301004, 14.656847740730711 ], [ -118.59146706994926, 14.872950340785621 ], [ -118.540380644051424, 14.9490611805291 ], [ -118.176763700284482, 15.219904686152404 ], [ -117.94647805591751, 15.259348656115662 ], [ -117.829534696568942, 15.387675071847127 ], [ -117.570104764922917, 15.463236595792296 ], [ -117.548711943001763, 15.370447899750843 ], [ -117.28372781188898, 15.390734459327859 ], [ -117.288458036309294, 15.455729271188943 ], [ -117.340643094703012, 15.441012168976442 ], [ -117.311773465772774, 15.389063622388335 ], [ -117.483984159641238, 15.384897972563408 ], [ -117.491766141694029, 15.51767232541755 ], [ -117.598150419706087, 15.539065148238024 ], [ -117.501470732188523, 15.98545339266002 ], [ -117.285101102733677, 16.102396752008531 ], [ -117.030096220464145, 16.058230186573894 ], [ -117.226476835537483, 16.1348979728632 ], [ -117.356756376405599, 16.107950951475289 ], [ -117.456487821555697, 16.199343468026655 ], [ -117.440649198201925, 16.288790489289681 ], [ -117.15486733825702, 16.507475640088785 ], [ -117.116491484094695, 16.536844994401008 ], [ -116.829809355117618, 16.631563926933723 ], [ -116.963140653618211, 16.659899498862842 ], [ -116.8376065959676, 16.795431877279384 ], [ -116.746755766265551, 16.893534446957233 ], [ -116.670660185319264, 17.047121788339894 ], [ -116.756475614657859, 16.999346519626215 ], [ -116.774816678946536, 16.90517690289181 ], [ -117.003423856525728, 16.770174766552259 ], [ -117.04495828079996, 16.759951378753158 ], [ -118.090368436653989, 16.502680565555693 ], [ -118.225103544492924, 16.555170799892551 ], [ -118.257574247753325, 16.643786217160255 ], [ -118.456213163906341, 16.708231713223029 ], [ -118.38620583942793, 16.844897056653906 ], [ -118.311498808123474, 16.867670799268012 ], [ -118.383978055942521, 16.895174767201809 ], [ -118.071203398218245, 16.90517690289181 ], [ -117.915105986052367, 16.766566063273274 ], [ -117.884252714391209, 16.800730492118589 ], [ -118.020910428873151, 16.924067283878117 ], [ -118.314825224104766, 16.972681786435373 ], [ -118.428442167472042, 17.071009423146393 ], [ -118.337316679421178, 16.950449730670584 ], [ -118.618414091337229, 16.769343162556936 ], [ -118.6800901161659, 16.857401635077451 ], [ -118.635931181478782, 16.888788963739728 ], [ -118.714819120505979, 16.866839195272689 ], [ -118.653997587418701, 16.813792015289323 ], [ -118.670934843268356, 16.666842247072111 ], [ -118.775945829536397, 16.629343773296569 ], [ -118.693426298584768, 16.686571861901939 ], [ -118.737035917473577, 16.711283470855562 ], [ -118.803716825970696, 16.6646220934349 ], [ -118.595647977672002, 16.387957359844336 ], [ -118.729803251219039, 16.298228050384296 ], [ -118.948156522505485, 16.320734764497843 ], [ -119.32120339751873, 16.678507591652078 ], [ -119.5420591106394, 16.732119347130208 ], [ -119.518682645987269, 16.848231102483453 ], [ -119.66010110338317, 16.83017232549247 ], [ -119.654272245567654, 16.749903465772377 ], [ -119.810644316082289, 16.666842247072111 ], [ -119.907324003599854, 16.781290794434653 ], [ -120.141210722296989, 16.791285302075096 ], [ -120.211492704224895, 16.846285607195057 ], [ -120.144567655872606, 16.877947594206148 ], [ -120.218145536187535, 16.955454613439713 ], [ -120.724981473616083, 16.73257329612079 ], [ -120.788152860566015, 16.781290794434653 ], [ -121.189001249607941, 16.705729271388805 ], [ -121.15495889113987, 16.671156669944423 ], [ -121.223058866873203, 16.629771019616896 ] ] ], [ [ [ -132.17151467756031, 18.198511864530985 ], [ -132.490636991304086, 18.220736290447519 ], [ -132.939855741249403, 18.390169884132888 ], [ -132.935674833526718, 18.433787132869952 ], [ -132.808172391942321, 18.499621177675238 ], [ -132.735937284877764, 18.38073232303833 ], [ -132.279302763112014, 18.289622093784658 ], [ -132.100683378035455, 18.212954308394671 ], [ -132.17151467756031, 18.198511864530985 ] ] ], [ [ [ -126.000646757242009, 18.30601003293674 ], [ -125.955694365102829, 18.224070336277066 ], [ -125.572912382000823, 18.190455223230003 ], [ -125.622045682762007, 18.061564232003775 ], [ -125.564275907307263, 17.993220116415273 ], [ -125.617071317587204, 17.962115075050747 ], [ -125.43207375889682, 17.875162864874369 ], [ -125.503698514974474, 17.797945762786753 ], [ -126.15704934535097, 17.739619041685501 ], [ -126.008154081845362, 17.707110191881895 ], [ -125.993993925279369, 17.653780723701459 ], [ -127.018163847183757, 17.892946983516538 ], [ -127.207342313596882, 17.967402245117569 ], [ -127.342352079784632, 18.103235985452443 ], [ -126.730657743160293, 18.100451256320468 ], [ -126.69952981404964, 18.176005150417382 ], [ -126.387334989717942, 18.274615074426208 ], [ -126.287878202916716, 18.236567283953036 ], [ -126.000646757242009, 18.30601003293674 ] ] ], [ [ [ -124.067602323588346, 12.49990346527278 ], [ -124.27789895447313, 12.33850362424289 ], [ -124.536779569421583, 12.286570335552597 ], [ -124.744817900125952, 12.321009422746727 ], [ -124.843145536837028, 12.482950950625934 ], [ -124.595647978271529, 12.564066674037804 ], [ -124.379522489571229, 12.812121178249811 ], [ -124.11093728502766, 12.783236290522439 ], [ -124.027319120680829, 12.861567283903071 ], [ -123.660101102583781, 12.951838280212485 ], [ -123.421484159466331, 12.942126060769112 ], [ -123.251470731489007, 12.672121788090124 ], [ -123.036504911372504, 12.661844994051307 ], [ -122.940099882203754, 12.564066674037804 ], [ -123.260351346937057, 12.650179649471283 ], [ -123.327886747175626, 12.554064537448482 ], [ -123.491460966350473, 12.506563927083619 ], [ -124.067602323588346, 12.49990346527278 ] ] ], [ [ [ -126.534826444784585, 11.419337059657607 ], [ -126.600927518989749, 11.442950035216029 ], [ -126.557317900100998, 11.377672936057195 ], [ -126.680669950657659, 11.459337975267374 ], [ -126.644323514718394, 11.342119957570048 ], [ -126.777074979826409, 11.373224998934575 ], [ -127.033178495491143, 11.312395835999098 ], [ -127.390356229556289, 11.152392174459351 ], [ -127.556524442449017, 11.13322713512423 ], [ -127.734258818189858, 11.199892784824215 ], [ -127.582891630444351, 11.280459190639192 ], [ -127.374822783044976, 11.268229271463781 ], [ -127.368139432588691, 11.331286216985347 ], [ -127.215673612347302, 11.301279808116703 ], [ -127.194555448774906, 11.365999962528292 ], [ -127.052343534826264, 11.361841942551678 ], [ -127.073705839153149, 11.415446068181552 ], [ -126.853735136267517, 11.421831871643633 ], [ -127.051489042185494, 11.489062095939005 ], [ -126.887579130372558, 11.51127889290666 ], [ -126.955145048205395, 11.561564232403441 ], [ -126.921514677260518, 11.597674156537153 ], [ -126.792059110539469, 11.603785301650419 ], [ -126.692876982087, 11.521281029495981 ], [ -126.71704690329193, 11.596277977047066 ], [ -126.597875761357272, 11.613222862744976 ], [ -126.921514677260518, 11.647394920539227 ], [ -127.052343534826264, 11.749338890377544 ], [ -126.642095732132304, 11.904902244642926 ], [ -126.482580351202216, 11.861841942451747 ], [ -126.528997586969012, 11.814615990435641 ], [ -126.491216825895776, 11.724070335777412 ], [ -126.34763162020306, 11.781000877388635 ], [ -126.265112089251488, 11.897951866585402 ], [ -126.260381864831174, 11.840723777980031 ], [ -126.155981229550093, 11.869890953904473 ], [ -126.155981229550093, 11.80461385384632 ], [ -126.106512236150763, 11.824061180479134 ], [ -126.428716826020661, 11.678499961903754 ], [ -126.379797147520321, 11.668223167864937 ], [ -126.462316679371213, 11.606013085135828 ], [ -126.375402616637416, 11.585451866310621 ], [ -126.306768583003645, 11.652125144959541 ], [ -126.263433622463651, 11.611010338056701 ], [ -126.223180937150516, 11.674608971327018 ], [ -126.168707060082738, 11.574335838428226 ], [ -126.429815458516543, 11.523501183133135 ], [ -126.482305692853402, 11.43101003318651 ], [ -126.555425810152997, 11.489062095939005 ], [ -126.534826444784585, 11.419337059657607 ] ] ], [ [ [ -126.110937284627937, 11.600451255820872 ], [ -126.184820340886006, 11.688792015639081 ], [ -125.981512235501214, 11.735171104862673 ], [ -126.110937284627937, 11.600451255820872 ] ] ], [ [ [ -127.686803984216454, 11.391276146077303 ], [ -127.740392851049194, 11.276552941265265 ], [ -128.177038358433435, 11.131846214431278 ], [ -128.36179177636933, 10.942683006815344 ], [ -128.998968290753965, 10.71489217443434 ], [ -128.77179543920812, 10.834063316368997 ], [ -128.659826445034355, 10.96351125414111 ], [ -128.685369657983301, 11.043223168214695 ], [ -128.512884305766079, 11.167956139464309 ], [ -128.25040261648752, 11.155459190889019 ], [ -128.320135282617173, 11.228792931348778 ], [ -128.243444608581797, 11.371287132595114 ], [ -127.897070097506969, 11.459337975267374 ], [ -127.686803984216454, 11.391276146077303 ] ] ], [ [ [ -134.050420926784284, 10.314341331487299 ], [ -133.880926297910264, 10.21711995712036 ], [ -133.954565214313163, 10.119334008157978 ], [ -134.085638212633398, 10.11877706161215 ], [ -133.990087675206041, 9.999621178474683 ], [ -134.323461698298729, 10.002955223404911 ], [ -134.266180204352906, 9.993777061861977 ], [ -134.305151151604321, 9.933230187123513 ], [ -134.412634062112261, 9.986284996055758 ], [ -134.376745390087649, 9.930727745289289 ], [ -134.5931455362375, 9.946558738794806 ], [ -134.611242460671008, 9.897951866985125 ], [ -135.227331327278876, 9.909891869014587 ], [ -134.913427518565072, 9.917673851067434 ], [ -134.795965361012577, 10.007403160527474 ], [ -134.468725370779225, 9.996561790993894 ], [ -134.388464140008011, 10.036288048254846 ], [ -134.44040505764724, 10.072680260585628 ], [ -134.123724149649775, 10.138788963739728 ], [ -134.337621854864665, 10.208781029421004 ], [ -134.050420926784284, 10.314341331487299 ] ] ], [ [ [ -136.830114530661035, 9.480173851042423 ], [ -136.863744901605912, 9.553499962553303 ], [ -136.707037138453131, 9.665720726430436 ], [ -136.796758818064973, 9.702112938761161 ], [ -136.593969510884165, 9.679072166747119 ], [ -136.670660184919541, 9.720454003049838 ], [ -136.592046903341895, 9.748514915730823 ], [ -136.663183377910514, 9.841006065677448 ], [ -136.447363066052617, 9.879336144347633 ], [ -136.437597441268849, 9.80572011569086 ], [ -136.533727812088841, 9.752955223904507 ], [ -136.3178769817373, 9.732111717781606 ], [ -136.321233915312916, 9.626002098118363 ], [ -136.398168730102782, 9.649058128929539 ], [ -136.689581083500173, 9.499895836024052 ], [ -136.717901395732781, 9.609888817315095 ], [ -136.830114530661035, 9.480173851042423 ] ] ], [ [ [ -137.799291776394341, 9.487665916848641 ], [ -137.992315458791381, 9.560450340610771 ], [ -137.846746610367745, 9.660448815160748 ], [ -138.106512235551179, 9.772394920689067 ], [ -137.837621855064526, 9.814898278133057 ], [ -137.725683378485087, 9.727946067956736 ], [ -137.510961698223753, 9.747957970084315 ], [ -137.688726591558918, 9.684618736365621 ], [ -137.799291776394341, 9.487665916848641 ] ] ], [ [ [ -130.975683378485087, 21.328509117501824 ], [ -131.340368437153643, 21.210177208511425 ], [ -131.622625516754169, 21.266276146127268 ], [ -131.742315458691451, 21.404345298896487 ], [ -131.631750272956708, 21.563235070042481 ], [ -131.627905057872113, 21.685457970508992 ], [ -131.570135282417311, 21.688792015439219 ], [ -131.525945829236605, 21.590166832633258 ], [ -131.294286894024935, 21.538782860640538 ], [ -131.400396512788802, 21.54073598487787 ], [ -131.435949491275949, 21.510454918559674 ], [ -131.380102323363474, 21.492396141568747 ], [ -131.21680276343676, 21.529619956995475 ], [ -130.805975126450903, 21.46711995712036 ], [ -130.543157743634936, 21.573511864081297 ], [ -130.191503690542845, 21.589892174284444 ], [ -129.957586454251441, 21.491282250275674 ], [ -129.92319314434809, 21.432390953679601 ], [ -129.97479836844991, 21.381563927333445 ], [ -129.068182157780313, 21.194620873354665 ], [ -128.581792997748607, 21.198778893331337 ], [ -128.741491484244591, 21.051005150067681 ], [ -129.216802762937107, 21.078783775450916 ], [ -129.545141386565717, 20.839892173984708 ], [ -129.696783231760719, 21.02099874119898 ], [ -129.869039702020586, 21.038611199047637 ], [ -130.128698514724647, 21.178232933303264 ], [ -130.748174833401833, 21.357676292526946 ], [ -130.975683378485087, 21.328509117501824 ] ] ], [ [ [ -105.988439726212334, 18.288508202491585 ], [ -106.493688749636078, 18.133784081170461 ], [ -106.568975614333112, 18.183512474121414 ], [ -106.377599882028903, 18.263232018043254 ], [ -106.615636991753718, 18.270449425500658 ], [ -106.472326444409873, 18.378229882103426 ], [ -105.988439726212334, 18.288508202491585 ] ] ], [ [ [ -106.82926003861985, 18.182123924479583 ], [ -107.130376981612358, 18.024897362223555 ], [ -107.257024931455362, 17.922396446738674 ], [ -107.243414091586999, 17.871004844897698 ], [ -107.371771024912846, 17.842119957170326 ], [ -107.36121194267696, 17.764338280487323 ], [ -107.801763700334448, 17.686571861702078 ], [ -107.632574247403568, 17.789622093884589 ], [ -107.692327665589232, 17.81711843197013 ], [ -107.558996366189319, 17.866007591976825 ], [ -107.588445829411455, 17.894617821355439 ], [ -107.08453957923814, 18.141283775925558 ], [ -107.085088895935769, 18.249064232528383 ], [ -106.900396513188525, 18.238230491943682 ], [ -106.989813016857227, 18.166567589322824 ], [ -106.82926003861985, 18.182123924479583 ] ] ], [ [ [ -111.982580351402078, 16.256014610985574 ], [ -112.037603544268109, 16.128229882103426 ], [ -111.886480497277091, 16.243227745264278 ], [ -111.853979276422422, 16.176844383761363 ], [ -111.971777128411702, 16.052119041460628 ], [ -112.083166288293512, 16.070177818451612 ], [ -112.138708280262904, 16.163233543893 ], [ -112.211218046575539, 16.136568809802782 ], [ -112.190649198801452, 16.083231712673467 ], [ -112.258978056492083, 16.09267690361628 ], [ -112.16592995999963, 16.023508812082071 ], [ -112.43427102468803, 15.981005455537399 ], [ -112.45093362218887, 16.103510643301604 ], [ -112.517858671440479, 15.974344993726504 ], [ -112.664007353256693, 15.9679591911638 ], [ -112.678442167272181, 15.888232018293081 ], [ -113.122869657608589, 16.064898277333668 ], [ -113.072607206757141, 16.112398887698532 ], [ -112.796209501667136, 16.061007286756933 ], [ -112.997320341160787, 16.160181786260466 ], [ -112.904272245567654, 16.199343468026655 ], [ -112.651495145884269, 16.153788353849507 ], [ -112.654546903516746, 16.257403160627405 ], [ -112.775945829836132, 16.303232933153367 ], [ -112.583440946542396, 16.318232323562938 ], [ -112.549535917248761, 16.372950340485886 ], [ -112.388433622313812, 16.3585078966222 ], [ -112.417883085535948, 16.309344078266633 ], [ -112.290655302300308, 16.211565758253187 ], [ -112.238989042110575, 16.317118431370545 ], [ -111.982580351402078, 16.256014610985574 ] ] ], [ [ [ -93.847326444459782, 15.196009422396969 ], [ -94.066198514849532, 15.280176903441372 ], [ -93.973699735954028, 15.150179649871006 ], [ -94.251745390237545, 14.976015831765267 ], [ -94.503973173223301, 14.905176903291476 ], [ -94.470373319872749, 15.044901635102406 ], [ -94.525671171087652, 15.111567283903071 ], [ -94.403448270621141, 15.114619041535605 ], [ -94.473150419156468, 15.166567589023089 ], [ -94.343969510784234, 15.208231712623501 ], [ -94.447332547858764, 15.287401939847712 ], [ -94.232580350902424, 15.224070335977274 ], [ -94.196203398268153, 15.284624840563993 ], [ -94.360082792486821, 15.289347435136051 ], [ -94.463995146258981, 15.385454918209973 ], [ -94.247594999209809, 15.442126061168835 ], [ -94.464819120406048, 15.40156819991256 ], [ -94.5523130174318, 15.503237511402062 ], [ -94.695104764773021, 15.939898277583495 ], [ -94.619817900075986, 16.0771205675602 ], [ -94.680395292408775, 16.000452782170214 ], [ -94.803991483719983, 16.1010082023667 ], [ -94.771459745270988, 16.150179649671145 ], [ -94.83676736292341, 16.177675987756686 ], [ -94.848150419306364, 16.303507591502182 ], [ -94.695379423121835, 16.219347740306034 ], [ -94.57730691368306, 16.058504844922709 ], [ -94.060644315382831, 16.055453087290175 ], [ -94.069280790076391, 15.979342247546754 ], [ -93.783453153740027, 15.692957664664561 ], [ -93.767309355342434, 15.568506981611961 ], [ -93.682043241802148, 15.493784691510371 ], [ -93.851751493836332, 15.580172325292608 ], [ -94.123418973606704, 15.922396446239077 ], [ -94.047613309806366, 15.89017751358142 ], [ -94.201208281037282, 15.987673546297174 ], [ -94.15317361277198, 15.924067284077921 ], [ -94.211492704924353, 15.924341942426736 ], [ -94.115087674856284, 15.870730186948606 ], [ -94.209814238136516, 15.884066368468154 ], [ -94.177313017281904, 15.722956444584327 ], [ -94.128423857275152, 15.754626060544297 ], [ -93.935094999834348, 15.579340721297285 ], [ -93.965917753001861, 15.54101064352642 ], [ -93.828161406024037, 15.516840721422227 ], [ -93.731756375955968, 15.356287743184851 ], [ -93.971197294119804, 15.397127891738876 ], [ -93.933447050640837, 15.371004845397351 ], [ -93.989813016757296, 15.359621788115078 ], [ -93.862585233521656, 15.339892174184513 ], [ -93.886755155625906, 15.303782250050858 ], [ -93.773412870607444, 15.311281944805955 ], [ -93.754797147969953, 15.249621177875099 ], [ -93.847326444459782, 15.196009422396969 ] ] ], [ [ [ -94.407324003300062, 16.233782555220785 ], [ -94.151220487635385, 16.090731407428564 ], [ -94.499517607151802, 16.133509422322049 ], [ -94.574560331094347, 16.198786522380146 ], [ -94.407324003300062, 16.233782555220785 ] ] ], [ [ [ -95.777456449655404, 15.883780266246333 ], [ -95.251470731688869, 15.692957664664561 ], [ -95.207586454451302, 15.650736595417584 ], [ -95.248418974056392, 15.616282250325639 ], [ -94.806768583003645, 15.649065758478002 ], [ -94.703161406074003, 15.377115990510617 ], [ -94.879797147520321, 15.346285606595529 ], [ -95.695654081270789, 15.659067894168004 ], [ -95.59454934527605, 15.569903160202728 ], [ -95.695104765472536, 15.535456444059719 ], [ -95.462042020922468, 15.484339500567557 ], [ -95.548162626204203, 15.447123314089708 ], [ -95.447332548558222, 15.434626366413738 ], [ -95.438451933110173, 15.355173851891777 ], [ -95.579534696968665, 15.258509423171404 ], [ -95.73148171810675, 15.284067894018165 ], [ -95.902044461882383, 15.407679345025826 ], [ -95.670934843368286, 15.331560875434093 ], [ -95.957311796402223, 15.49156453787316 ], [ -95.843145536337374, 15.512125755799048 ], [ -96.010076689087896, 15.512949729946115 ], [ -95.980077909168131, 15.578509117301962 ], [ -96.119268583078622, 15.679903771342026 ], [ -96.305944608556786, 15.716570641122246 ], [ -96.299215482608417, 15.729590202825648 ], [ -96.217870878138456, 15.886843467751874 ], [ -95.922857450410959, 15.739043022717397 ], [ -95.92276589762804, 15.739004875274816 ], [ -95.922338652206975, 15.738787438089844 ], [ -95.922735380033714, 15.739046837641467 ], [ -96.323705839452884, 16.003512169650946 ], [ -96.162054227820306, 16.000452782170214 ], [ -96.246465848719879, 16.108507897121797 ], [ -96.167059110589435, 16.114619042235063 ], [ -96.085638212133745, 15.976565148263035 ], [ -95.993139433238241, 15.95295217180535 ], [ -96.071783231510892, 16.073511864281159 ], [ -96.000646756942217, 16.114893699684558 ], [ -95.857305692903367, 16.05572774563899 ], [ -95.686498808373244, 16.173228050634066 ], [ -95.373968290504195, 16.051287437465305 ], [ -95.495367215924261, 15.939623619234681 ], [ -95.672063993458494, 15.941843773771211 ], [ -95.513708281112258, 15.905459190389365 ], [ -95.68399636653902, 15.877672936057195 ], [ -95.539282010756153, 15.84073140792816 ], [ -95.290655302100447, 16.035174156662038 ], [ -94.832861112650164, 15.931566978833075 ], [ -94.797338651757343, 15.824900413523324 ], [ -94.861486600825913, 15.781008507336821 ], [ -94.808721708140297, 15.735453392260297 ], [ -95.096197294569436, 15.837954307745179 ], [ -94.82178323221035, 15.702677513956132 ], [ -94.902044462082245, 15.672678734036424 ], [ -95.125921415241066, 15.675730491668901 ], [ -95.778997587268805, 15.884341026816969 ], [ -95.777456449655404, 15.883780266246333 ] ] ], [ [ [ -113.282049345001212, 15.0543391952977 ], [ -113.353155301975562, 15.00712087312985 ], [ -113.436224149624763, 15.067118431170684 ], [ -113.391485380645747, 14.959620262764986 ], [ -113.648168729703059, 14.941843773071696 ], [ -113.489538359008009, 14.943789269259412 ], [ -113.562597441118953, 14.905459190589227 ], [ -113.444830106723998, 14.874064232078695 ], [ -113.500921415390962, 14.829897667543378 ], [ -113.572332548308395, 14.864893700384016 ], [ -113.665929960599158, 14.786013390305754 ], [ -113.585638212233675, 14.76240041384807 ], [ -113.871191191120545, 14.634341026617108 ], [ -114.040929960749054, 14.641840721372262 ], [ -113.664831327203956, 14.886011863956412 ], [ -113.854803251069143, 14.884623314314581 ], [ -113.629247831122484, 15.026560569914409 ], [ -113.695928739619603, 15.047121788739616 ], [ -113.987859892120298, 14.8590648425685 ], [ -114.000921415291032, 14.939898277783357 ], [ -113.856207060407485, 15.012400414247793 ], [ -114.357885527095391, 15.022677208286609 ], [ -114.355108426912352, 14.961008812406817 ], [ -114.275945829536397, 14.941286827425188 ], [ -114.158147977547117, 15.012675072596551 ], [ -113.992590116540612, 15.012125755898978 ], [ -114.052618193075091, 14.85267903910642 ], [ -114.186224149924556, 14.803507591801974 ], [ -114.183447050640837, 14.758509422372015 ], [ -114.127874540177856, 14.778231407353644 ], [ -114.189275907557032, 14.744616295205901 ], [ -114.2186948531849, 14.822954918434789 ], [ -114.421484159466331, 14.886286522305227 ], [ -114.418707060182669, 15.043513084561255 ], [ -114.498693632605011, 15.156290794984272 ], [ -114.69260232343845, 15.181849266730353 ], [ -114.645116971870721, 15.196566368942797 ], [ -114.698431181253966, 15.235453392360228 ], [ -114.5961972942697, 15.231287743434677 ], [ -114.619268582978691, 15.317957664514665 ], [ -114.439825223755065, 15.440180564981119 ], [ -114.403997586919047, 15.410738731607239 ], [ -114.408453153889923, 15.474344993826435 ], [ -114.290105986102333, 15.460177208311563 ], [ -114.338140653468372, 15.475458886018828 ], [ -114.239813016757296, 15.54101064352642 ], [ -114.107885526695668, 15.564066673438276 ], [ -113.887579130272627, 15.531008506937098 ], [ -113.867864775139253, 15.45989492101387 ], [ -113.999242948503252, 15.434344078216668 ], [ -113.839819120356083, 15.437678124046215 ], [ -113.777624296424108, 15.300730492418325 ], [ -113.519537138028454, 15.165179039381201 ], [ -113.699529813949709, 15.296282555295761 ], [ -113.742864774489703, 15.463236595792296 ], [ -113.57315652245552, 15.440455223329934 ], [ -113.771764921014267, 15.538790489889266 ], [ -113.472601103158354, 15.508234764322992 ], [ -113.798162626603926, 15.603510643401535 ], [ -113.819830106873894, 15.706843162881739 ], [ -113.533178495491143, 15.785731102808199 ], [ -113.397070096807511, 15.52183797524242 ], [ -113.417608426987272, 15.612124229449705 ], [ -113.32620828058765, 15.595736290297623 ], [ -113.389532255509152, 15.663508202341689 ], [ -113.206762480304178, 15.621561790544263 ], [ -113.363409208268308, 15.738230492443336 ], [ -113.104528593319912, 15.684069420267576 ], [ -113.067327665639198, 15.599901940122493 ], [ -113.13120095635901, 15.792124535219159 ], [ -112.9398252240548, 15.727122093509877 ], [ -113.167333769138111, 15.901011254166121 ], [ -112.708440946292626, 15.812678124196111 ], [ -112.803167509572859, 15.725176598221481 ], [ -112.767858670940882, 15.622675682736599 ], [ -112.74313943303838, 15.731287743334747 ], [ -112.511755155276148, 15.752123619609392 ], [ -112.510626005185941, 15.824343467876815 ], [ -112.217870878538179, 15.709894920514216 ], [ -112.442327665089636, 15.594340110807536 ], [ -112.337591337170466, 15.618227745614035 ], [ -112.379797147620252, 15.544344688456647 ], [ -112.290105985602736, 15.581560875833816 ], [ -112.326757597485084, 15.500452782270145 ], [ -112.042883085386052, 15.50017812392133 ], [ -112.236761259524485, 15.319903160702381 ], [ -112.848150419306364, 15.416567589422755 ], [ -112.801763700234517, 15.379618431445522 ], [ -112.934820341285672, 15.327120568159728 ], [ -112.695928739819465, 15.364336754637577 ], [ -112.494543241976999, 15.275728966318809 ], [ -112.525396512738837, 15.213511253741444 ], [ -112.729803251518831, 15.164622093734692 ], [ -112.771459745270988, 15.242953087115325 ], [ -113.053442167422077, 15.244341636757156 ], [ -113.064550565456216, 15.196009422396969 ], [ -112.847601102608792, 15.149622704224498 ], [ -113.280401395807758, 15.1029536978549 ], [ -113.282049345001212, 15.0543391952977 ] ] ], [ [ [ -94.54511086877153, 14.058787132620125 ], [ -94.93814675726702, 14.424067284377713 ], [ -94.739263700359459, 14.581286216785543 ], [ -94.857031034754414, 14.520449424901074 ], [ -94.828710722521805, 14.60573079723855 ], [ -94.872045683061799, 14.612673546347139 ], [ -95.006750273306409, 14.49434163735674 ], [ -95.013982938661627, 14.56045034051084 ], [ -94.883703397793511, 14.652125145259276 ], [ -95.079809354518034, 14.570734764397912 ], [ -95.01148049772678, 14.723231102233626 ], [ -95.156774686902224, 14.679072166647245 ], [ -95.260351347136918, 14.728792930649263 ], [ -95.179815458016947, 14.7876765982964 ], [ -95.242864774589634, 14.861841941852163 ], [ -95.055944608356981, 14.930460716688799 ], [ -95.256475614457997, 14.976015831765267 ], [ -95.258428739594592, 15.033785607220068 ], [ -95.155676054406342, 15.059618736415587 ], [ -95.297613310006227, 15.045458580748971 ], [ -95.229253934721271, 15.14406850475774 ], [ -95.423711943151602, 15.125452782120249 ], [ -95.564001249557975, 15.242121483120002 ], [ -95.360937284927729, 15.246569420242622 ], [ -95.498693631905553, 15.287676598196526 ], [ -95.41646401809993, 15.331595207952546 ], [ -95.405676053906745, 15.402956749554392 ], [ -95.204260038469954, 15.428507591452217 ], [ -95.172063993558424, 15.399622703724845 ], [ -95.28928201125575, 15.334620262914825 ], [ -95.057317900100998, 15.374338890327579 ], [ -95.091772245192942, 15.320452476500634 ], [ -94.893713163331768, 15.295458580249317 ], [ -94.797338651757343, 15.225458885619105 ], [ -94.890630888104965, 15.238505149992704 ], [ -94.837591337070535, 15.216570641222177 ], [ -94.874792264751193, 15.190455223829588 ], [ -94.72592751883991, 15.14378621745999 ], [ -94.507879423496547, 14.616839195272689 ], [ -94.54511086877153, 14.058787132620125 ] ] ], [ [ [ -95.591772245093011, 15.212679649746065 ], [ -95.447332548558222, 15.12489583647374 ], [ -95.516180204452837, 15.127398277408645 ], [ -95.43759744046946, 15.025172020272578 ], [ -95.520635770524336, 14.900179649471283 ], [ -95.72925393462134, 14.883784081370322 ], [ -95.715643094752977, 14.9790675893978 ], [ -95.600378202192246, 15.057116295480682 ], [ -95.709539579487966, 15.068506981711892 ], [ -95.73843972601253, 15.212404991397307 ], [ -95.591772245093011, 15.212679649746065 ] ] ], [ [ [ -92.943151640435815, 14.873224999134436 ], [ -92.819280790775849, 14.756014610385989 ], [ -92.88120095635901, 14.702952171605489 ], [ -92.822881865105956, 14.525728966019017 ], [ -92.913427518864864, 14.497675682286967 ], [ -93.24341409078761, 14.734339501167085 ], [ -93.197057890209408, 14.627115990210825 ], [ -93.103155301975562, 14.604624534894413 ], [ -93.130651640061103, 14.527399803857918 ], [ -92.988989042810033, 14.511568810352344 ], [ -93.058447050590871, 14.497957970483981 ], [ -92.973425077805075, 14.419619347255093 ], [ -93.055395292059018, 14.349344994276123 ], [ -93.320654081520615, 14.39767720863631 ], [ -93.310369657633544, 14.350451256620261 ], [ -93.467046904091319, 14.3293407219968 ], [ -93.539007352807062, 14.339342857686802 ], [ -93.536504911872157, 14.459345604516102 ], [ -93.581487821605663, 14.464899803982803 ], [ -93.5264951463339, 14.489619041885305 ], [ -93.598425077455317, 14.573511864580951 ], [ -93.564275907407136, 14.754900719092973 ], [ -93.647894071753967, 14.699343468326447 ], [ -93.782049345301004, 14.792681481065529 ], [ -93.627599882328695, 14.788790489589474 ], [ -93.909551786885402, 14.910456444409419 ], [ -93.764532255159395, 14.981844688681463 ], [ -93.216772245342838, 14.892679954716186 ], [ -93.153722928770094, 14.817675377316846 ], [ -93.185094999534556, 14.899622703824775 ], [ -92.943151640435815, 14.873224999134436 ] ] ], [ [ [ -93.854803251468866, 13.977404381606959 ], [ -93.927618192825321, 14.001292015514139 ], [ -93.943975614383078, 14.208231712823363 ], [ -93.990636991803683, 14.070452477200092 ], [ -94.077032255434233, 14.072397972488488 ], [ -93.988134549969459, 14.030176903241568 ], [ -93.998144315507716, 13.894900108553202 ], [ -94.112310575572565, 13.962404991197445 ], [ -94.083715604991141, 14.051562096213843 ], [ -94.156225370404456, 14.151842858061514 ], [ -94.051489042485287, 14.203234459003113 ], [ -94.172613309556539, 14.187121178199845 ], [ -94.172338652107101, 14.251841331712114 ], [ -94.070928739269846, 14.332392479629277 ], [ -94.051763700834101, 14.26294973064563 ], [ -93.999517607251732, 14.301005150067681 ], [ -93.940923856750544, 14.255175377541661 ], [ -93.920110868221968, 14.374064232178625 ], [ -93.95981423773685, 14.451006675917426 ], [ -94.02594582953634, 14.382677819126116 ], [ -94.19788186505599, 14.456011558686555 ], [ -93.977605985327898, 14.537676597896734 ], [ -94.142889188884908, 14.508509422871612 ], [ -94.108984159591273, 14.585451866610413 ], [ -94.208990263090129, 14.553232933053494 ], [ -94.284826444484793, 14.617113853621504 ], [ -94.291235136592263, 14.748514915630892 ], [ -94.164831327503748, 14.691286827924841 ], [ -94.21286599576905, 14.789622093584796 ], [ -93.998418973856531, 14.738787438289705 ], [ -94.155126737908574, 14.832674766827097 ], [ -93.885076688838069, 14.770174766951982 ], [ -93.817327665439393, 14.697672630487546 ], [ -93.814001249458045, 14.610735680007679 ], [ -93.916204618848042, 14.542956139014677 ], [ -93.753698515474071, 14.619341637106913 ], [ -93.760351347436711, 14.704066063797882 ], [ -93.609258818039962, 14.662401940197412 ], [ -93.667333768538526, 14.58017232549247 ], [ -93.58286111245036, 14.495455528649757 ], [ -93.630071805669274, 14.456286217035313 ], [ -93.81204812432145, 14.509897972513443 ], [ -93.735082792836579, 14.467676903266522 ], [ -93.808996366688916, 14.396845604640987 ], [ -93.717046903591665, 14.331560875633954 ], [ -93.800939726287311, 14.321009422347004 ], [ -93.745367215824331, 14.17489888797337 ], [ -93.864813017007066, 14.251841331712114 ], [ -93.875646757591767, 14.164622093934554 ], [ -93.779272245117966, 14.119059349909094 ], [ -93.839269804058176, 14.095454002400345 ], [ -93.854803251468866, 13.977404381606959 ] ] ], [ [ [ -92.693426298384907, 14.682123924279722 ], [ -92.42233865200717, 14.473513390030973 ], [ -92.641485379846358, 14.448511863931401 ], [ -92.610082792386947, 14.407122398679803 ], [ -92.664556669454669, 14.390452171330708 ], [ -92.831487821305871, 14.405459190689157 ], [ -92.847875761357272, 14.48989370023412 ], [ -92.773138212458491, 14.532679344975861 ], [ -92.855383085061305, 14.692126060869043 ], [ -92.693426298384907, 14.682123924279722 ] ] ], [ [ [ -92.227605986127344, 14.375727440169271 ], [ -92.052313017032077, 14.248789574079638 ], [ -91.895116972370317, 14.2323940050793 ], [ -91.813146757217055, 14.092951561465441 ], [ -91.947607206707175, 14.007120873329711 ], [ -92.193700956833652, 14.127947594306079 ], [ -92.241216825995707, 14.174067283978047 ], [ -92.227605986127344, 14.375727440169271 ] ] ], [ [ [ -92.594549344976258, 14.351839806262092 ], [ -92.505651640410861, 14.292124534619632 ], [ -92.568700956084228, 14.161288048105007 ], [ -92.736486600576143, 14.127398277608449 ], [ -92.947881864856129, 14.237955833494993 ], [ -92.831762479654685, 14.343508507511672 ], [ -92.594549344976258, 14.351839806262092 ] ] ], [ [ [ -92.363439725562841, 13.39173391049161 ], [ -92.151495145484546, 13.33822896659359 ], [ -92.360082791987224, 13.280459191138789 ], [ -92.144567656072411, 13.306010033036671 ], [ -92.04483621002305, 13.259066368318315 ], [ -91.976751493986228, 13.158236290672335 ], [ -92.130926298609779, 13.150454307720167 ], [ -92.130651640260965, 13.088785911840432 ], [ -91.978979276572318, 13.096842552242038 ], [ -91.902044462681772, 13.168505455762215 ], [ -91.860082792087155, 13.122118736690368 ], [ -91.888708280262904, 12.996569420242622 ], [ -91.98648660117567, 12.999346519526284 ], [ -91.964269804208072, 12.93490102436283 ], [ -92.110082792486821, 12.888232017993289 ], [ -91.854528593519717, 12.921564842843281 ], [ -91.902319120131267, 12.863787437540282 ], [ -91.863409208068447, 12.790735985277536 ], [ -91.943426298085171, 12.785731102508407 ], [ -91.840917753651354, 12.684069419967784 ], [ -91.897894071654036, 12.675455833919671 ], [ -91.895391630719132, 12.586283471005459 ], [ -92.180395292009109, 12.610453392210331 ], [ -92.1062070598079, 12.689623619434542 ], [ -92.244817899426494, 12.695177818901243 ], [ -92.157049344951247, 12.735171104662811 ], [ -92.279546903766573, 12.819903160302658 ], [ -92.270361112375383, 12.912127281748724 ], [ -92.358709501142528, 12.798228051083754 ], [ -92.344274687127097, 12.881006981587007 ], [ -92.422063993658355, 12.828509117401893 ], [ -92.488989042010644, 12.864336754237854 ], [ -92.423711942851867, 12.911844994450973 ], [ -92.464269804108142, 12.932955529074434 ], [ -92.350103544043293, 12.93934896148545 ], [ -92.448156523304874, 13.017672325917147 ], [ -92.506200956209113, 12.957117821330428 ], [ -92.451208280937351, 13.061281944805955 ], [ -92.532873320147587, 13.146014000445803 ], [ -92.500646757641732, 13.063792015589115 ], [ -92.558141874747662, 13.033785606720414 ], [ -92.669836210572612, 13.078234459452801 ], [ -92.695654081870373, 13.163790489239716 ], [ -92.894292997124069, 13.098788048429753 ], [ -92.792059111039123, 13.17545583381974 ], [ -93.113989042560206, 13.178789879649287 ], [ -93.152044461982314, 13.234621788764571 ], [ -93.085363554384514, 13.280459191138789 ], [ -92.738989042410367, 13.247401024637611 ], [ -92.886755155825767, 13.271563316893605 ], [ -92.956487821955363, 13.322954918734581 ], [ -92.868688748986528, 13.343226219514463 ], [ -93.018957304236153, 13.385172630412626 ], [ -92.960088896285527, 13.469904686052473 ], [ -92.799841093091914, 13.523783470930482 ], [ -93.145116971670859, 13.469347740405965 ], [ -93.244543241777137, 13.505732322888434 ], [ -93.265905546104023, 13.618784691660267 ], [ -93.127294706485486, 13.642679955415645 ], [ -93.027898954872853, 13.782122399029561 ], [ -93.132848905952187, 13.800173546172289 ], [ -93.149847196990493, 14.048228050384239 ], [ -93.508703397843476, 14.103235985352512 ], [ -93.524236845254165, 14.172396447038466 ], [ -93.456762480204247, 14.192683006615539 ], [ -93.502020048286568, 14.244066978608203 ], [ -93.215368436903816, 14.222124839989419 ], [ -93.20511453061107, 14.164896752283369 ], [ -93.079809354917757, 14.226015831465475 ], [ -92.952032254984545, 14.137675072546585 ], [ -92.915380644001459, 14.072397972488488 ], [ -93.029546904066308, 14.012675071897092 ], [ -92.969549345126154, 13.948229576733638 ], [ -92.617040800292671, 13.885729576858523 ], [ -92.384252714091417, 13.709894920913939 ], [ -92.32730691368306, 13.519060875459104 ], [ -92.271459745770642, 13.565180565131016 ], [ -92.182317899551379, 13.432398583327995 ], [ -92.03565041953118, 13.376284386015641 ], [ -92.060644315782497, 13.34239461551914 ], [ -92.431493924904657, 13.518786217110289 ], [ -92.45398538022107, 13.463511253641514 ], [ -92.401220487535454, 13.440455223729657 ], [ -92.569555448724941, 13.348513390480662 ], [ -92.363439725562841, 13.39173391049161 ] ] ], [ [ [ -92.281774687251982, 14.231844689281047 ], [ -92.286504911672296, 14.117670799367943 ], [ -92.369817900075986, 14.085726525059158 ], [ -92.240911650052567, 14.112398888098255 ], [ -91.998693632605011, 14.011568809552955 ], [ -92.09146706984933, 13.981287743234816 ], [ -92.019262479479835, 13.824068809927667 ], [ -92.071478056367198, 13.861841942052024 ], [ -92.229803251119108, 13.809618737115102 ], [ -92.317053007390314, 13.851839806362023 ], [ -92.271459745770642, 13.922121788289928 ], [ -92.526495145634442, 13.94490316075229 ], [ -92.58731667872172, 14.00351216915135 ], [ -92.585943387877023, 14.117953087565013 ], [ -92.49481789982616, 14.127115990310756 ], [ -92.407324003699784, 14.234339501267016 ], [ -92.281774687251982, 14.231844689281047 ] ] ], [ [ [ -93.177038359132951, 14.024615074825874 ], [ -93.208990263289991, 13.889620567435315 ], [ -93.368688749785917, 13.918505455162688 ], [ -93.509802030339415, 13.815180565530738 ], [ -93.681493925104519, 13.816843773521384 ], [ -93.571203397718591, 13.962122703899695 ], [ -93.376470731838765, 13.981844688881324 ], [ -93.509252714541105, 14.02656057011427 ], [ -93.177038359132951, 14.024615074825874 ] ] ], [ [ [ -91.496191190870718, 13.215731407778321 ], [ -91.715093778854794, 13.35100820246663 ], [ -91.534826444584724, 13.441012169376165 ], [ -91.506200956408975, 13.493227745364209 ], [ -91.595647977672002, 13.515452172180062 ], [ -91.583440946242661, 13.572397972588419 ], [ -91.404546903716607, 13.622118736590494 ], [ -91.600927518789945, 13.62794759440601 ], [ -91.372320341210752, 13.682955528474906 ], [ -91.575384305840998, 13.729067589197939 ], [ -91.326482938836534, 13.736010338306528 ], [ -91.463720487610374, 13.802119041460628 ], [ -91.123144315857473, 13.849619651825549 ], [ -90.826757597285223, 13.537958885394289 ], [ -90.857885526395876, 13.287119652050364 ], [ -90.918157743684901, 13.301562095914051 ], [ -90.939550565606055, 13.163233543593208 ], [ -91.034277127987025, 13.092676903316487 ], [ -91.198156523105013, 13.130732322738538 ], [ -91.107305692503644, 13.201288963914578 ], [ -91.117315458041901, 13.301836754262865 ], [ -91.184545683236649, 13.169619347055288 ], [ -91.350652860940727, 13.177119041810386 ], [ -91.161504911222664, 13.333231712773397 ], [ -91.240362333554799, 13.540735985577328 ], [ -91.224249051852212, 13.315729881428922 ], [ -91.353429960224446, 13.223788048179927 ], [ -91.334814237586954, 13.42434194202707 ], [ -91.41150491162233, 13.372118737090091 ], [ -91.358129667050434, 13.251566673563161 ], [ -91.413427519164657, 13.188792015339288 ], [ -91.496191190870718, 13.215731407778321 ] ] ], [ [ [ -91.710943387827058, 13.30850484502264 ], [ -91.508123563951301, 13.179346825295795 ], [ -91.651495145584477, 13.143511558611578 ], [ -91.616491483794903, 13.030459190739123 ], [ -91.714269803808349, 13.107401634477924 ], [ -91.756750272606951, 13.264063622138508 ], [ -91.710943387827058, 13.30850484502264 ] ] ], [ [ [ -91.358709501342389, 13.131563926733861 ], [ -91.264806913108544, 13.092676903316487 ], [ -91.24646584881981, 12.931292321083788 ], [ -91.366766141743994, 12.896570946591964 ], [ -91.427313017381834, 12.986841942002059 ], [ -91.41150491162233, 12.928789879249564 ], [ -91.489538358908078, 12.891009117277008 ], [ -91.483984159441377, 13.002398278058138 ], [ -91.408453153989853, 13.024340416676921 ], [ -91.475103543993328, 13.147677208436448 ], [ -91.358709501342389, 13.131563926733861 ] ] ], [ [ [ -92.993688749636078, 13.141283776025489 ], [ -92.847326444659643, 12.957949425325751 ], [ -92.971197294319666, 12.981562400884116 ], [ -92.646490263514806, 12.717959190464342 ], [ -92.606481718056784, 12.66073873170717 ], [ -92.648718046100896, 12.635454918309904 ], [ -92.560094998984994, 12.559893395264055 ], [ -92.731756376155772, 12.585169578813066 ], [ -92.845098661174234, 12.687960411443896 ], [ -92.796758817865111, 12.732394005379092 ], [ -93.040105985402874, 12.839892173784847 ], [ -93.105108427112157, 12.990732933478171 ], [ -93.008123563651509, 12.997675682586703 ], [ -93.105657743809786, 13.065729881928576 ], [ -92.993688749636078, 13.141283776025489 ] ] ] ] } },
{ "type": "Feature", "properties": { "STATE_NAME": "Michigan", "STATE_ABBR": "MI", "ELECT_VOTE": 15.0, "WON_12": "O", "WON_16": "T", "F2016Result": "Rep Pickup", "WON_20": "B", "F2020Result": "Dem Pickup", "Shape_Length": 40.822712911311442, "Shape_Area": 16.927959310377119, "WON_24": "T", "F2024Result": "Rep Pickup" }, "geometry": { "type": "MultiPolygon", "coordinates": [ [ [ [ -88.497459411822376, 48.173923492675101 ], [ -88.625251769653403, 48.033287047958936 ], [ -88.901466370076889, 47.960361480997619 ], [ -89.028533935492703, 47.850761413508508 ], [ -89.139793396048333, 47.824180603252273 ], [ -89.192825317234565, 47.844718933432091 ], [ -89.201698302834359, 47.883964538133 ], [ -89.156013488431711, 47.939338684232951 ], [ -88.497459411822376, 48.173923492675101 ] ] ], [ [ [ -88.500564574795249, 47.29025650033725 ], [ -88.437789916571376, 47.355976104613603 ], [ -88.211288452100348, 47.447921752786726 ], [ -87.78800964382998, 47.470890044839734 ], [ -87.704269409105905, 47.416046142615414 ], [ -87.737396240643932, 47.393119812029738 ], [ -87.916931152650534, 47.358097076518902 ], [ -88.222167969076452, 47.200828551896223 ], [ -88.412719726334274, 46.988166809250913 ], [ -88.470542908028733, 47.111545562477772 ], [ -88.594139099339941, 47.134838104195182 ], [ -88.595512390184638, 47.243667602877622 ], [ -88.500564574795249, 47.29025650033725 ] ] ], [ [ [ -85.859733581139835, 45.969486236700504 ], [ -85.914840697839907, 45.957996368737497 ], [ -85.916992187339531, 45.918209076287894 ], [ -86.067764281996006, 45.964233398252759 ], [ -86.259178161742739, 45.946956634840888 ], [ -86.315498352367058, 45.905708312788477 ], [ -86.343658447679161, 45.834419250248231 ], [ -86.458137512636085, 45.762767791500437 ], [ -86.529251098559314, 45.748981475914434 ], [ -86.521873474181461, 45.724113464065169 ], [ -86.575988769965704, 45.710193634228915 ], [ -86.629653930784229, 45.621250152372681 ], [ -86.684921264404807, 45.650066375962524 ], [ -86.696784973347803, 45.692531585963991 ], [ -86.584594726165619, 45.81390380871386 ], [ -86.761329651142432, 45.826095581346067 ], [ -86.901489258222625, 45.714805603196112 ], [ -87.123626709405073, 45.696277618417412 ], [ -87.260581969981899, 45.554828643427186 ], [ -87.332107544327698, 45.423965454242364 ], [ -87.583755493021556, 45.162750244228448 ], [ -87.59240722651225, 45.108516692991032 ], [ -87.672706603826668, 45.140689850156491 ], [ -87.729560852351426, 45.176624297673243 ], [ -87.736091613936821, 45.199092865243585 ], [ -87.721519469847635, 45.211692810474858 ], [ -87.719558715762105, 45.236793518306285 ], [ -87.705032348963698, 45.247108459787626 ], [ -87.704360961888824, 45.272228241340315 ], [ -87.645248413183708, 45.348194122061159 ], [ -87.643569946395871, 45.361881255915307 ], [ -87.689483642755874, 45.39129638661899 ], [ -87.759925842503606, 45.352924346481473 ], [ -87.827896118011381, 45.35834884662205 ], [ -87.841171264342336, 45.346176147711105 ], [ -87.861984252870911, 45.370193481843785 ], [ -87.868423461673387, 45.3721008296896 ], [ -87.873863220611099, 45.362113952796733 ], [ -87.883499145169367, 45.365882873895544 ], [ -87.849418640158092, 45.406147003081799 ], [ -87.860153198111561, 45.445129394206219 ], [ -87.813499450539155, 45.466491699432424 ], [ -87.789268493246311, 45.499099731867204 ], [ -87.80502319366542, 45.544559478337305 ], [ -87.828483581252215, 45.568626403785572 ], [ -87.786193847867764, 45.568553924723915 ], [ -87.774955749608125, 45.600421905946234 ], [ -87.775924682777827, 45.613235473438408 ], [ -87.819816588964386, 45.654487609515627 ], [ -87.816932678100557, 45.665428161680381 ], [ -87.780822753966902, 45.675952911397815 ], [ -87.777351378962919, 45.68413925202492 ], [ -87.80103302045751, 45.701362610096453 ], [ -87.801429748284193, 45.711429595899176 ], [ -87.842239380143269, 45.722457885922722 ], [ -87.873504638428301, 45.750740051612127 ], [ -87.969055175855658, 45.766490936207788 ], [ -87.989944458370019, 45.795089721713339 ], [ -88.051513671618636, 45.786155700924894 ], [ -88.088607787719184, 45.791576385242024 ], [ -88.129821777253198, 45.819446563408235 ], [ -88.121658325271483, 45.834922790554401 ], [ -88.065292358255704, 45.87368774449385 ], [ -88.095634460661813, 45.891849518140816 ], [ -88.093719482068423, 45.920661925907211 ], [ -88.111259460855422, 45.926334380827086 ], [ -88.150306702092564, 45.936340332340535 ], [ -88.18006134035852, 45.953563690412011 ], [ -88.214859008836129, 45.947948455756659 ], [ -88.257034301691647, 45.967102051218717 ], [ -88.299018860032334, 45.961990356869535 ], [ -88.321189880608472, 45.966758727833053 ], [ -88.369804382266409, 45.994632720923391 ], [ -88.40338897681977, 45.98346710172541 ], [ -88.454185485571656, 46.000804901225251 ], [ -88.483680725185309, 45.999195098575001 ], [ -88.493949890275189, 46.013004302806394 ], [ -88.515480041370779, 46.018653869980142 ], [ -88.548225402979938, 46.019344329876958 ], [ -88.575225829708245, 46.00900268572542 ], [ -88.597404480132639, 46.015560149981013 ], [ -88.615371704340646, 45.994163513135675 ], [ -88.643539428601684, 45.993431090872207 ], [ -88.677253723380602, 46.020187377745344 ], [ -88.703475952353301, 46.018966674872217 ], [ -88.726280212561733, 46.029624938839902 ], [ -88.772888183742623, 46.021190643433499 ], [ -88.777351379662377, 46.032657623650437 ], [ -88.793685913474064, 46.036403656103914 ], [ -88.804267883456021, 46.026847839556183 ], [ -88.92506408683812, 46.073646545251904 ], [ -88.985168457358384, 46.100437164643495 ], [ -89.099670410061321, 46.145690917801687 ], [ -89.924972533855339, 46.304077148641568 ], [ -90.111488342413054, 46.340480804845299 ], [ -90.11500549290912, 46.365207671696737 ], [ -90.141624450607878, 46.393951416224922 ], [ -90.161216736263327, 46.442432403632552 ], [ -90.211349486889276, 46.506347655819695 ], [ -90.258224487470102, 46.508842468705041 ], [ -90.269607543853056, 46.52253341658394 ], [ -90.300003051599504, 46.52510452255575 ], [ -90.302215576287779, 46.544349670800727 ], [ -90.313529968533203, 46.551616668674399 ], [ -90.385345459125574, 46.539710998264013 ], [ -90.408020019108562, 46.568664551028235 ], [ -90.018692016523289, 46.678688049014283 ], [ -89.886085510437908, 46.768989562918023 ], [ -89.791084289708181, 46.824768066692968 ], [ -89.386573791147498, 46.850265503250455 ], [ -89.214454650961329, 46.923439025890389 ], [ -89.125053406089762, 46.996669769694165 ], [ -88.994743346728058, 46.997169495076207 ], [ -88.929557800352143, 47.030994415459986 ], [ -88.884704589944818, 47.104625702014573 ], [ -88.629379272035749, 47.225887298260261 ], [ -88.617980956855661, 47.131187438549489 ], [ -88.511093139436809, 47.106578827151225 ], [ -88.512870788855764, 47.03266143837476 ], [ -88.441040039466202, 46.990806579360196 ], [ -88.445838928024045, 46.928375244521987 ], [ -88.476394653590376, 46.855220794703939 ], [ -88.44648742645353, 46.79946517957444 ], [ -88.177703857546931, 46.945964812825878 ], [ -88.189064026183814, 46.901031494408016 ], [ -88.036560058499845, 46.911941528079126 ], [ -87.900527953801998, 46.909839629895032 ], [ -87.663635253863845, 46.83692932173085 ], [ -87.37139892542001, 46.508056640201858 ], [ -87.110534667740694, 46.501537323388789 ], [ -87.006256103736177, 46.536357879612524 ], [ -86.871231078751237, 46.444419861287599 ], [ -86.759338378563257, 46.486694335874972 ], [ -86.638061523520435, 46.422317504849048 ], [ -86.462226867575851, 46.561134338678812 ], [ -86.147941588933122, 46.673084259131315 ], [ -86.096572875737593, 46.655296325565018 ], [ -85.857376098328245, 46.694828033387068 ], [ -85.503715514759165, 46.674167632830063 ], [ -85.229980468423832, 46.75676345866674 ], [ -84.954681396729029, 46.770927429257483 ], [ -85.026885986199261, 46.69431686413202 ], [ -85.01889038098625, 46.549003601235256 ], [ -85.051567077558559, 46.505558014191081 ], [ -85.01655578592073, 46.476425170785035 ], [ -84.931243896888304, 46.48782348596518 ], [ -84.803588867332337, 46.444034576434603 ], [ -84.629760741864686, 46.482921600751354 ], [ -84.572616577093299, 46.40790557857963 ], [ -84.41592407183839, 46.480636597001421 ], [ -84.311576843696344, 46.488647461011567 ], [ -84.181617736669182, 46.248703002541561 ], [ -84.273101806902844, 46.207290649543893 ], [ -84.247001648307389, 46.171428680189479 ], [ -84.119712829883156, 46.176090240472263 ], [ -84.029563903950987, 46.128925323644808 ], [ -84.061965942174481, 46.094451903932281 ], [ -83.989494323304314, 46.025966644245273 ], [ -83.901947021837543, 46.005882263056037 ], [ -83.906455993249438, 45.960220337298779 ], [ -84.113258361384226, 45.978519440120124 ], [ -84.354454040321684, 45.999172210828931 ], [ -84.50159454305367, 45.97832870470603 ], [ -84.616798401325127, 46.038215637142002 ], [ -84.688972473201034, 46.035903930721872 ], [ -84.73168182395699, 45.855667114046128 ], [ -84.851043701305741, 45.890625000343562 ], [ -85.061561584299625, 46.024742126448018 ], [ -85.378150939514228, 46.100048064866371 ], [ -85.509445190842825, 46.101917267068302 ], [ -85.655281066867701, 45.972881316819382 ], [ -85.859733581139835, 45.969486236700504 ] ] ], [ [ [ -83.854675292530715, 46.014011383418676 ], [ -83.801101684495109, 45.988391876483945 ], [ -83.756416320856488, 46.0273170473439 ], [ -83.673591613961776, 46.036170959222432 ], [ -83.680313110061945, 46.071773529025222 ], [ -83.732444763115268, 46.084087372034617 ], [ -83.649887084721172, 46.10395050021549 ], [ -83.589500426903157, 46.088497161714713 ], [ -83.533996582376346, 46.011768341136076 ], [ -83.473197937035138, 45.987525939970226 ], [ -83.516166687342718, 45.925693512245857 ], [ -83.57981872595343, 45.917480468948554 ], [ -83.629707336724152, 45.953575134285074 ], [ -83.804878234542855, 45.936744690015473 ], [ -83.852806091228103, 45.997428893928372 ], [ -83.885887146374671, 45.970832824875004 ], [ -83.854675292530715, 46.014011383418676 ] ] ], [ [ [ -86.834800719877308, 41.765464782673632 ], [ -86.617568969732133, 41.907405853197645 ], [ -86.49880981442135, 42.126407622913518 ], [ -86.374252318889376, 42.249385833389567 ], [ -86.284950256648983, 42.422294617003047 ], [ -86.217811584237211, 42.77480316183653 ], [ -86.273780822526874, 43.121028899863916 ], [ -86.463127136608023, 43.475158691220656 ], [ -86.541221619082421, 43.663181304873376 ], [ -86.447731018371769, 43.772659301985243 ], [ -86.404266357606275, 43.766635894730825 ], [ -86.434020995872231, 43.781452178675181 ], [ -86.428733825805352, 43.820117950882775 ], [ -86.459465027089266, 43.9501800536666 ], [ -86.438064575319856, 43.945587158420665 ], [ -86.518516540605845, 44.05361556980273 ], [ -86.386337279941472, 44.183200835849959 ], [ -86.27186584483286, 44.351226807071555 ], [ -86.237945556742034, 44.522274017432039 ], [ -86.258529663313254, 44.700733184688772 ], [ -86.10839080828913, 44.734443664543562 ], [ -86.082824706694794, 44.777931213055069 ], [ -86.097869873495824, 44.850616455085401 ], [ -86.067359924321011, 44.898262023573579 ], [ -85.795669555905249, 44.985977172708431 ], [ -85.610130310365491, 45.196529388220767 ], [ -85.565429687929736, 45.180561065540815 ], [ -85.652923584056111, 44.958362579169773 ], [ -85.637962341089121, 44.778434753361239 ], [ -85.526008605712548, 44.76316070550223 ], [ -85.451278686662022, 44.860538482764809 ], [ -85.384796142527932, 45.010601043803206 ], [ -85.390167236428795, 45.211589812919556 ], [ -85.373176574339425, 45.27353668207229 ], [ -85.305404663194622, 45.320377350134663 ], [ -85.092803954838587, 45.370216369589855 ], [ -84.985839843434007, 45.373168945490477 ], [ -84.921623230227851, 45.409889221510412 ], [ -85.081756591993098, 45.464641570951812 ], [ -85.120384216758168, 45.569770812672914 ], [ -85.077957153299963, 45.63017654421219 ], [ -84.983352661296237, 45.683704375856337 ], [ -84.971977233862219, 45.737735748705916 ], [ -84.724136352810376, 45.780292510590925 ], [ -84.46524047816547, 45.653625487925979 ], [ -84.32143402126303, 45.665596008449086 ], [ -84.205543518018885, 45.630893707678524 ], [ -84.13521575969952, 45.571331024007577 ], [ -84.105895995803508, 45.498737334760222 ], [ -83.922889709692299, 45.491760254032556 ], [ -83.782814025546827, 45.409435272519886 ], [ -83.712326049407636, 45.412380218572309 ], [ -83.592376708817994, 45.349487304895263 ], [ -83.495849609272, 45.360786438343496 ], [ -83.489616393781489, 45.328922272045247 ], [ -83.394042968608062, 45.272891998566934 ], [ -83.420783996684065, 45.25716781574215 ], [ -83.398719787688037, 45.213626861890191 ], [ -83.312736511580681, 45.09860610918463 ], [ -83.444465637279279, 45.052761077861533 ], [ -83.433998107826369, 45.011116027982382 ], [ -83.464927673473312, 44.997871399245753 ], [ -83.429382323935044, 44.926284789711303 ], [ -83.319755553775735, 44.860633850471856 ], [ -83.280845641712972, 44.703170776410275 ], [ -83.320068359567131, 44.51544570885244 ], [ -83.356994628898974, 44.335117340293095 ], [ -83.529174804273737, 44.261257171781097 ], [ -83.568260192953517, 44.170101166135964 ], [ -83.598426818742666, 44.070476531666657 ], [ -83.704818725703603, 43.997146606131025 ], [ -83.873626708705615, 43.962821960365204 ], [ -83.918388366330021, 43.916976929042107 ], [ -83.938140868905919, 43.698261260648735 ], [ -83.699195862099316, 43.59962081904564 ], [ -83.654647826735754, 43.607398987073623 ], [ -83.530944823844493, 43.72592544550298 ], [ -83.494285583912529, 43.702823639199664 ], [ -83.466445922441324, 43.745723724470338 ], [ -83.367202758800261, 43.84443664513509 ], [ -83.326065063252031, 43.940444946477157 ], [ -82.940208434771421, 44.069946288690346 ], [ -82.806037902427192, 44.033554077258884 ], [ -82.727966308598241, 43.972496032366053 ], [ -82.618560791447351, 43.787849426010268 ], [ -82.605812073168579, 43.69454956071371 ], [ -82.503898620924588, 43.172225952265933 ], [ -82.419921875294278, 42.972434997377263 ], [ -82.472038268651147, 42.898651122851106 ], [ -82.473327636561123, 42.762863158907692 ], [ -82.518272399751424, 42.634017944072923 ], [ -82.645965575850596, 42.631694793779786 ], [ -82.634101867806919, 42.66934967045097 ], [ -82.72988891614051, 42.681194305672705 ], [ -82.820487976139134, 42.635761260973482 ], [ -82.802444457945342, 42.612892150652272 ], [ -82.888221740740732, 42.495719909346406 ], [ -82.874992370801237, 42.458030701056089 ], [ -82.929473876817951, 42.363002776756787 ], [ -83.107666015574125, 42.292667388589166 ], [ -83.193946838675629, 42.115707397478445 ], [ -83.190139770134238, 42.033935546688156 ], [ -83.482757568506941, 41.725082397134997 ], [ -83.76401519734344, 41.716991424214882 ], [ -83.868698119922271, 41.715942383034587 ], [ -84.359260558727783, 41.707988739288965 ], [ -84.384445190393194, 41.707099914129799 ], [ -84.790420532581493, 41.697444915850213 ], [ -84.788520812785237, 41.760910033970958 ], [ -84.826049805054424, 41.761825561800265 ], [ -85.193168640520298, 41.762817382716094 ], [ -85.297233581364651, 41.7635307312583 ], [ -85.659469604438641, 41.762577056885732 ], [ -85.799232482792831, 41.76348495486684 ], [ -86.068298339896444, 41.764579773337914 ], [ -86.234558105572091, 41.764816284244148 ], [ -86.525161742720229, 41.765495300267958 ], [ -86.834800719877308, 41.765464782673632 ] ] ] ] } }
]
}
