{"type":"FeatureCollection","features":[{"type":"Feature","properties":{"n":"89UT003","id":"000002_00088_33117G8","a":"Orange Co Health Dept","s":"El Bandido Trucking/Deep.","c":"STRAT","op":"PIC Environmental Services","e":80.0,"d":40.0},"geometry":{"type":"Point","coordinates":[-117.991,33.865]}},{"type":"Feature","properties":{"n":"89UT122MW2","id":"000002_00089_33117H8","a":"Orange Co Health Dept","s":"Regal Cultured Marble","c":"SPT","op":"Inland Empire Environ. Srvcs","e":280.0,"d":32.0},"geometry":{"type":"Point","coordinates":[-117.9407,33.9203]}},{"type":"Feature","properties":{"n":"89UT169-7","id":"000002_00091_33118G1","a":"Orange Co Health Dept","s":"Kraft General Foods","c":"SPT","op":"\"O Brien & Gere Engineers, Inc.","e":61.0,"d":24.0},"geometry":{"type":"Point","coordinates":[-118.011,33.8731]}},{"type":"Feature","properties":{"n":"89UT226B1","id":"000002_00093_33117H8","a":"Orange Co Health Dept","s":"\"Air Conditioning Systems, Inc.","c":"SPT","op":"Cardinal Envir. Consultants","e":340.0,"d":50.0},"geometry":{"type":"Point","coordinates":[-117.9229,33.9266]}},{"type":"Feature","properties":{"n":"89UT51B2","id":"000002_00095_33117H8","a":"Orange Co Health Dept","s":"N.O.C.C.C.D. Maintenance Yard","c":"SPT","op":"CTL Environmental Services","e":280.0,"d":26.5},"geometry":{"type":"Point","coordinates":[-117.9368,33.9193]}},{"type":"Feature","properties":{"n":"9-12-24-6","id":"000002_00096_33117G8","a":"Orange Co Water Dist","s":"Orange County Water District","c":"SPT","op":"Harding Lawson Associates","e":167.0,"d":141.5},"geometry":{"type":"Point","coordinates":[-117.904,33.8619]}},{"type":"Feature","properties":{"n":"55465B7","id":"000002_00030_33117H8","a":"CA Dept of Transportation","s":"ORANGE FWY 57 & BASTANCHURY ROAD UC","c":"SPT","op":"CA Dept of Transportatrion","e":268.0,"d":30.0},"geometry":{"type":"Point","coordinates":[-117.88,33.8966]}},{"type":"Feature","properties":{"n":"55466B2","id":"000002_00031_33117H8","a":"CA Dept of Transportation","s":"ORANGE FWY 57 & ASSOCIATED ROAD UC","c":"SPT","op":"CA Dept of Transportatrion","e":288.8,"d":55.0},"geometry":{"type":"Point","coordinates":[-117.8808,33.9075]}},{"type":"Feature","properties":{"n":"55468B1","id":"000002_00032_33117H8","a":"CA Dept of Transportation","s":"ORANGE FWY 57 & YORBA LINDA BLVD OC","c":"SPT","op":"CA Dept of Transportatrion","e":269.9,"d":61.5},"geometry":{"type":"Point","coordinates":[-117.8793,33.8892]}},{"type":"Feature","properties":{"n":"55468B4","id":"000002_00033_33117H8","a":"CA Dept of Transportation","s":"ORANGE FWY 57 & YORBA LINDA BLVD OC","c":"SPT","op":"CA Dept of Transportatrion","e":270.9,"d":46.5},"geometry":{"type":"Point","coordinates":[-117.88,33.8887]}},{"type":"Feature","properties":{"n":"55469B1","id":"000002_00034_33117H8","a":"CA Dept of Transportation","s":"ORANGE FWY 57 & RTE 42 (IMP HWY/RTE","c":"SPT","op":"CA Dept of Transportatrion","e":339.4,"d":57.0},"geometry":{"type":"Point","coordinates":[-117.8826,33.9106]}},{"type":"Feature","properties":{"n":"55483B1","id":"000002_00035_33117H8","a":"CA Dept of Transportation","s":"ORANGE FWY 57 & ROLLING HILLS DRIVE","c":"SPT","op":"CA Dept of Transportatrion","e":358.8,"d":45.0},"geometry":{"type":"Point","coordinates":[-117.8803,33.9036]}},{"type":"Feature","properties":{"n":"55483B2","id":"000002_00036_33117H8","a":"CA Dept of Transportation","s":"ORANGE FWY 57 & ROLLING HILLS DRIVE","c":"SPT","op":"CA Dept of Transportatrion","e":367.4,"d":55.0},"geometry":{"type":"Point","coordinates":[-117.8799,33.9036]}},{"type":"Feature","properties":{"n":"55485B1","id":"000002_00037_33117H8","a":"CA Dept of Transportation","s":"ORANGE FWY 57 & BREA-OLINDA (BIRCH","c":"SPT","op":"CA Dept of Transportatrion","e":358.7,"d":41.0},"geometry":{"type":"Point","coordinates":[-117.8802,33.918]}},{"type":"Feature","properties":{"n":"55492B2","id":"000002_00038_33117H8","a":"CA Dept of Transportation","s":"ORANGE FWY 57 & LAMBERT ROAD UC","c":"SPT","op":"CA Dept of Transportatrion","e":424.4,"d":46.0},"geometry":{"type":"Point","coordinates":[-117.8795,33.925]}},{"type":"Feature","properties":{"n":"85UT103-41","id":"000002_00043_33117G8","a":"Orange Co Health Dept","s":"ARCO Former Station No. 1365","c":"SPT","op":"Emcon Associates","e":74.0,"d":40.0},"geometry":{"type":"Point","coordinates":[-117.9976,33.8682]}},{"type":"Feature","properties":{"n":"85UT15-W6","id":"000002_00045_33117H8","a":"Orange Co Health Dept","s":"\"Thrifty Oil Company, Brea, CA Stat","c":"SPT","op":"Thrifty Oil Co","e":358.0,"d":55.0},"geometry":{"type":"Point","coordinates":[-117.8986,33.9159]}},{"type":"Feature","properties":{"n":"85UT48MW6","id":"000002_00046_33117H8","a":"Orange Co Health Dept","s":"Alpha Beta Distribution Facility","c":"SPT","op":"Applied Geosystems","e":303.0,"d":56.0},"geometry":{"type":"Point","coordinates":[-117.9356,33.923]}},{"type":"Feature","properties":{"n":"85UT48MW8","id":"000002_00047_33117H8","a":"Orange Co Health Dept","s":"Alpha Beta Distribution Facility","c":"SPT","op":"Applied Geosystems","e":301.0,"d":56.0},"geometry":{"type":"Point","coordinates":[-117.9363,33.9221]}},{"type":"Feature","properties":{"n":"86UT115","id":"000002_00049_33117H8","a":"Orange Co Health Dept","s":"Shell Station","c":"STRAT","op":"Unknown","e":95.0,"d":25.0},"geometry":{"type":"Point","coordinates":[-117.9946,33.8853]}},{"type":"Feature","properties":{"n":"86UT116-1","id":"000002_00050_33117G8","a":"Orange Co Health Dept","s":"Exxon Station 7-2314","c":"SPT","op":"Applied Geosystems","e":75.0,"d":35.5},"geometry":{"type":"Point","coordinates":[-117.9966,33.8677]}},{"type":"Feature","properties":{"n":"86UT138","id":"000002_00051_33117H8","a":"Orange Co Health Dept","s":"C.C. Industries","c":"STRAT","op":"IT Corporation","e":364.0,"d":51.0},"geometry":{"type":"Point","coordinates":[-117.903,33.9269]}},{"type":"Feature","properties":{"n":"86UT175-20","id":"000002_00052_33118G1","a":"Orange Co Health Dept","s":"Texaco U.S.A.","c":"SPT","op":"Irwin Environmental","e":61.0,"d":42.0},"geometry":{"type":"Point","coordinates":[-118.0067,33.8731]}},{"type":"Feature","properties":{"n":"86UT178EB3","id":"000002_00053_33117H8","a":"Orange Co Health Dept","s":"Mobile Service Station No. 11-H9N","c":"SPT","op":"Remedial Action Corp.","e":215.0,"d":51.5},"geometry":{"type":"Point","coordinates":[-117.9674,33.9176]}},{"type":"Feature","properties":{"n":"86UT198","id":"000002_00054_33118G1","a":"Orange Co Health Dept","s":"Gateway Chevrolet","c":"SPT","op":"Harding Lawson Associates","e":66.0,"d":21.5},"geometry":{"type":"Point","coordinates":[-118.0045,33.8708]}},{"type":"Feature","properties":{"n":"86UT201","id":"000002_00055_33117G8","a":"Orange Co Health Dept","s":"Williams Volvo","c":"STRAT","op":"Unknown","e":76.0,"d":40.0},"geometry":{"type":"Point","coordinates":[-117.9944,33.8696]}},{"type":"Feature","properties":{"n":"86UT207","id":"000002_00058_33117H8","a":"Orange Co Health Dept","s":"Nutrilite","c":"STRAT","op":"Converse Cnslts.(&predecessors)","e":78.0,"d":55.0},"geometry":{"type":"Point","coordinates":[-117.9965,33.8792]}},{"type":"Feature","properties":{"n":"86UT217MW1","id":"000002_00059_33117H8","a":"Orange Co Health Dept","s":"\"Master Halco, Inc.","c":"STRA","op":"T ,\"Hydro-Fluent, Inc.","e":301.0,"d":45.0},"geometry":{"type":"Point","coordinates":[-117.9372,33.9248]}},{"type":"Feature","properties":{"n":"86UT224B7","id":"000002_00060_33117H8","a":"Orange Co Health Dept","s":"Pomona Box Company","c":"SPT","op":"Wayne Perry Construction","e":254.7,"d":43.0},"geometry":{"type":"Point","coordinates":[-117.9467,33.9176]}},{"type":"Feature","properties":{"n":"86UT49","id":"000002_00061_33117H8","a":"Orange Co Health Dept","s":"N.L. Shaffer","c":"STRAT","op":"Converse Cnslts.(&predecessors)","e":351.0,"d":61.0},"geometry":{"type":"Point","coordinates":[-117.9051,33.9225]}},{"type":"Feature","properties":{"n":"86UT90B10","id":"000002_00063_33117H7","a":"Orange Co Health Dept","s":"Shell Service Station","c":"SPT","op":"Environ. Sciences & Engineering","e":308.0,"d":90.0},"geometry":{"type":"Point","coordinates":[-117.8711,33.896]}},{"type":"Feature","properties":{"n":"87UT117MW7","id":"000002_00064_33117H8","a":"Orange Co Health Dept","s":"Fast Fuel Station No. 971","c":"SPT","op":"Atlas Environmental Eng. Inc","e":250.0,"d":25.0},"geometry":{"type":"Point","coordinates":[-117.9673,33.9241]}},{"type":"Feature","properties":{"n":"87UT117SMW1","id":"000002_00065_33117H8","a":"Orange Co Health Dept","s":"Fast Fuel Station No. 971","c":"SPT","op":"Seacor","e":250.0,"d":31.5},"geometry":{"type":"Point","coordinates":[-117.9672,33.9248]}},{"type":"Feature","properties":{"n":"87UT119B3","id":"000002_00066_33117H8","a":"Orange Co Health Dept","s":"Vista Paints Corporation","c":"STRAT","op":"PIC Environmental Services","e":289.0,"d":35.0},"geometry":{"type":"Point","coordinates":[-117.9306,33.9131]}},{"type":"Feature","properties":{"n":"87UT121-MW2","id":"000002_00067_33118G1","a":"Orange Co Health Dept","s":"Bergen Brunswig Drug Company","c":"SPT","op":"Dames and Moore","e":62.0,"d":20.0},"geometry":{"type":"Point","coordinates":[-118.0109,33.8667]}},{"type":"Feature","properties":{"n":"87UT161MW5","id":"000002_00070_33117H8","a":"Orange Co Health Dept","s":"Mobil Oil Corporation - Service Sta","c":"SPT","op":"Komex H2O Sci. Env.&Eng.Consult.","e":310.0,"d":31.5},"geometry":{"type":"Point","coordinates":[-117.9347,33.9307]}},{"type":"Feature","properties":{"n":"87UT169","id":"000002_00071_33117G8","a":"Orange Co Health Dept","s":"G & M Oil (50976)","c":"STRAT","op":"GeoRemediation Inc.","e":74.0,"d":15.0},"geometry":{"type":"Point","coordinates":[-117.9969,33.8616]}},{"type":"Feature","properties":{"n":"87UT182-13","id":"000002_00073_33118G1","a":"Orange Co Health Dept","s":"Unocal Station No. 5599","c":"SPT","op":"Brown and Caldwell Engineers","e":67.0,"d":16.5},"geometry":{"type":"Point","coordinates":[-118.006,33.8732]}},{"type":"Feature","properties":{"n":"87UT186-3","id":"000002_00075_33117H8","a":"Orange Co Health Dept","s":"Los Coyotes Country Club","c":"SPT","op":"Hekimian and Associates","e":222.0,"d":55.0},"geometry":{"type":"Point","coordinates":[-117.9771,33.8895]}},{"type":"Feature","properties":{"n":"87UT221-13","id":"000002_00076_33117H8","a":"Orange Co Health Dept","s":"FMC Corporation","c":"SPT","op":"Harding Lawson Associates","e":343.0,"d":51.0},"geometry":{"type":"Point","coordinates":[-117.9152,33.9194]}},{"type":"Feature","properties":{"n":"87UT238-1","id":"000002_00077_33117H7","a":"Orange Co Health Dept","s":"Site Characterization Investigation","c":"SPT","op":"Wayne Perry Construction","e":378.0,"d":40.0},"geometry":{"type":"Point","coordinates":[-117.8716,33.9184]}},{"type":"Feature","properties":{"n":"87UT25-1","id":"000002_00078_33117G8","a":"Orange Co Health Dept","s":"Percy Owens Estate","c":"SPT","op":"\"Active Leak Testing, Inc.","e":71.5,"d":31.5},"geometry":{"type":"Point","coordinates":[-117.9978,33.8675]}},{"type":"Feature","properties":{"n":"87UT262","id":"000002_00079_33117H8","a":"Orange Co Health Dept","s":"Brea Civic Center","c":"STRAT","op":"Converse Cnslts.(&predecessors)","e":353.0,"d":45.0},"geometry":{"type":"Point","coordinates":[-117.888,33.9174]}},{"type":"Feature","properties":{"n":"87UT43-MW1","id":"000002_00080_33117H8","a":"Orange Co Health Dept","s":"\"Thrifty Oil Station No. 302 Brea,","c":"SPT","op":"Thrifty Oil Co","e":340.0,"d":59.0},"geometry":{"type":"Point","coordinates":[-117.8928,33.9137]}},{"type":"Feature","properties":{"n":"87UT79MW3","id":"000002_00081_33117H8","a":"Orange Co Health Dept","s":"Imperial Building Materials","c":"STRAT","op":"LeRoy Crandall and Associates","e":280.0,"d":25.5},"geometry":{"type":"Point","coordinates":[-117.9404,33.9207]}},{"type":"Feature","properties":{"n":"88UT104-7","id":"000002_00082_33117H8","a":"Orange Co Health Dept","s":"Unocal Service Station 2908","c":"SPT","op":"Harding Lawson Associates","e":359.0,"d":60.0},"geometry":{"type":"Point","coordinates":[-117.8987,33.9167]}},{"type":"Feature","properties":{"n":"88UT20MW4","id":"000002_00083_33117H8","a":"Orange Co Health Dept","s":"City of La Habra Fire Station No. 2","c":"SPT","op":"Alta Enviro-Management","e":289.0,"d":31.0},"geometry":{"type":"Point","coordinates":[-117.9317,33.9268]}},{"type":"Feature","properties":{"n":"88UT63-1","id":"000002_00085_33117H8","a":"Orange Co Health Dept","s":"Paul L. Dodds Co.","c":"SPT","op":"\"Hydro-Fluent, Inc.","e":90.0,"d":31.0},"geometry":{"type":"Point","coordinates":[-117.9978,33.8813]}},{"type":"Feature","properties":{"n":"88UT90","id":"000002_00086_33117G8","a":"Orange Co Health Dept","s":"Ron's Service Station","c":"SPT","op":"Remedial Management Corp","e":79.0,"d":31.0},"geometry":{"type":"Point","coordinates":[-117.9927,33.8696]}},{"type":"Feature","properties":{"n":"90-04-33","id":"000002_00097_33117G8","a":"Orange Co Health Dept","s":"J. C. Ford Site","c":"SPT","op":"Dames and Moore","e":184.0,"d":150.0},"geometry":{"type":"Point","coordinates":[-117.8946,33.8637]}},{"type":"Feature","properties":{"n":"90-04-34","id":"000002_00098_33117H8","a":"Orange Co Health Dept","s":"Mobil Oil Corp. Service Station No.","c":"STRAT","op":"Emcon Associates","e":265.0,"d":105.0},"geometry":{"type":"Point","coordinates":[-117.9294,33.8921]}},{"type":"Feature","properties":{"n":"90-06-25","id":"000002_00100_33117H8","a":"Orange Co Health Dept","s":"Brea City Hall","c":"STRAT","op":"Converse Cnslts.(&predecessors)","e":353.0,"d":54.7},"geometry":{"type":"Point","coordinates":[-117.888,33.9171]}},{"type":"Feature","properties":{"n":"90-07-02-EB5","id":"000002_00101_33117H8","a":"Orange Co Health Dept","s":"Mobil - La Habra","c":"SPT","op":"Remedial Action Corp.","e":217.0,"d":56.5},"geometry":{"type":"Point","coordinates":[-117.9678,33.9181]}},{"type":"Feature","properties":{"n":"906380043MW14","id":"000002_00103_33118H1","a":"\"Los Angeles Region, RWQCB","s":"Former Chevron Station 2240","c":"SPT","op":"Resna","e":151.0,"d":81.5},"geometry":{"type":"Point","coordinates":[-118.0043,33.8985]}},{"type":"Feature","properties":{"n":"90UT161-10","id":"000002_00105_33117H8","a":"Orange Co Health Dept","s":"\"NI Industries, Inc.","c":"SPT","op":"\"Meredith/Boli & Associates, I","e":318.0,"d":35.5},"geometry":{"type":"Point","coordinates":[-117.9184,33.9194]}},{"type":"Feature","properties":{"n":"90UT161-12","id":"000002_00106_33117H8","a":"Orange Co Health Dept","s":"\"NI Industries, Inc.","c":"SPT","op":"\"Meredith/Boli & Associates, I","e":318.0,"d":25.5},"geometry":{"type":"Point","coordinates":[-117.9178,33.9194]}},{"type":"Feature","properties":{"n":"90UT169WB15","id":"000002_00107_33117H8","a":"Orange Co Health Dept","s":"UGST Site Assessment","c":"SPT","op":"HydroSolutions of California Inc","e":260.0,"d":36.0},"geometry":{"type":"Point","coordinates":[-117.9618,33.9257]}},{"type":"Feature","properties":{"n":"90UT171","id":"000002_00108_33117H8","a":"Orange Co Health Dept","s":"Service Station","c":"STRAT","op":"Converse Cnslts.(&predecessors)","e":360.0,"d":74.0},"geometry":{"type":"Point","coordinates":[-117.8958,33.9233]}},{"type":"Feature","properties":{"n":"90UT231B1","id":"000002_00109_33117H8","a":"Orange Co Health Dept","s":"Lambert-Palm Business Center","c":"SPT","op":"\"Geological Audit Services, Inc.","e":335.0,"d":40.0},"geometry":{"type":"Point","coordinates":[-117.9246,33.9258]}},{"type":"Feature","properties":{"n":"90UT24-MW2","id":"000002_00110_33117H8","a":"Orange Co Health Dept","s":"Former Shell Service Station","c":"SPT","op":"EA Science and Technology","e":358.0,"d":65.0},"geometry":{"type":"Point","coordinates":[-117.8989,33.9159]}},{"type":"Feature","properties":{"n":"90UT242-3","id":"000002_00111_33117H8","a":"Orange Co Health Dept","s":"Chevron Station 9-0786","c":"SPT","op":"Alton Geoscience","e":349.0,"d":60.0},"geometry":{"type":"Point","coordinates":[-117.8925,33.9136]}},{"type":"Feature","properties":{"n":"90UT243B4","id":"000002_00112_33117H8","a":"Orange Co Health Dept","s":"Chevron Station No. 9-6496","c":"SPT","op":"The Mark Group Engin.&Geol.Inc","e":210.0,"d":31.5},"geometry":{"type":"Point","coordinates":[-117.9667,33.9169]}},{"type":"Feature","properties":{"n":"90UT53-MW1","id":"000002_00114_33117H8","a":"Orange Co Health Dept","s":"Chevron S.S. No.9-9686","c":"SPT","op":"Groundwater Technology","e":356.0,"d":65.0},"geometry":{"type":"Point","coordinates":[-117.8994,33.9169]}},{"type":"Feature","properties":{"n":"90UT83MW1","id":"000002_00115_33117H8","a":"Orange Co Health Dept","s":"\"Beylik Drilling, Inc.","c":"STRA","op":"T ,Fero Engineering","e":300.0,"d":32.0},"geometry":{"type":"Point","coordinates":[-117.9326,33.9259]}},{"type":"Feature","properties":{"n":"83UT1827B2","id":"000003_00025_33117G8","c":"SPT","op":"\"Geological Audit Services, Inc.","e":118.0,"d":40.0},"geometry":{"type":"Point","coordinates":[-117.8878,33.7784]}},{"type":"Feature","properties":{"n":"83UT274B5","id":"000003_00035_33117G8","c":"STRAT","op":"CH2M Hill","e":135.0,"d":103.0},"geometry":{"type":"Point","coordinates":[-117.8835,33.7881]}},{"type":"Feature","properties":{"n":"83UT531B4","id":"000003_00037_33117G8","c":"SPT","op":"Wayne Perry Construction","e":142.0,"d":50.0},"geometry":{"type":"Point","coordinates":[-117.8936,33.7961]}},{"type":"Feature","properties":{"n":"91-02-36","id":"000002_00117_33117G8","a":"Orange Co Health Dept","s":"U-Haul Moving Center 715-54","c":"STRAT","op":"TerraKinetics","e":118.0,"d":55.0},"geometry":{"type":"Point","coordinates":[-117.9494,33.8704]}},{"type":"Feature","properties":{"n":"91-02-40","id":"000002_00118_33117H8","a":"Orange Co Health Dept","c":"STRAT"},"geometry":{"type":"Point","coordinates":[-117.8922,33.9225]}},{"type":"Feature","properties":{"n":"91-05-27-6","id":"000002_00120_33117G8","a":"Orange Co Health Dept","s":"American Electronics Inc.","c":"SPT","op":"\"Applied Geosciences, Inc.","e":178.0,"d":160.0},"geometry":{"type":"Point","coordinates":[-117.8974,33.8667]}},{"type":"Feature","properties":{"n":"91-09-08-MW1","id":"000002_00122_33117H8","a":"Orange Co Health Dept","s":"SWAT Workplan La Habra Landfill","c":"SPT","op":"Emcon Associates","e":240.0,"d":36.5},"geometry":{"type":"Point","coordinates":[-117.9561,33.9244]}},{"type":"Feature","properties":{"n":"91-09-08-MW2","id":"000002_00123_33117H8","a":"Orange Co Health Dept","s":"SWAT Workplan La Habra Landfill","c":"SPT","op":"Emcon Associates","e":260.0,"d":71.0},"geometry":{"type":"Point","coordinates":[-117.9564,33.9234]}},{"type":"Feature","properties":{"n":"91-10-13-MW17","id":"000002_00124_33117H8","a":"Orange Co Health Dept","s":"Petrolite Brea Facility","c":"SPT","op":"AE Schmidt Envrnmtl. Engineers","e":345.0,"d":35.0},"geometry":{"type":"Point","coordinates":[-117.914,33.9177]}},{"type":"Feature","properties":{"n":"91UT003-MW2","id":"000002_00127_33117H8","a":"Orange Co Health Dept","s":"McLachlan Investment Company","c":"SPT","op":"Converse Cnslts.(&predecessors)","e":348.0,"d":42.0},"geometry":{"type":"Point","coordinates":[-117.9054,33.9225]}},{"type":"Feature","properties":{"n":"91UT04B1","id":"000002_00128_33117H8","a":"Orange Co Health Dept","s":"La Habra Post Office","c":"SPT","op":"Seacor","e":235.0,"d":25.0},"geometry":{"type":"Point","coordinates":[-117.9572,33.9178]}},{"type":"Feature","properties":{"n":"91UT109MW07","id":"000002_00131_33117H8","a":"Orange Co Health Dept","s":"United Oil Service Station","c":"SPT","op":"Jirsa Environmental Services Inc","e":255.0,"d":22.5},"geometry":{"type":"Point","coordinates":[-117.9513,33.9177]}},{"type":"Feature","properties":{"n":"91UT60B1","id":"000002_00137_33117H8","a":"Orange Co Health Dept","s":"Atascadero Five","c":"SPT","op":"\"Toxguard Systems, Inc.","e":270.0,"d":30.0},"geometry":{"type":"Point","coordinates":[-117.943,33.918]}},{"type":"Feature","properties":{"n":"91UT76MW1","id":"000002_00139_33117H8","a":"Orange Co Health Dept","s":"City of La Habra Maintenance Yard","c":"SPT","op":"Alta Enviro-Management","e":275.1,"d":51.0},"geometry":{"type":"Point","coordinates":[-117.9499,33.9249]}},{"type":"Feature","properties":{"n":"92-01-34-5","id":"000002_00140_33117G8","a":"Orange Co Health Dept","s":"Shell Service Station","c":"SPT","op":"Irwin Environmental","e":217.0,"d":61.5},"geometry":{"type":"Point","coordinates":[-117.8889,33.874]}},{"type":"Feature","properties":{"n":"92-04-41-MWE1","id":"000002_00141_33117H7","a":"Orange Co Health Dept","s":"OLEN Lambert Business Center","c":"SPT","op":"BCM","e":510.0,"d":55.0},"geometry":{"type":"Point","coordinates":[-117.8749,33.9288]}},{"type":"Feature","properties":{"n":"92-11-23","id":"000002_00142_33117G8","a":"Orange Co Health Dept","s":"PCA Metal Finishing","c":"STRAT","op":"Environmental Protection Group","e":167.0,"d":145.0},"geometry":{"type":"Point","coordinates":[-117.8953,33.8637]}},{"type":"Feature","properties":{"n":"92UT107B1","id":"000002_00143_33117H8","a":"Orange Co Health Dept","s":"Fudge Trust Property","c":"STRAT","op":"Environ. Intnl. Sys. & Srvc.","e":256.0,"d":15.0},"geometry":{"type":"Point","coordinates":[-117.9491,33.9179]}},{"type":"Feature","properties":{"n":"92UT10MW3","id":"000002_00144_33117H8","a":"Orange Co Health Dept","s":"VOTAW / DAVIS Property","c":"SPT","op":"WW Irwin Co","e":261.0,"d":36.5},"geometry":{"type":"Point","coordinates":[-117.9454,33.9176]}},{"type":"Feature","properties":{"n":"92UT139-1","id":"000002_00146_33117G8","a":"Orange Co Health Dept","s":"Conroy's Flowers","c":"SPT","op":"Remedial Management Corp","e":76.0,"d":25.0},"geometry":{"type":"Point","coordinates":[-117.9969,33.8738]}},{"type":"Feature","properties":{"n":"92UT96MW1","id":"000002_00149_33117H8","a":"Orange Co Health Dept","s":"LeBard and Underwood - Motorcycle A","c":"STRAT","op":"Unknown","e":270.0,"d":25.0},"geometry":{"type":"Point","coordinates":[-117.9414,33.9176]}},{"type":"Feature","properties":{"n":"93-11-17-5","id":"000002_00151_33117H8","a":"Orange Co Health Dept","s":"Mobil Station No.18-793","c":"SPT","op":"Irwin Environmental","e":309.0,"d":35.0},"geometry":{"type":"Point","coordinates":[-117.8801,33.9102]}},{"type":"Feature","properties":{"n":"93UT43-2","id":"000002_00153_33117G8","a":"Orange Co Health Dept","s":"Mazda/Volkswagen of Buena Park","c":"SPT","op":"Environ. Sciences & Engineering","e":79.0,"d":30.0},"geometry":{"type":"Point","coordinates":[-117.9885,33.8629]}},{"type":"Feature","properties":{"n":"93UT66-16U","id":"000002_00155_33118G1","a":"Orange Co Health Dept","s":"Kraft General Foods","c":"SPT","op":"\"O Brien & Gere Engineers, Inc.","e":61.0,"d":21.0},"geometry":{"type":"Point","coordinates":[-118.011,33.8729]}},{"type":"Feature","properties":{"n":"94-01-38-13","id":"000002_00157_33117G8","a":"Orange Co Health Dept","s":"ARCO No. 1023","c":"SPT","op":"Emcon Associates","e":128.0,"d":56.0},"geometry":{"type":"Point","coordinates":[-117.941,33.866]}},{"type":"Feature","properties":{"n":"94-01-39","id":"000002_00158_33117H8","a":"Orange Co Health Dept","s":"Chevron Station No. 9-0786","c":"STRAT","op":"\"Bechtel Environmental, Inc.","e":350.0,"d":35.0},"geometry":{"type":"Point","coordinates":[-117.8925,33.9136]}},{"type":"Feature","properties":{"n":"94-02-10A-RW1","id":"000002_00159_33117H8","a":"Orange Co Health Dept","s":"Former K. H. Dale Property","c":"SPT","op":"\"Acton, Mickelson, van Dam, Inc.","e":341.0,"d":51.0},"geometry":{"type":"Point","coordinates":[-117.9208,33.9243]}},{"type":"Feature","properties":{"n":"94-06-30","id":"000002_00160_33117H8","a":"Orange Co Health Dept","s":"Unocal Station No. 5198","c":"STRAT","op":"Delta Environmental Cnsltnts.Inc","e":290.0,"d":20.0},"geometry":{"type":"Point","coordinates":[-117.928,33.895]}},{"type":"Feature","properties":{"n":"94-09-30-7","id":"000002_00161_33117H8","a":"Orange Co Health Dept","s":"Former Unocal Station 3530","c":"SPT","op":"Block Environmental","e":290.0,"d":25.5},"geometry":{"type":"Point","coordinates":[-117.931,33.9177]}},{"type":"Feature","properties":{"n":"94-10-45-9","id":"000002_00162_33117G8","a":"Orange Co Health Dept","s":"Unocal Station No. 4629","c":"SPT","op":"Delta Environmental Cnsltnts.Inc","e":228.0,"d":87.0},"geometry":{"type":"Point","coordinates":[-117.8778,33.873]}},{"type":"Feature","properties":{"n":"94UT08","id":"000002_00163_33117H8","a":"Orange Co Health Dept","s":"Kirkhill Rubber Company","c":"STRAT","op":"Converse Cnslts.(&predecessors)","e":387.0,"d":76.0},"geometry":{"type":"Point","coordinates":[-117.8925,33.9237]}},{"type":"Feature","properties":{"n":"95UT17MW1","id":"000002_00165_33117H8","a":"Orange Co Health Dept","s":"Chevron Station No. 9-5833","c":"SPT","op":"Environ. Sciences & Engineering","e":285.0,"d":30.0},"geometry":{"type":"Point","coordinates":[-117.9326,33.9176]}},{"type":"Feature","properties":{"n":"CRC2100097CB2","id":"000002_00172_33117G8","a":"LA Co. Dept. Pub Works","s":"American Savings Bank - Fullerton B","c":"SPT","op":"CRC Environmental Risk Mgt.Inc","e":174.0,"d":71.0},"geometry":{"type":"Point","coordinates":[-117.9232,33.8738]}},{"type":"Feature","properties":{"n":"DECL09883MW1","id":"000002_00174_33117H7","a":"Fullerton Fire Department","s":"Former Exxon Station No. 7-3650","c":"SPT","op":"Delta Environmental Cnsltnts.Inc","e":240.0,"d":96.5},"geometry":{"type":"Point","coordinates":[-117.8739,33.8895]}},{"type":"Feature","properties":{"n":"EM20805616B12","id":"000002_00175_33117G8","a":"Fullerton Fire Department","s":"Arco Service Station No. 1579","c":"SPT","op":"Emcon Associates","e":181.0,"d":126.1},"geometry":{"type":"Point","coordinates":[-117.9237,33.8738]}},{"type":"Feature","properties":{"n":"FE007141B15","id":"000002_00176_33117G8","a":"Fullerton Fire Department","s":"Mobile Service Station No.18-JP5","c":"SPT","op":"Frey Environmental","e":175.0,"d":76.5},"geometry":{"type":"Point","coordinates":[-117.9057,33.8707]}},{"type":"Feature","properties":{"n":"GT800R4B2","id":"000002_00177_33117H8","a":"Fullerton Fire Department","s":"Fullerton Car Wash","c":"SPT","op":"Groundwater Technology","e":180.0,"d":50.0},"geometry":{"type":"Point","coordinates":[-117.923,33.8772]}},{"type":"Feature","properties":{"n":"HOSP912363B2","id":"000002_00183_33117H8","a":"CDMG Hos Ste Review Proj","s":"Proposed MRI Addition","c":"SPT","op":"LeRoy Crandall and Associates","e":295.0,"d":50.0},"geometry":{"type":"Point","coordinates":[-117.9257,33.8947]}},{"type":"Feature","properties":{"n":"HOSP922307TH1","id":"000002_00184_33117H8","a":"CDMG Hos Ste Review Proj","s":"Brea Community Hospital","c":"SPT","op":"Professional Srvc.Industries Inc","e":409.0,"d":31.5},"geometry":{"type":"Point","coordinates":[-117.9005,33.9305]}},{"type":"Feature","properties":{"n":"HOSP941502B3","id":"000002_00185_33117H8","a":"CDMG Hos Ste Review Proj","s":"Friendly Hills Healthcare Network","c":"SPT","op":"Coleman Geotchnical","e":271.0,"d":51.0},"geometry":{"type":"Point","coordinates":[-117.9586,33.9278]}},{"type":"Feature","properties":{"n":"I587BH9","id":"000002_00199_33117H8","a":"\"Los Angeles Region, RWQCB","s":"ARCO AM/PM Facility No. 6149","c":"SPT","op":"Schaefer Dixon Associates","e":240.0,"d":40.0},"geometry":{"type":"Point","coordinates":[-117.9917,33.9309]}},{"type":"Feature","properties":{"n":"I6009B15","id":"000002_00201_33117H8","a":"\"Los Angeles Region, RWQCB","s":"Unocal Service Station 4977","c":"SPT","op":"England and Associates","e":258.0,"d":45.0},"geometry":{"type":"Point","coordinates":[-117.9937,33.9167]}},{"type":"Feature","properties":{"n":"I6293MW2","id":"000002_00204_33117H8","a":"\"Los Angeles Region, RWQCB","s":"\"TRF DEVELOPMENT, GREEN HILLS PLA","c":"SP","op":"T   ,Frey Environmental","e":262.0,"d":73.0},"geometry":{"type":"Point","coordinates":[-117.9937,33.9175]}},{"type":"Feature","properties":{"n":"MAB930315FC1","id":"000002_00225_33117H8","a":"Fullerton Fire Department","s":"Automotive Shop Fullerton College","c":"SPT","op":"Morris A.Balderman Cnsltng.Geol.","e":170.0,"d":30.5},"geometry":{"type":"Point","coordinates":[-117.9166,33.8765]}},{"type":"Feature","properties":{"n":"WWI29509MW1","id":"000002_00239_33117H8","a":"Fullerton Fire Department","s":"Mobile Station No. 18-793","c":"SPT","op":"WW Irwin Co","e":310.0,"d":45.0},"geometry":{"type":"Point","coordinates":[-117.8806,33.9104]}},{"type":"Feature","properties":{"n":"83UT1600B11","id":"000003_00001_33117G8","a":"Leighton & Associates","c":"STRAT","op":"Leighton & Associates","e":123.0,"d":48.0},"geometry":{"type":"Point","coordinates":[-117.8873,33.7803]}},{"type":"Feature","properties":{"n":"PA95106B8","id":"000006_00019_33117H8","a":"City of La Habra","s":"La Habra Market Place II","c":"STRAT","op":"Peter & Associates Engineering","e":230.0,"d":35.0},"geometry":{"type":"Point","coordinates":[-117.962,33.9191]}},{"type":"Feature","properties":{"n":"RSA4175B11","id":"000006_00020_33117H8","a":"City of La Habra","s":"Proposed Commercial Center","c":"SPT","op":"RSA Associates","e":225.0,"d":25.0},"geometry":{"type":"Point","coordinates":[-117.959,33.9184]}},{"type":"Feature","properties":{"n":"RSA4175B23","id":"000006_00021_33117H8","a":"City of La Habra","s":"Proposed Commercial Center","c":"SPT","op":"RSA Associates","e":225.0,"d":50.0},"geometry":{"type":"Point","coordinates":[-117.96,33.9177]}},{"type":"Feature","properties":{"n":"RSA4175B4","id":"000006_00022_33117H8","a":"City of La Habra","s":"Proposed Commercial Center","c":"SPT","op":"RSA Associates","e":225.0,"d":50.0},"geometry":{"type":"Point","coordinates":[-117.965,33.9188]}},{"type":"Feature","properties":{"n":"SEM8339B1","id":"000006_00026_33117H8","a":"City of La Habra","s":"Tract 8339","c":"STRAT","op":"\"Medall,Aragon,Worswick&Assoc.In","e":225.0,"d":41.0},"geometry":{"type":"Point","coordinates":[-117.963,33.9169]}},{"type":"Feature","properties":{"n":"SEM8339B9","id":"000006_00027_33117H8","a":"City of La Habra","s":"Tract 8339","c":"STRAT","op":"\"Medall,Aragon,Worswick&Assoc.In","e":241.0,"d":49.0},"geometry":{"type":"Point","coordinates":[-117.959,33.9168]}},{"type":"Feature","properties":{"n":"53-00603","id":"000007_00000_33118G1","a":"Southern CA Earthquake Center","c":"SPT","op":"CA Dept of Transportatrion","e":12.3,"d":75.0},"geometry":{"type":"Point","coordinates":[-118.103,33.7517]}},{"type":"Feature","properties":{"n":"53-00641","id":"000007_00001_33118F1","a":"Southern CA Earthquake Center","c":"SPT","op":"CA Dept of Transportatrion","e":5.1,"d":66.0},"geometry":{"type":"Point","coordinates":[-118.115,33.7317]}},{"type":"Feature","properties":{"n":"ASE4605B22","id":"000006_00000_33117H8","a":"City of La Habra","s":"Proposed Shopping Center","c":"STRAT","op":"Associated Soils Engineering Inc","e":220.0,"d":25.0},"geometry":{"type":"Point","coordinates":[-117.958,33.9167]}},{"type":"Feature","properties":{"n":"ASE4605B24","id":"000006_00001_33117H8","a":"City of La Habra","s":"Proposed Shopping Center","c":"STRAT","op":"Associated Soils Engineering Inc","e":220.0,"d":25.0},"geometry":{"type":"Point","coordinates":[-117.957,33.916]}},{"type":"Feature","properties":{"n":"ASE4605B26","id":"000006_00002_33117H8","a":"City of La Habra","s":"Proposed Shopping Center","c":"STRAT","op":"Associated Soils Engineering Inc","e":220.0,"d":25.0},"geometry":{"type":"Point","coordinates":[-117.957,33.9164]}},{"type":"Feature","properties":{"n":"CDA8339B1","id":"000006_00003_33117H8","a":"City of La Habra","s":"Tract 8339 and Park Site","c":"STRAT","op":"Converse Cnslts.(&predecessors)","e":266.0,"d":50.0},"geometry":{"type":"Point","coordinates":[-117.964,33.9139]}},{"type":"Feature","properties":{"n":"CDA8339B5","id":"000006_00004_33117H8","a":"City of La Habra","s":"Tract 8339 and Park Site","c":"STRAT","op":"Converse Cnslts.(&predecessors)","e":288.0,"d":45.0},"geometry":{"type":"Point","coordinates":[-117.963,33.914]}},{"type":"Feature","properties":{"n":"HLA20908B2","id":"000006_00008_33117H8","a":"City of La Habra","s":"Smith's Food King","c":"STRAT","op":"Harding Lawson Associates","e":222.0,"d":40.5},"geometry":{"type":"Point","coordinates":[-117.968,33.9189]}},{"type":"Feature","properties":{"n":"HLA20908B5","id":"000006_00009_33117H8","a":"City of La Habra","s":"Smith's Food King","c":"STRAT","op":"Harding Lawson Associates","e":219.0,"d":41.5},"geometry":{"type":"Point","coordinates":[-117.968,33.9183]}},{"type":"Feature","properties":{"n":"JHK586590B2","id":"000006_00010_33117H8","a":"City of La Habra","s":"Proposed American Stores Distributi","c":"SPT","op":"\"Kleinfelder, Inc.","e":305.5,"d":26.5},"geometry":{"type":"Point","coordinates":[-117.933,33.9214]}},{"type":"Feature","properties":{"n":"JHK586590B6","id":"000006_00011_33117H8","a":"City of La Habra","s":"Proposed American Stores Distributi","c":"SPT","op":"\"Kleinfelder, Inc.","e":304.0,"d":23.5},"geometry":{"type":"Point","coordinates":[-117.936,33.921]}},{"type":"Feature","properties":{"n":"JHK586590B9","id":"000006_00012_33117H8","a":"City of La Habra","s":"Proposed American Stores Distributi","c":"SPT","op":"\"Kleinfelder, Inc.","e":304.5,"d":26.5},"geometry":{"type":"Point","coordinates":[-117.935,33.921]}},{"type":"Feature","properties":{"n":"53-02152","id":"000007_00010_33118G1","a":"Southern CA Earthquake Center","c":"SPT","op":"CA Dept of Transportatrion","e":11.3,"d":55.0},"geometry":{"type":"Point","coordinates":[-118.103,33.77427]}},{"type":"Feature","properties":{"n":"53-03022","id":"000007_00013_33118G1","a":"Southern CA Earthquake Center","c":"SPT","op":"CA Dept of Transportatrion","e":14.4,"d":80.0},"geometry":{"type":"Point","coordinates":[-118.09691,33.77412]}},{"type":"Feature","properties":{"n":"53-03411","id":"000007_00014_33118G2","a":"Southern CA Earthquake Center","c":"SPT","op":"CA Dept of Transportatrion","e":21.8,"d":80.0},"geometry":{"type":"Point","coordinates":[-118.203,33.79]}},{"type":"Feature","properties":{"n":"53-08071","id":"000007_00064_33118G2","a":"Southern CA Earthquake Center","c":"STRAT","op":"CA Dept of Transportatrion","e":71.9,"d":51.0},"geometry":{"type":"Point","coordinates":[-118.208,33.79]}},{"type":"Feature","properties":{"n":"53-08191","id":"000007_00065_33118G2","a":"Southern CA Earthquake Center","c":"SPT","op":"CA Dept of Transportatrion","e":40.1,"d":51.0},"geometry":{"type":"Point","coordinates":[-118.198,33.8633]}},{"type":"Feature","properties":{"n":"53-08201","id":"000007_00066_33118G2","a":"Southern CA Earthquake Center","c":"SPT","op":"CA Dept of Transportatrion","e":56.2,"d":61.0},"geometry":{"type":"Point","coordinates":[-118.19,33.8733]}},{"type":"Feature","properties":{"n":"53-08211","id":"000007_00067_33118H2","a":"Southern CA Earthquake Center","c":"SPT","op":"CA Dept of Transportatrion","e":57.5,"d":60.0},"geometry":{"type":"Point","coordinates":[-118.19,33.8817]}},{"type":"Feature","properties":{"n":"53-10471","id":"000007_00110_33118G2","a":"Southern CA Earthquake Center","c":"SPT","op":"CA Dept of Transportatrion","e":10.7,"d":65.0},"geometry":{"type":"Point","coordinates":[-118.2,33.79]}},{"type":"Feature","properties":{"n":"53-11651","id":"000007_00162_33118G2","a":"Southern CA Earthquake Center","c":"SPT","op":"CA Dept of Transportatrion","e":24.3,"d":80.0},"geometry":{"type":"Point","coordinates":[-118.217,33.8267]}},{"type":"Feature","properties":{"n":"53-11661","id":"000007_00163_33118G2","a":"Southern CA Earthquake Center","c":"SPT","op":"CA Dept of Transportatrion","e":18.6,"d":46.0},"geometry":{"type":"Point","coordinates":[-118.245,33.8267]}},{"type":"Feature","properties":{"n":"53-11673","id":"000007_00164_33118G2","a":"Southern CA Earthquake Center","c":"SPT","op":"CA Dept of Transportatrion","e":19.6,"d":61.0},"geometry":{"type":"Point","coordinates":[-118.242,33.8267]}},{"type":"Feature","properties":{"n":"53-11684","id":"000007_00165_33118G2","a":"Southern CA Earthquake Center","c":"SPT","op":"CA Dept of Transportatrion","e":24.7,"d":71.0},"geometry":{"type":"Point","coordinates":[-118.227,33.8267]}},{"type":"Feature","properties":{"n":"53-11691","id":"000007_00166_33118G2","a":"Southern CA Earthquake Center","c":"SPT","op":"CA Dept of Transportatrion","e":24.3,"d":81.0},"geometry":{"type":"Point","coordinates":[-118.222,33.8267]}},{"type":"Feature","properties":{"n":"53-11712","id":"000007_00167_33118G3","a":"Southern CA Earthquake Center","c":"SPT","op":"CA Dept of Transportatrion","e":15.2,"d":76.0},"geometry":{"type":"Point","coordinates":[-118.253,33.8333]}},{"type":"Feature","properties":{"n":"53-11853","id":"000007_00169_33118G1","a":"Southern CA Earthquake Center","c":"SPT","op":"CA Dept of Transportatrion","e":12.5,"d":76.0},"geometry":{"type":"Point","coordinates":[-118.09334,33.78672]}},{"type":"Feature","properties":{"n":"53-11861","id":"000007_00170_33118G1","a":"Southern CA Earthquake Center","c":"SPT","op":"CA Dept of Transportatrion","e":13.6,"d":66.0},"geometry":{"type":"Point","coordinates":[-118.09443,33.78739]}},{"type":"Feature","properties":{"n":"53-11872","id":"000007_00171_33118G1","a":"Southern CA Earthquake Center","c":"SPT","op":"CA Dept of Transportatrion","e":13.3,"d":60.0},"geometry":{"type":"Point","coordinates":[-118.09831,33.79046]}},{"type":"Feature","properties":{"n":"53-11881","id":"000007_00172_33118G1","a":"Southern CA Earthquake Center","c":"SPT","op":"CA Dept of Transportatrion","e":15.1,"d":60.0},"geometry":{"type":"Point","coordinates":[-118.10209,33.79333]}},{"type":"Feature","properties":{"n":"53-17201","id":"000007_00364_33118H1","a":"Southern CA Earthquake Center","c":"SPT","op":"CA Dept of Transportatrion","e":63.4,"d":76.0},"geometry":{"type":"Point","coordinates":[-118.117,33.875]}},{"type":"Feature","properties":{"n":"53-17216","id":"000007_00365_33118G1","a":"Southern CA Earthquake Center","c":"SPT","op":"CA Dept of Transportatrion","e":68.0,"d":81.0},"geometry":{"type":"Point","coordinates":[-118.098,33.8717]}},{"type":"Feature","properties":{"n":"53-17222","id":"000007_00366_33118G1","a":"Southern CA Earthquake Center","c":"SPT","op":"CA Dept of Transportatrion","e":32.9,"d":86.0},"geometry":{"type":"Point","coordinates":[-118.083,33.8317]}},{"type":"Feature","properties":{"n":"53-17241","id":"000007_00367_33118G1","a":"Southern CA Earthquake Center","c":"SPT","op":"CA Dept of Transportatrion","e":36.0,"d":100.0},"geometry":{"type":"Point","coordinates":[-118.087,33.8383]}},{"type":"Feature","properties":{"n":"53-17251","id":"000007_00368_33118G1","a":"Southern CA Earthquake Center","c":"SPT","op":"CA Dept of Transportatrion","e":39.9,"d":100.0},"geometry":{"type":"Point","coordinates":[-118.09,33.8467]}},{"type":"Feature","properties":{"n":"53-17321","id":"000007_00371_33118G1","a":"Southern CA Earthquake Center","c":"SPT","op":"CA Dept of Transportatrion","e":50.9,"d":85.0},"geometry":{"type":"Point","coordinates":[-118.095,33.8583]}},{"type":"Feature","properties":{"n":"53-17331","id":"000007_00372_33118G1","a":"Southern CA Earthquake Center","c":"SPT","op":"CA Dept of Transportatrion","e":57.2,"d":85.0},"geometry":{"type":"Point","coordinates":[-118.097,33.8683]}},{"type":"Feature","properties":{"n":"53-17354","id":"000007_00374_33118G1","a":"Southern CA Earthquake Center","c":"SPT","op":"CA Dept of Transportatrion","e":61.0,"d":71.0},"geometry":{"type":"Point","coordinates":[-118.1,33.8717]}},{"type":"Feature","properties":{"n":"53-17374","id":"000007_00375_33118G1","a":"Southern CA Earthquake Center","c":"SPT","op":"CA Dept of Transportatrion","e":25.4,"d":81.0},"geometry":{"type":"Point","coordinates":[-118.09229,33.78612]}},{"type":"Feature","properties":{"n":"53-17421","id":"000007_00376_33118G1","a":"Southern CA Earthquake Center","c":"SPT","op":"CA Dept of Transportatrion","e":38.7,"d":65.0},"geometry":{"type":"Point","coordinates":[-118.088,33.8333]}},{"type":"Feature","properties":{"n":"53-17571","id":"000007_00386_33118H2","a":"Southern CA Earthquake Center","c":"SPT","op":"CA Dept of Transportatrion","e":65.9,"d":70.0},"geometry":{"type":"Point","coordinates":[-118.128,33.8767]}},{"type":"Feature","properties":{"n":"53-17591","id":"000007_00387_33118H2","a":"Southern CA Earthquake Center","c":"SPT","op":"CA Dept of Transportatrion","e":63.2,"d":66.0},"geometry":{"type":"Point","coordinates":[-118.133,33.8767]}},{"type":"Feature","properties":{"n":"53-17603","id":"000007_00388_33118H2","a":"Southern CA Earthquake Center","c":"SPT","op":"CA Dept of Transportatrion","e":61.4,"d":86.0},"geometry":{"type":"Point","coordinates":[-118.142,33.8767]}},{"type":"Feature","properties":{"n":"53-17614","id":"000007_00389_33118H2","a":"Southern CA Earthquake Center","c":"SPT","op":"CA Dept of Transportatrion","e":59.2,"d":66.0},"geometry":{"type":"Point","coordinates":[-118.15,33.8767]}},{"type":"Feature","properties":{"n":"53-11891","id":"000007_00173_33118G1","a":"Southern CA Earthquake Center","c":"SPT","op":"CA Dept of Transportatrion","e":13.1,"d":55.0},"geometry":{"type":"Point","coordinates":[-118.10323,33.79409]}},{"type":"Feature","properties":{"n":"53-11901","id":"000007_00174_33118G1","a":"Southern CA Earthquake Center","c":"SPT","op":"CA Dept of Transportatrion","e":15.1,"d":55.0},"geometry":{"type":"Point","coordinates":[-118.10703,33.79681]}},{"type":"Feature","properties":{"n":"53-11911","id":"000007_00175_33118G1","a":"Southern CA Earthquake Center","c":"SPT","op":"CA Dept of Transportatrion","e":17.8,"d":60.0},"geometry":{"type":"Point","coordinates":[-118.11503,33.8024]}},{"type":"Feature","properties":{"n":"53-11921","id":"000007_00176_33118G1","a":"Southern CA Earthquake Center","c":"SPT","op":"CA Dept of Transportatrion","e":19.9,"d":60.0},"geometry":{"type":"Point","coordinates":[-118.11703,33.80269]}},{"type":"Feature","properties":{"n":"53-11937","id":"000007_00177_33118G1","a":"Southern CA Earthquake Center","c":"SPT","op":"CA Dept of Transportatrion","e":18.9,"d":61.0},"geometry":{"type":"Point","coordinates":[-118.12209,33.80272]}},{"type":"Feature","properties":{"n":"53-11941","id":"000007_00178_33118G2","a":"Southern CA Earthquake Center","c":"SPT","op":"CA Dept of Transportatrion","e":18.7,"d":60.0},"geometry":{"type":"Point","coordinates":[-118.12494,33.80269]}},{"type":"Feature","properties":{"n":"53-11953","id":"000007_00179_33118G2","a":"Southern CA Earthquake Center","c":"SPT","op":"CA Dept of Transportatrion","e":19.2,"d":60.0},"geometry":{"type":"Point","coordinates":[-118.133,33.8017]}},{"type":"Feature","properties":{"n":"53-11961","id":"000007_00180_33118G2","a":"Southern CA Earthquake Center","c":"SPT","op":"CA Dept of Transportatrion","e":24.5,"d":55.0},"geometry":{"type":"Point","coordinates":[-118.142,33.8067]}},{"type":"Feature","properties":{"n":"53-11972","id":"000007_00181_33118G2","a":"Southern CA Earthquake Center","c":"SPT","op":"CA Dept of Transportatrion","e":40.4,"d":55.0},"geometry":{"type":"Point","coordinates":[-118.15,33.8083]}},{"type":"Feature","properties":{"n":"53-11981","id":"000007_00182_33118G2","a":"Southern CA Earthquake Center","c":"SPT","op":"CA Dept of Transportatrion","e":52.5,"d":60.0},"geometry":{"type":"Point","coordinates":[-118.158,33.81]}},{"type":"Feature","properties":{"n":"53-11991","id":"000007_00183_33118G2","a":"Southern CA Earthquake Center","c":"SPT","op":"CA Dept of Transportatrion","e":55.2,"d":55.0},"geometry":{"type":"Point","coordinates":[-118.16,33.8117]}},{"type":"Feature","properties":{"n":"53-12001","id":"000007_00184_33118G2","a":"Southern CA Earthquake Center","c":"SPT","op":"CA Dept of Transportatrion","e":54.3,"d":45.0},"geometry":{"type":"Point","coordinates":[-118.167,33.8133]}},{"type":"Feature","properties":{"n":"53-12011","id":"000007_00185_33118G2","a":"Southern CA Earthquake Center","c":"SPT","op":"CA Dept of Transportatrion","e":71.3,"d":40.0},"geometry":{"type":"Point","coordinates":[-118.172,33.815]}},{"type":"Feature","properties":{"n":"53-12021","id":"000007_00186_33118G2","a":"Southern CA Earthquake Center","c":"SPT","op":"CA Dept of Transportatrion","e":88.6,"d":45.0},"geometry":{"type":"Point","coordinates":[-118.175,33.815]}},{"type":"Feature","properties":{"n":"53-12031","id":"000007_00187_33118G2","a":"Southern CA Earthquake Center","c":"SPT","op":"CA Dept of Transportatrion","e":94.3,"d":45.0},"geometry":{"type":"Point","coordinates":[-118.18,33.815]}},{"type":"Feature","properties":{"n":"53-12041","id":"000007_00188_33118G2","a":"Southern CA Earthquake Center","c":"SPT","op":"CA Dept of Transportatrion","e":92.9,"d":35.0},"geometry":{"type":"Point","coordinates":[-118.19,33.815]}},{"type":"Feature","properties":{"n":"53-12051","id":"000007_00189_33118G2","a":"Southern CA Earthquake Center","c":"SPT","op":"CA Dept of Transportatrion","e":93.9,"d":40.0},"geometry":{"type":"Point","coordinates":[-118.19,33.8167]}},{"type":"Feature","properties":{"n":"53-12061","id":"000007_00190_33118G2","a":"Southern CA Earthquake Center","c":"SPT","op":"CA Dept of Transportatrion","e":85.0,"d":36.0},"geometry":{"type":"Point","coordinates":[-118.19,33.8167]}},{"type":"Feature","properties":{"n":"53-12071","id":"000007_00191_33118G2","a":"Southern CA Earthquake Center","c":"SPT","op":"CA Dept of Transportatrion","e":60.9,"d":35.0},"geometry":{"type":"Point","coordinates":[-118.195,33.8183]}},{"type":"Feature","properties":{"n":"53-12081","id":"000007_00192_33118G2","a":"Southern CA Earthquake Center","c":"SPT","op":"CA Dept of Transportatrion","e":72.2,"d":45.0},"geometry":{"type":"Point","coordinates":[-118.198,33.8217]}},{"type":"Feature","properties":{"n":"53-12091","id":"000007_00193_33118G2","a":"Southern CA Earthquake Center","c":"SPT","op":"CA Dept of Transportatrion","e":16.2,"d":51.0},"geometry":{"type":"Point","coordinates":[-118.203,33.825]}},{"type":"Feature","properties":{"n":"53-12101","id":"000007_00194_33118G2","a":"Southern CA Earthquake Center","c":"SPT","op":"CA Dept of Transportatrion","e":29.6,"d":72.0},"geometry":{"type":"Point","coordinates":[-118.203,33.8267]}},{"type":"Feature","properties":{"n":"53-12111","id":"000007_00195_33118H2","a":"Southern CA Earthquake Center","c":"SPT","op":"CA Dept of Transportatrion","e":57.8,"d":71.0},"geometry":{"type":"Point","coordinates":[-118.18,33.875]}},{"type":"Feature","properties":{"n":"53-12121","id":"000007_00196_33118G2","a":"Southern CA Earthquake Center","c":"SPT","op":"CA Dept of Transportatrion","e":27.7,"d":65.0},"geometry":{"type":"Point","coordinates":[-118.215,33.8267]}},{"type":"Feature","properties":{"n":"53-12574","id":"000007_00200_33118H1","a":"Southern CA Earthquake Center","c":"SPT","op":"CA Dept of Transportatrion","e":66.1,"d":86.0},"geometry":{"type":"Point","coordinates":[-118.108,33.875]}},{"type":"Feature","properties":{"n":"53-13242","id":"000007_00215_33118H1","a":"Southern CA Earthquake Center","c":"SPT","op":"CA Dept of Transportatrion","e":63.0,"d":56.0},"geometry":{"type":"Point","coordinates":[-118.09,33.875]}},{"type":"Feature","properties":{"n":"53-14201","id":"000007_00249_33118G2","a":"Southern CA Earthquake Center","c":"SPT","op":"CA Dept of Transportatrion","e":31.5,"d":70.0},"geometry":{"type":"Point","coordinates":[-118.207,33.8233]}},{"type":"Feature","properties":{"n":"53-14221","id":"000007_00250_33118G2","a":"Southern CA Earthquake Center","c":"SPT","op":"CA Dept of Transportatrion","e":27.9,"d":70.0},"geometry":{"type":"Point","coordinates":[-118.207,33.83]}},{"type":"Feature","properties":{"n":"53-14231","id":"000007_00251_33118G2","a":"Southern CA Earthquake Center","c":"SPT","op":"CA Dept of Transportatrion","e":28.1,"d":60.0},"geometry":{"type":"Point","coordinates":[-118.208,33.8267]}},{"type":"Feature","properties":{"n":"53-14272","id":"000007_00254_33118G1","a":"Southern CA Earthquake Center","c":"SPT","op":"CA Dept of Transportatrion","e":11.3,"d":56.0},"geometry":{"type":"Point","coordinates":[-118.10188,33.77429]}},{"type":"Feature","properties":{"n":"53-14731","id":"000007_00267_33118G2","a":"Southern CA Earthquake Center","c":"SPT","op":"CA Dept of Transportatrion","e":57.0,"d":31.0},"geometry":{"type":"Point","coordinates":[-118.2,33.8233]}},{"type":"Feature","properties":{"n":"53-14761","id":"000007_00269_33118G2","a":"Southern CA Earthquake Center","c":"SPT","op":"CA Dept of Transportatrion","e":53.3,"d":31.0},"geometry":{"type":"Point","coordinates":[-118.2,33.8233]}},{"type":"Feature","properties":{"n":"53-14801","id":"000007_00270_33118G2","a":"Southern CA Earthquake Center","c":"SPT","op":"CA Dept of Transportatrion","e":21.3,"d":51.0},"geometry":{"type":"Point","coordinates":[-118.137,33.805]}},{"type":"Feature","properties":{"n":"53-14811","id":"000007_00271_33118G2","a":"Southern CA Earthquake Center","c":"SPT","op":"CA Dept of Transportatrion","e":27.6,"d":46.0},"geometry":{"type":"Point","coordinates":[-118.138,33.805]}},{"type":"Feature","properties":{"n":"53-15151","id":"000007_00275_33118G2","a":"Southern CA Earthquake Center","c":"SPT","op":"CA Dept of Transportatrion","e":95.0,"d":46.0},"geometry":{"type":"Point","coordinates":[-118.182,33.815]}},{"type":"Feature","properties":{"n":"53-15731","id":"000007_00299_33118G2","a":"Southern CA Earthquake Center","c":"SPT","op":"CA Dept of Transportatrion","e":64.4,"d":41.0},"geometry":{"type":"Point","coordinates":[-118.168,33.8133]}},{"type":"Feature","properties":{"n":"53-15741","id":"000007_00300_33118G2","a":"Southern CA Earthquake Center","c":"SPT","op":"CA Dept of Transportatrion","e":61.5,"d":61.0},"geometry":{"type":"Point","coordinates":[-118.168,33.8133]}},{"type":"Feature","properties":{"n":"53-15771","id":"000007_00301_33118G2","a":"Southern CA Earthquake Center","c":"SPT","op":"CA Dept of Transportatrion","e":19.0,"d":51.0},"geometry":{"type":"Point","coordinates":[-118.127,33.8017]}},{"type":"Feature","properties":{"n":"53-16191","id":"000007_00329_33118G2","a":"Southern CA Earthquake Center","c":"SPT","op":"CA Dept of Transportatrion","e":27.0,"d":41.0},"geometry":{"type":"Point","coordinates":[-118.145,33.8067]}},{"type":"Feature","properties":{"n":"53-16981","id":"000007_00349_33118H1","a":"Southern CA Earthquake Center","c":"SPT","op":"CA Dept of Transportatrion","e":66.6,"d":86.0},"geometry":{"type":"Point","coordinates":[-118.108,33.875]}},{"type":"Feature","properties":{"n":"53-17031","id":"000007_00352_33118G1","a":"Southern CA Earthquake Center","c":"SPT","op":"CA Dept of Transportatrion","e":61.8,"d":71.0},"geometry":{"type":"Point","coordinates":[-118.1,33.8733]}},{"type":"Feature","properties":{"n":"53-17051","id":"000007_00353_33118H1","a":"Southern CA Earthquake Center","c":"SPT","op":"CA Dept of Transportatrion","e":66.0,"d":71.0},"geometry":{"type":"Point","coordinates":[-118.102,33.8783]}},{"type":"Feature","properties":{"n":"53-17064","id":"000007_00354_33118H1","a":"Southern CA Earthquake Center","c":"SPT","op":"CA Dept of Transportatrion","e":53.5,"d":71.0},"geometry":{"type":"Point","coordinates":[-118.098,33.875]}},{"type":"Feature","properties":{"n":"53-17071","id":"000007_00355_33118H1","a":"Southern CA Earthquake Center","c":"SPT","op":"CA Dept of Transportatrion","e":65.3,"d":71.0},"geometry":{"type":"Point","coordinates":[-118.098,33.875]}},{"type":"Feature","properties":{"n":"53-17101","id":"000007_00357_33118G1","a":"Southern CA Earthquake Center","c":"SPT","op":"CA Dept of Transportatrion","e":47.6,"d":81.0},"geometry":{"type":"Point","coordinates":[-118.095,33.8533]}},{"type":"Feature","properties":{"n":"53-17111","id":"000007_00358_33118G1","a":"Southern CA Earthquake Center","c":"SPT","op":"CA Dept of Transportatrion","e":56.0,"d":85.0},"geometry":{"type":"Point","coordinates":[-118.097,33.8667]}},{"type":"Feature","properties":{"n":"53-17184","id":"000007_00362_33118H2","a":"Southern CA Earthquake Center","c":"SPT","op":"CA Dept of Transportatrion","e":66.1,"d":71.0},"geometry":{"type":"Point","coordinates":[-118.125,33.8767]}},{"type":"Feature","properties":{"n":"53-17191","id":"000007_00363_33118H1","a":"Southern CA Earthquake Center","c":"SPT","op":"CA Dept of Transportatrion","e":65.1,"d":86.0},"geometry":{"type":"Point","coordinates":[-118.12,33.875]}},{"type":"Feature","properties":{"n":"53-21014","id":"000007_00427_33118H2","a":"Southern CA Earthquake Center","c":"SPT","op":"CA Dept of Transportatrion","e":58.2,"d":71.0},"geometry":{"type":"Point","coordinates":[-118.163,33.875]}},{"type":"Feature","properties":{"n":"53-21221","id":"000007_00429_33118H2","a":"Southern CA Earthquake Center","c":"SPT","op":"CA Dept of Transportatrion","e":56.6,"d":71.0},"geometry":{"type":"Point","coordinates":[-118.177,33.8767]}},{"type":"Feature","properties":{"n":"53-21231","id":"000007_00430_33118H2","a":"Southern CA Earthquake Center","c":"SPT","op":"CA Dept of Transportatrion","e":56.4,"d":81.0},"geometry":{"type":"Point","coordinates":[-118.168,33.875]}},{"type":"Feature","properties":{"n":"53-21245","id":"000007_00431_33118G2","a":"Southern CA Earthquake Center","c":"SPT","op":"CA Dept of Transportatrion","e":57.8,"d":66.0},"geometry":{"type":"Point","coordinates":[-118.182,33.8717]}},{"type":"Feature","properties":{"n":"53-21275","id":"000007_00432_33118H2","a":"Southern CA Earthquake Center","c":"SPT","op":"CA Dept of Transportatrion","e":56.2,"d":71.0},"geometry":{"type":"Point","coordinates":[-118.172,33.8767]}},{"type":"Feature","properties":{"n":"53-21281","id":"000007_00433_33118H2","a":"Southern CA Earthquake Center","c":"SPT","op":"CA Dept of Transportatrion","e":61.4,"d":55.0},"geometry":{"type":"Point","coordinates":[-118.155,33.8767]}},{"type":"Feature","properties":{"n":"53-21295","id":"000007_00434_33118H2","a":"Southern CA Earthquake Center","c":"SPT","op":"CA Dept of Transportatrion","e":60.8,"d":86.0},"geometry":{"type":"Point","coordinates":[-118.16,33.8767]}},{"type":"Feature","properties":{"n":"53-21428","id":"000007_00435_33118G2","a":"Southern CA Earthquake Center","c":"SPT","op":"CA Dept of Transportatrion","e":47.7,"d":81.0},"geometry":{"type":"Point","coordinates":[-118.183,33.8717]}},{"type":"Feature","properties":{"n":"53-21437","id":"000007_00436_33118G2","a":"Southern CA Earthquake Center","c":"SPT","op":"CA Dept of Transportatrion","e":57.2,"d":91.0},"geometry":{"type":"Point","coordinates":[-118.185,33.8717]}},{"type":"Feature","properties":{"n":"53-21446","id":"000007_00437_33118G2","a":"Southern CA Earthquake Center","c":"SPT","op":"CA Dept of Transportatrion","e":56.4,"d":76.0},"geometry":{"type":"Point","coordinates":[-118.183,33.8717]}},{"type":"Feature","properties":{"n":"53-21651","id":"000007_00438_33118H2","a":"Southern CA Earthquake Center","c":"SPT","op":"CA Dept of Transportatrion","e":59.8,"d":56.0},"geometry":{"type":"Point","coordinates":[-118.157,33.8767]}},{"type":"Feature","properties":{"n":"53-21698","id":"000007_00439_33118G2","a":"Southern CA Earthquake Center","c":"SPT","op":"CA Dept of Transportatrion","e":56.6,"d":71.0},"geometry":{"type":"Point","coordinates":[-118.193,33.8733]}},{"type":"Feature","properties":{"n":"53-22343","id":"000007_00440_33118G2","a":"Southern CA Earthquake Center","c":"SPT","op":"CA Dept of Transportatrion","e":67.7,"d":76.0},"geometry":{"type":"Point","coordinates":[-118.22,33.8733]}},{"type":"Feature","properties":{"n":"53-22358","id":"000007_00441_33118G2","a":"Southern CA Earthquake Center","c":"SPT","op":"CA Dept of Transportatrion","e":57.0,"d":91.0},"geometry":{"type":"Point","coordinates":[-118.215,33.8733]}},{"type":"Feature","properties":{"n":"53-22361","id":"000007_00442_33118G2","a":"Southern CA Earthquake Center","c":"SPT","op":"CA Dept of Transportatrion","e":55.8,"d":96.0},"geometry":{"type":"Point","coordinates":[-118.215,33.8733]}},{"type":"Feature","properties":{"n":"53-22371","id":"000007_00443_33118G2","a":"Southern CA Earthquake Center","c":"SPT","op":"CA Dept of Transportatrion","e":55.1,"d":85.0},"geometry":{"type":"Point","coordinates":[-118.215,33.8733]}},{"type":"Feature","properties":{"n":"53-22381","id":"000007_00444_33118G2","a":"Southern CA Earthquake Center","c":"SPT","op":"CA Dept of Transportatrion","e":55.0,"d":76.0},"geometry":{"type":"Point","coordinates":[-118.213,33.8733]}},{"type":"Feature","properties":{"n":"53-22403","id":"000007_00445_33118G2","a":"Southern CA Earthquake Center","c":"SPT","op":"CA Dept of Transportatrion","e":53.9,"d":66.0},"geometry":{"type":"Point","coordinates":[-118.19,33.8717]}},{"type":"Feature","properties":{"n":"53-22411","id":"000007_00446_33118G2","a":"Southern CA Earthquake Center","c":"SPT","op":"CA Dept of Transportatrion","e":32.8,"d":76.0},"geometry":{"type":"Point","coordinates":[-118.19,33.8717]}},{"type":"Feature","properties":{"n":"53-22522","id":"000007_00447_33118G2","a":"Southern CA Earthquake Center","c":"SPT","op":"CA Dept of Transportatrion","e":54.3,"d":66.0},"geometry":{"type":"Point","coordinates":[-118.207,33.8733]}},{"type":"Feature","properties":{"n":"53-23711","id":"000007_00448_33118G2","a":"Southern CA Earthquake Center","c":"SPT","op":"CA Dept of Transportatrion","e":76.1,"d":56.0},"geometry":{"type":"Point","coordinates":[-118.223,33.8733]}},{"type":"Feature","properties":{"n":"53-23731","id":"000007_00449_33118G2","a":"Southern CA Earthquake Center","c":"SPT","op":"CA Dept of Transportatrion","e":54.5,"d":76.0},"geometry":{"type":"Point","coordinates":[-118.202,33.8717]}},{"type":"Feature","properties":{"n":"53-24581","id":"000007_00450_33118H3","a":"Southern CA Earthquake Center","c":"SPT","op":"CA Dept of Transportatrion","e":44.4,"d":61.0},"geometry":{"type":"Point","coordinates":[-118.25,33.8767]}},{"type":"Feature","properties":{"n":"53-24591","id":"000007_00451_33118H2","a":"Southern CA Earthquake Center","c":"SPT","op":"CA Dept of Transportatrion","e":121.7,"d":51.0},"geometry":{"type":"Point","coordinates":[-118.233,33.8767]}},{"type":"Feature","properties":{"n":"53-27361","id":"000007_00471_33118G2","a":"Southern CA Earthquake Center","c":"SPT","op":"CA Dept of Transportatrion","e":43.1,"d":60.0},"geometry":{"type":"Point","coordinates":[-118.142,33.83]}},{"type":"Feature","properties":{"n":"53C01392","id":"000007_00473_33118G1","a":"Southern CA Earthquake Center","c":"SPT","op":"LA Co. Dept. Pub Works","e":21.5,"d":86.0},"geometry":{"type":"Point","coordinates":[-118.097,33.775]}},{"type":"Feature","properties":{"n":"53C02659","id":"000007_00475_33118G1","a":"Southern CA Earthquake Center","c":"SPT","op":"LA Co. Dept. Pub Works","e":33.0,"d":115.0},"geometry":{"type":"Point","coordinates":[-118.09,33.805]}},{"type":"Feature","properties":{"n":"53C02661","id":"000007_00476_33118G1","a":"Southern CA Earthquake Center","c":"SPT","op":"LA Co. Dept. Pub Works","e":28.2,"d":93.0},"geometry":{"type":"Point","coordinates":[-118.083,33.805]}},{"type":"Feature","properties":{"n":"53C02811","id":"000007_00477_33118G1","a":"Southern CA Earthquake Center","c":"SPT","op":"LA Co. Dept. Pub Works","e":20.0,"d":71.0},"geometry":{"type":"Point","coordinates":[-118.092,33.805]}},{"type":"Feature","properties":{"n":"53C02825","id":"000007_00478_33118G1","a":"Southern CA Earthquake Center","c":"SPT","op":"LA Co. Dept. Pub Works","e":22.2,"d":75.0},"geometry":{"type":"Point","coordinates":[-118.088,33.805]}},{"type":"Feature","properties":{"n":"53C02832","id":"000007_00479_33118G1","a":"Southern CA Earthquake Center","c":"SPT","op":"LA Co. Dept. Pub Works","e":7.2,"d":70.0},"geometry":{"type":"Point","coordinates":[-118.097,33.7617]}},{"type":"Feature","properties":{"n":"53C02844","id":"000007_00480_33118G1","a":"Southern CA Earthquake Center","c":"SPT","op":"LA Co. Dept. Pub Works","e":7.8,"d":70.0},"geometry":{"type":"Point","coordinates":[-118.093,33.7617]}},{"type":"Feature","properties":{"n":"53C04593","id":"000007_00482_33118G2","a":"Southern CA Earthquake Center","c":"SPT","op":"LA Co. Dept. Pub Works","e":22.0,"d":91.0},"geometry":{"type":"Point","coordinates":[-118.243,33.8233]}},{"type":"Feature","properties":{"n":"53C08012","id":"000007_00483_33118G1","a":"Southern CA Earthquake Center","c":"SPT","op":"LA Co. Dept. Pub Works","e":9.0,"d":71.0},"geometry":{"type":"Point","coordinates":[-118.102,33.77]}},{"type":"Feature","properties":{"n":"53C08022","id":"000007_00484_33118G1","a":"Southern CA Earthquake Center","c":"SPT","op":"LA Co. Dept. Pub Works","e":5.0,"d":67.0},"geometry":{"type":"Point","coordinates":[-118.102,33.7667]}},{"type":"Feature","properties":{"n":"53C08351","id":"000007_00485_33118G1","a":"Southern CA Earthquake Center","c":"SPT","op":"LA Co. Dept. Pub Works","e":22.0,"d":50.0},"geometry":{"type":"Point","coordinates":[-118.113,33.81]}},{"type":"Feature","properties":{"n":"53C17431","id":"000007_00486_33118G2","a":"Southern CA Earthquake Center","c":"SPT","op":"LA Co. Dept. Pub Works","e":67.3,"d":74.0},"geometry":{"type":"Point","coordinates":[-118.222,33.8733]}},{"type":"Feature","properties":{"n":"53C17445","id":"000007_00487_33118G2","a":"Southern CA Earthquake Center","c":"SPT","op":"LA Co. Dept. Pub Works","e":57.0,"d":76.0},"geometry":{"type":"Point","coordinates":[-118.217,33.8733]}},{"type":"Feature","properties":{"n":"LB-0053","id":"000007_00488_33118G2","a":"Southern CA Earthquake Center","c":"SPT","op":"City of Long Beach","e":14.0,"d":35.0},"geometry":{"type":"Point","coordinates":[-118.199,33.7804]}},{"type":"Feature","properties":{"n":"LB-0491","id":"000007_00489_33118G2","a":"Southern CA Earthquake Center","c":"STRAT","op":"City of Long Beach","e":4.9,"d":90.0},"geometry":{"type":"Point","coordinates":[-118.216,33.7777]}},{"type":"Feature","properties":{"n":"LB-0568","id":"000007_00490_33118G2","a":"Southern CA Earthquake Center","c":"SPT","op":"City of Long Beach","e":33.9,"d":45.0},"geometry":{"type":"Point","coordinates":[-118.211,33.8184]}},{"type":"Feature","properties":{"n":"LB-0584","id":"000007_00491_33118G2","a":"Southern CA Earthquake Center","c":"SPT","op":"City of Long Beach","e":25.5},"geometry":{"type":"Point","coordinates":[-118.135,33.816]}},{"type":"Feature","properties":{"n":"LB-0652","id":"000007_00492_33118G1","a":"Southern CA Earthquake Center","c":"SPT","op":"City of Long Beach","e":12.2},"geometry":{"type":"Point","coordinates":[-118.115,33.7523]}},{"type":"Feature","properties":{"n":"LB-0868","id":"000007_00493_33118G1","a":"Southern CA Earthquake Center","c":"SPT","op":"City of Long Beach","e":38.4,"d":81.0},"geometry":{"type":"Point","coordinates":[-118.069,33.8177]}},{"type":"Feature","properties":{"n":"LB-1081","id":"000007_00494_33118G2","a":"Southern CA Earthquake Center","c":"SPT","op":"City of Long Beach","e":29.9,"d":101.0},"geometry":{"type":"Point","coordinates":[-118.194,33.7708]}},{"type":"Feature","properties":{"n":"LB-1222","id":"000007_00495_33118G2","a":"Southern CA Earthquake Center","c":"STRAT","op":"City of Long Beach","e":4.5,"d":75.0},"geometry":{"type":"Point","coordinates":[-118.198,33.7687]}},{"type":"Feature","properties":{"n":"LB-1240","id":"000007_00496_33118G2","a":"Southern CA Earthquake Center","c":"SPT","op":"City of Long Beach","e":15.3,"d":115.0},"geometry":{"type":"Point","coordinates":[-118.188,33.7632]}},{"type":"Feature","properties":{"n":"LB-1242","id":"000007_00497_33118G2","a":"Southern CA Earthquake Center","c":"SPT","op":"City of Long Beach","d":115.3},"geometry":{"type":"Point","coordinates":[-118.19,33.7632]}},{"type":"Feature","properties":{"n":"LB-1244","id":"000007_00498_33118G2","a":"Southern CA Earthquake Center","c":"SPT","op":"City of Long Beach","e":16.4,"d":105.3},"geometry":{"type":"Point","coordinates":[-118.19,33.7647]}},{"type":"Feature","properties":{"n":"LB-1247","id":"000007_00499_33118G2","a":"Southern CA Earthquake Center","c":"SPT","op":"City of Long Beach","e":6.6,"d":120.5},"geometry":{"type":"Point","coordinates":[-118.192,33.7638]}},{"type":"Feature","properties":{"n":"LB-1263","id":"000007_00500_33118G2","a":"Southern CA Earthquake Center","c":"SPT","op":"City of Long Beach","d":23.5},"geometry":{"type":"Point","coordinates":[-118.214,33.7988]}},{"type":"Feature","properties":{"n":"LB-1266","id":"000007_00501_33118G1","a":"Southern CA Earthquake Center","c":"SPT","op":"City of Long Beach","e":9.5,"d":70.0},"geometry":{"type":"Point","coordinates":[-118.124,33.761]}},{"type":"Feature","properties":{"n":"LB-1274","id":"000007_00502_33118G2","a":"Southern CA Earthquake Center","c":"SPT","op":"City of Long Beach","e":6.4,"d":65.0},"geometry":{"type":"Point","coordinates":[-118.198,33.7696]}},{"type":"Feature","properties":{"n":"LB-1287","id":"000007_00503_33118G2","a":"Southern CA Earthquake Center","c":"SPT","op":"City of Long Beach","e":100.8,"d":40.0},"geometry":{"type":"Point","coordinates":[-118.193,33.7719]}},{"type":"Feature","properties":{"n":"LB-1289","id":"000007_00504_33118G2","a":"Southern CA Earthquake Center","c":"SPT","op":"City of Long Beach","e":10.0,"d":50.0},"geometry":{"type":"Point","coordinates":[-118.142,33.7622]}},{"type":"Feature","properties":{"n":"LB-1378","id":"000007_00505_33118G1","a":"Southern CA Earthquake Center","c":"SPT","op":"City of Long Beach","e":9.0,"d":66.0},"geometry":{"type":"Point","coordinates":[-118.12,33.7588]}},{"type":"Feature","properties":{"n":"LB-1384","id":"000007_00506_33118G2","a":"Southern CA Earthquake Center","c":"SPT","op":"City of Long Beach","e":18.0,"d":100.0},"geometry":{"type":"Point","coordinates":[-118.188,33.7665]}},{"type":"Feature","properties":{"n":"LB-1567","id":"000007_00507_33118G2","a":"Southern CA Earthquake Center","c":"STRAT","op":"City of Long Beach","e":36.0,"d":36.0},"geometry":{"type":"Point","coordinates":[-118.18,33.7686]}},{"type":"Feature","properties":{"n":"LB-1614","id":"000007_00508_33118G1","a":"Southern CA Earthquake Center","c":"SPT","op":"City of Long Beach"},"geometry":{"type":"Point","coordinates":[-118.112,33.7572]}},{"type":"Feature","properties":{"n":"LB-1644","id":"000007_00509_33118G1","a":"Southern CA Earthquake Center","c":"STRAT","op":"City of Long Beach","e":14.0},"geometry":{"type":"Point","coordinates":[-118.116,33.7674]}},{"type":"Feature","properties":{"n":"LB-1747","id":"000007_00510_33118G2","a":"Southern CA Earthquake Center","c":"SPT","op":"City of Long Beach","e":17.8,"d":52.5},"geometry":{"type":"Point","coordinates":[-118.196,33.764]}},{"type":"Feature","properties":{"n":"LB-1801","id":"000007_00511_33118G2","a":"Southern CA Earthquake Center","c":"SPT","op":"City of Long Beach"},"geometry":{"type":"Point","coordinates":[-118.181,33.7685]}},{"type":"Feature","properties":{"n":"LB-1812","id":"000007_00512_33118G2","a":"Southern CA Earthquake Center","c":"SPT","op":"City of Long Beach","e":4.1,"d":41.0},"geometry":{"type":"Point","coordinates":[-118.195,33.769]}},{"type":"Feature","properties":{"n":"LB-1830","id":"000007_00513_33118G2","a":"Southern CA Earthquake Center","c":"SPT","op":"City of Long Beach"},"geometry":{"type":"Point","coordinates":[-118.182,33.7687]}},{"type":"Feature","properties":{"n":"2602-J5","id":"000008_00019_33118H3","a":"LA Co. Dept. Pub Works","s":"Compton Project No. 2602","c":"SPT","op":"Maurseth Howe Associates","e":96.8,"d":12.5},"geometry":{"type":"Point","coordinates":[-118.25347,33.89589]}},{"type":"Feature","properties":{"n":"H0130-B1","id":"000008_00113_33118H2","a":"CDMG Hos Ste Review Proj","s":"Saint Francis Medical Center","c":"SPT","op":"Law Crandall Inc/LeRoy Crandall","e":91.3,"d":65.5},"geometry":{"type":"Point","coordinates":[-118.20364,33.9302]}},{"type":"Feature","properties":{"n":"H0217-B2","id":"000008_00114_33118H2","a":"CDMG Hos Ste Review Proj","s":"Rancho Los Amigos Hospital","c":"SPT","op":"\"Fugro, Inc.","e":97.2,"d":80.5},"geometry":{"type":"Point","coordinates":[-118.15826,33.92633]}},{"type":"Feature","properties":{"n":"H0532-1","id":"000008_00118_33118H2","a":"CDMG Hos Ste Review Proj","s":"Garden of Lebanon Sanitarium","c":"SPT","op":"Foundation Engineering Co. Inc","e":102.5,"d":16.0},"geometry":{"type":"Point","coordinates":[-118.13041,33.92693]}},{"type":"Feature","properties":{"n":"H0532-2","id":"000008_00119_33118H2","a":"CDMG Hos Ste Review Proj","s":"Garden of Lebanon Sanitarium","c":"SPT","op":"Foundation Engineering Co. Inc","e":102.5,"d":15.0},"geometry":{"type":"Point","coordinates":[-118.13107,33.92669]}},{"type":"Feature","properties":{"n":"H1171-B1","id":"000008_00122_33118H1","a":"CDMG Hos Ste Review Proj","s":"Norwalk Community Hospital","c":"SPT","op":"Converse Cnslts.(&predecessors)","e":100.0,"d":20.0},"geometry":{"type":"Point","coordinates":[-118.06347,33.91057]}},{"type":"Feature","properties":{"n":"H1171-B2","id":"000008_00123_33118H1","a":"CDMG Hos Ste Review Proj","s":"Norwalk Community Hospital","c":"SPT","op":"Converse Cnslts.(&predecessors)","e":100.0,"d":20.0},"geometry":{"type":"Point","coordinates":[-118.06348,33.91089]}},{"type":"Feature","properties":{"n":"H1199-B3","id":"000008_00124_33118H1","a":"CDMG Hos Ste Review Proj","s":"Metropolitan State Hospital","c":"SPT","op":"\"Fugro, Inc.","e":117.0,"d":81.5},"geometry":{"type":"Point","coordinates":[-118.06708,33.9252]}},{"type":"Feature","properties":{"n":"H5012-B2","id":"000008_00125_33118H2","a":"CDMG Hos Ste Review Proj","s":"Paramount General Hospital","c":"STRAT","op":"Law Crandall Inc/LeRoy Crandall","e":67.1,"d":35.6},"geometry":{"type":"Point","coordinates":[-118.16229,33.88386]}},{"type":"Feature","properties":{"n":"H5062-B1","id":"000008_00129_33118H1","a":"CDMG Hos Ste Review Proj","s":"Studebaker Community Hospital","c":"SPT","op":"Chang & Associates","e":94.0,"d":23.0},"geometry":{"type":"Point","coordinates":[-118.09758,33.91246]}},{"type":"Feature","properties":{"n":"HL840009-B1","id":"000008_00130_33118H1","a":"CDMG Hos Ste Review Proj","s":"La Mirada Community Hospital","c":"SPT","op":"Woodward-Clyde Consultants","e":185.0,"d":91.5},"geometry":{"type":"Point","coordinates":[-118.01134,33.91614]}},{"type":"Feature","properties":{"n":"HL909965-1","id":"000008_00131_33118H2","a":"CDMG Hos Ste Review Proj","s":"Martin Luther King Jr. Hospital","c":"STRAT","op":"Law Crandall Inc/LeRoy Crandall","e":102.6,"d":60.0},"geometry":{"type":"Point","coordinates":[-118.24185,33.92328]}},{"type":"Feature","properties":{"n":"HL920223-27","id":"000008_00132_33118H2","a":"CDMG Hos Ste Review Proj","s":"Rancho Los Amigos Hospital","c":"SPT","op":"Law Crandall Inc/LeRoy Crandall","e":98.0,"d":200.0},"geometry":{"type":"Point","coordinates":[-118.15542,33.92805]}},{"type":"Feature","properties":{"n":"HL930697-1","id":"000008_00133_33118H2","a":"CDMG Hos Ste Review Proj","s":"Kaiser Permanente","c":"SPT","op":"Law Crandall Inc/LeRoy Crandall","e":87.3,"d":69.5},"geometry":{"type":"Point","coordinates":[-118.13135,33.9024]}},{"type":"Feature","properties":{"n":"HL930697-3","id":"000008_00134_33118H2","a":"CDMG Hos Ste Review Proj","s":"Kaiser Permanente","c":"SPT","op":"Law Crandall Inc/LeRoy Crandall","e":85.8,"d":76.0},"geometry":{"type":"Point","coordinates":[-118.1326,33.90363]}},{"type":"Feature","properties":{"n":"SD1107-1","id":"000008_00135_33118H2","a":"LA Co. Dept. Pub Works","s":"Downey California Project No. 1107","c":"STRAT","op":"Maurseth Howe Associates","e":84.0,"d":19.2},"geometry":{"type":"Point","coordinates":[-118.12859,33.90229]}},{"type":"Feature","properties":{"n":"SD1107-14","id":"000008_00136_33118H2","a":"LA Co. Dept. Pub Works","s":"Downey California Project No. 1107","c":"SPT","op":"Maurseth Howe Associates","e":95.0,"d":15.0},"geometry":{"type":"Point","coordinates":[-118.13688,33.91696]}},{"type":"Feature","properties":{"n":"SD1107-4","id":"000008_00137_33118H2","a":"LA Co. Dept. Pub Works","s":"Downey California Project No. 1107","c":"SPT","op":"Maurseth Howe Associates","e":85.0,"d":19.1},"geometry":{"type":"Point","coordinates":[-118.12883,33.90701]}},{"type":"Feature","properties":{"n":"SD1107-6","id":"000008_00138_33118H2","a":"LA Co. Dept. Pub Works","s":"Downey California Project No. 1107","c":"SPT","op":"Maurseth Howe Associates","e":89.0,"d":19.5},"geometry":{"type":"Point","coordinates":[-118.12874,33.91041]}},{"type":"Feature","properties":{"n":"SD1107-9","id":"000008_00139_33118H2","a":"LA Co. Dept. Pub Works","s":"Downey California Project No. 1107","c":"SPT","op":"Maurseth Howe Associates","e":91.7,"d":19.3},"geometry":{"type":"Point","coordinates":[-118.12884,33.91598]}},{"type":"Feature","properties":{"n":"SD1110-12A","id":"000008_00142_33118H1","a":"LA Co. Dept. Pub Works","s":"Norwalk California Project No. 111","c":"SPT","op":"Maurseth Howe Associates","e":103.9,"d":17.5},"geometry":{"type":"Point","coordinates":[-118.0945,33.9222]}},{"type":"Feature","properties":{"n":"SD1110-15A","id":"000008_00143_33118H1","a":"LA Co. Dept. Pub Works","s":"Norwalk California Project No. 111","c":"SPT","op":"Maurseth Howe Associates","e":107.9,"d":20.5},"geometry":{"type":"Point","coordinates":[-118.09109,33.92701]}},{"type":"Feature","properties":{"n":"SD1110-1A","id":"000008_00144_33118H1","a":"LA Co. Dept. Pub Works","s":"Norwalk California Project No. 111","c":"SPT","op":"Maurseth Howe Associates","e":96.0,"d":14.5},"geometry":{"type":"Point","coordinates":[-118.10962,33.91711]}},{"type":"Feature","properties":{"n":"SD1110-5A","id":"000008_00145_33118H1","a":"LA Co. Dept. Pub Works","s":"Norwalk California Project No. 111","c":"SPT","op":"Maurseth Howe Associates","e":101.4,"d":16.5},"geometry":{"type":"Point","coordinates":[-118.10158,33.9171]}},{"type":"Feature","properties":{"n":"SD1111-A1-UNIT2","id":"000008_00146_33118H1","a":"LA Co. Dept. Pub Works","s":"Norwalk-Santa Fe Springs Project N","c":"SPT","op":"Donald R. Warren Co.","e":118.8,"d":31.0},"geometry":{"type":"Point","coordinates":[-118.05379,33.91701]}},{"type":"Feature","properties":{"n":"SD1211-A1","id":"000008_00147_33118H1","a":"LA Co. Dept. Pub Works","s":"L.A. County California Project No.","c":"SPT","op":"Donald R. Warren Co.","e":117.0,"d":14.0},"geometry":{"type":"Point","coordinates":[-118.05075,33.91958]}},{"type":"Feature","properties":{"n":"SD1211-A4","id":"000008_00148_33118H1","a":"LA Co. Dept. Pub Works","s":"L.A. County California Project No.","c":"SPT","op":"Donald R. Warren Co.","e":140.2,"d":14.5},"geometry":{"type":"Point","coordinates":[-118.05007,33.92425]}},{"type":"Feature","properties":{"n":"SD1260-B4","id":"000008_00169_33118H1","a":"LA Co. Dept. Pub Works","s":"L.A. County Project No. 1260","c":"SPT","op":"\"Geolabs, Inc.","e":183.0,"d":8.0},"geometry":{"type":"Point","coordinates":[-118.02829,33.93097]}},{"type":"Feature","properties":{"n":"SD1260-F1","id":"000008_00177_33118H1","a":"LA Co. Dept. Pub Works","s":"L.A. County Project No. 1260","c":"SPT","op":"\"Geolabs, Inc.","e":105.0,"d":24.0},"geometry":{"type":"Point","coordinates":[-118.03604,33.92084]}},{"type":"Feature","properties":{"n":"SD1260-F5","id":"000008_00178_33118H1","a":"LA Co. Dept. Pub Works","s":"L.A. County Project No. 1260","c":"SPT","op":"\"Geolabs, Inc.","e":149.0,"d":17.0},"geometry":{"type":"Point","coordinates":[-118.03958,33.92403]}},{"type":"Feature","properties":{"n":"SD1902-A10","id":"000008_00188_33118H1","a":"LA Co. Dept. Pub Works","s":"Bellflower Project No.1902","c":"SPT","op":"Maurseth Howe Associates","e":67.0,"d":15.0},"geometry":{"type":"Point","coordinates":[-118.11373,33.87998]}},{"type":"Feature","properties":{"n":"SD1902-A6","id":"000008_00189_33118H1","a":"LA Co. Dept. Pub Works","s":"Bellflower Project No.1902","c":"SPT","op":"Maurseth Howe Associates","e":65.1,"d":15.0},"geometry":{"type":"Point","coordinates":[-118.11015,33.87582]}},{"type":"Feature","properties":{"n":"SD1902-A7","id":"000008_00190_33118H1","a":"LA Co. Dept. Pub Works","s":"Bellflower Project No.1902","c":"SPT","op":"Maurseth Howe Associates","e":65.2,"d":15.0},"geometry":{"type":"Point","coordinates":[-118.11023,33.87737]}},{"type":"Feature","properties":{"n":"SD1903-3A","id":"000008_00191_33118H2","a":"LA Co. Dept. Pub Works","s":"Bellflower Project No. 1903","c":"SPT","op":"Maurseth Howe Associates","e":71.0,"d":16.0},"geometry":{"type":"Point","coordinates":[-118.12985,33.88931]}},{"type":"Feature","properties":{"n":"SD2601-1G","id":"000008_00219_33118H2","a":"LA Co. Dept. Pub Works","s":"Compton Project No. 2601","c":"SPT","op":"Moore and Taber","e":72.1,"d":9.0},"geometry":{"type":"Point","coordinates":[-118.18915,33.90371]}},{"type":"Feature","properties":{"n":"SD2601-A2","id":"000008_00220_33118H2","a":"LA Co. Dept. Pub Works","s":"Compton Project No. 2601","c":"SPT","op":"Moore and Taber","e":69.9,"d":15.0},"geometry":{"type":"Point","coordinates":[-118.22986,33.89319]}},{"type":"Feature","properties":{"n":"SD2601-A7","id":"000008_00221_33118H2","a":"LA Co. Dept. Pub Works","s":"Compton Project No. 2601","c":"SPT","op":"Moore and Taber","e":72.7,"d":13.5},"geometry":{"type":"Point","coordinates":[-118.23234,33.8993]}},{"type":"Feature","properties":{"n":"SD2601-B3","id":"000008_00222_33118H2","a":"LA Co. Dept. Pub Works","s":"Compton Project No. 2601","c":"SPT","op":"Moore and Taber","e":68.7,"d":15.0},"geometry":{"type":"Point","coordinates":[-118.21026,33.89837]}},{"type":"Feature","properties":{"n":"SD2601-B5","id":"000008_00223_33118H2","a":"LA Co. Dept. Pub Works","s":"Compton Project No. 2601","c":"SPT","op":"Moore and Taber","e":69.1,"d":13.0},"geometry":{"type":"Point","coordinates":[-118.20615,33.89835]}},{"type":"Feature","properties":{"n":"SD2601-C1","id":"000008_00224_33118H2","a":"LA Co. Dept. Pub Works","s":"Compton Project No. 2601","c":"SPT","op":"Moore and Taber","e":65.7,"d":12.0},"geometry":{"type":"Point","coordinates":[-118.21992,33.89142]}},{"type":"Feature","properties":{"n":"SD2601-D1","id":"000008_00225_33118H2","a":"LA Co. Dept. Pub Works","s":"Compton Project No. 2601","c":"SPT","op":"Moore and Taber","e":65.0,"d":7.0},"geometry":{"type":"Point","coordinates":[-118.21928,33.88862]}},{"type":"Feature","properties":{"n":"SD2601-H2","id":"000008_00226_33118H2","a":"LA Co. Dept. Pub Works","s":"Compton Project No. 2601","c":"SPT","op":"Moore and Taber","e":69.7,"d":16.0},"geometry":{"type":"Point","coordinates":[-118.22556,33.896]}},{"type":"Feature","properties":{"n":"SD2601-I1","id":"000008_00227_33118H2","a":"LA Co. Dept. Pub Works","s":"Compton Project No. 2601","c":"SPT","op":"Moore and Taber","e":68.5,"d":14.0},"geometry":{"type":"Point","coordinates":[-118.21812,33.89835]}},{"type":"Feature","properties":{"n":"SD2601-J1","id":"000008_00228_33118H2","a":"LA Co. Dept. Pub Works","s":"Compton Project No. 2601","c":"SPT","op":"Moore and Taber","e":62.2,"d":9.0},"geometry":{"type":"Point","coordinates":[-118.20775,33.88565]}},{"type":"Feature","properties":{"n":"SD2601-K1","id":"000008_00229_33118H2","a":"LA Co. Dept. Pub Works","s":"Compton Project No. 2601","c":"SPT","op":"Moore and Taber","e":76.4,"d":11.0},"geometry":{"type":"Point","coordinates":[-118.19936,33.90977]}},{"type":"Feature","properties":{"n":"SD2602-1E","id":"000008_00230_33118H2","a":"LA Co. Dept. Pub Works","s":"Compton Project No. 2602","c":"SPT","op":"Maurseth Howe Associates","e":68.8,"d":16.0},"geometry":{"type":"Point","coordinates":[-118.22875,33.88849]}},{"type":"Feature","properties":{"n":"SD2602-2A","id":"000008_00231_33118H2","a":"LA Co. Dept. Pub Works","s":"Compton Project No. 2602","c":"SPT","op":"Maurseth Howe Associates","e":60.4,"d":15.7},"geometry":{"type":"Point","coordinates":[-118.23511,33.89775]}},{"type":"Feature","properties":{"n":"SD2602-2C","id":"000008_00232_33118H2","a":"LA Co. Dept. Pub Works","s":"Compton Project No. 2602","c":"SPT","op":"Maurseth Howe Associates","e":94.7,"d":12.2},"geometry":{"type":"Point","coordinates":[-118.24303,33.88535]}},{"type":"Feature","properties":{"n":"SD2602-2H","id":"000008_00233_33118H2","a":"LA Co. Dept. Pub Works","s":"Compton Project No. 2602","c":"SPT","op":"Maurseth Howe Associates","e":74.6,"d":14.5},"geometry":{"type":"Point","coordinates":[-118.23687,33.90187]}},{"type":"Feature","properties":{"n":"SD2602-3D","id":"000008_00234_33118H2","a":"LA Co. Dept. Pub Works","s":"Compton Project No. 2602","c":"SPT","op":"Maurseth Howe Associates","e":79.0,"d":18.3},"geometry":{"type":"Point","coordinates":[-118.2362,33.89241]}},{"type":"Feature","properties":{"n":"SD2602-4C","id":"000008_00235_33118H2","a":"LA Co. Dept. Pub Works","s":"Compton Project No. 2602","c":"SPT","op":"Maurseth Howe Associates","e":96.0,"d":12.5},"geometry":{"type":"Point","coordinates":[-118.24717,33.88536]}},{"type":"Feature","properties":{"n":"SD2602-4E","id":"000008_00236_33118H2","a":"LA Co. Dept. Pub Works","s":"Compton Project No. 2602","c":"SPT","op":"Maurseth Howe Associates","e":82.5,"d":14.4},"geometry":{"type":"Point","coordinates":[-118.23558,33.88837]}},{"type":"Feature","properties":{"n":"SD3102-2A","id":"000008_00239_33118H2","a":"LA Co. Dept. Pub Works","s":"Downey Project No. 3102","c":"SPT","op":"Maurseth Howe Associates","e":95.2,"d":20.5},"geometry":{"type":"Point","coordinates":[-118.15149,33.92325]}},{"type":"Feature","properties":{"n":"SD3102-3B","id":"000008_00241_33118H2","a":"LA Co. Dept. Pub Works","s":"Downey Project No. 3102","c":"SPT","op":"Maurseth Howe Associates","e":97.9,"d":14.0},"geometry":{"type":"Point","coordinates":[-118.14809,33.92246]}},{"type":"Feature","properties":{"n":"SD3102-4A","id":"000008_00242_33118H2","a":"LA Co. Dept. Pub Works","s":"Downey Project No. 3102","c":"SPT","op":"Maurseth Howe Associates","e":104.0,"d":26.0},"geometry":{"type":"Point","coordinates":[-118.14927,33.92654]}},{"type":"Feature","properties":{"n":"SD3102-4B","id":"000008_00243_33118H2","a":"LA Co. Dept. Pub Works","s":"Downey Project No. 3102","c":"SPT","op":"Maurseth Howe Associates","e":100.7,"d":16.5},"geometry":{"type":"Point","coordinates":[-118.14602,33.92153]}},{"type":"Feature","properties":{"n":"SD3103-12A","id":"000008_00246_33118H2","a":"LA Co. Dept. Pub Works","s":"Downey Project No. 3103","c":"SPT","op":"Maurseth Howe Associates","e":105.0,"d":15.0},"geometry":{"type":"Point","coordinates":[-118.14024,33.92887]}},{"type":"Feature","properties":{"n":"SD3103-3A","id":"000008_00250_33118H2","a":"LA Co. Dept. Pub Works","s":"Downey Project No. 3103","c":"SPT","op":"Maurseth Howe Associates","e":95.6,"d":16.0},"geometry":{"type":"Point","coordinates":[-118.13326,33.92055]}},{"type":"Feature","properties":{"n":"SD3103-4B","id":"000008_00251_33118H2","a":"LA Co. Dept. Pub Works","s":"Downey Project No. 3103","c":"SPT","op":"Maurseth Howe Associates","e":98.6,"d":13.0},"geometry":{"type":"Point","coordinates":[-118.1542,33.93065]}},{"type":"Feature","properties":{"n":"SD3103-6A","id":"000008_00254_33118H2","a":"LA Co. Dept. Pub Works","s":"Downey Project No. 3103","c":"SPT","op":"Maurseth Howe Associates","e":100.2,"d":16.0},"geometry":{"type":"Point","coordinates":[-118.13227,33.9237]}},{"type":"Feature","properties":{"n":"SD3103-8A","id":"000008_00255_33118H2","a":"LA Co. Dept. Pub Works","s":"Downey Project No. 3103","c":"SPT","op":"Maurseth Howe Associates","e":101.5,"d":16.0},"geometry":{"type":"Point","coordinates":[-118.13635,33.92575]}},{"type":"Feature","properties":{"n":"SD3150-1A","id":"000008_00256_33118H1","a":"LA Co. Dept. Pub Works","s":"Downey Project No. 3150","c":"SPT","op":"Maurseth Howe Associates","e":94.2,"d":15.0},"geometry":{"type":"Point","coordinates":[-118.12014,33.9174]}},{"type":"Feature","properties":{"n":"SD3150-3B","id":"000008_00257_33118H1","a":"LA Co. Dept. Pub Works","s":"Downey Project No. 3150","c":"SPT","op":"Maurseth Howe Associates","e":88.7,"d":15.0},"geometry":{"type":"Point","coordinates":[-118.11998,33.90971]}},{"type":"Feature","properties":{"n":"SD3150-4A","id":"000008_00258_33118H1","a":"LA Co. Dept. Pub Works","s":"Downey Project No. 3150","c":"SPT","op":"Maurseth Howe Associates","e":97.8,"d":15.0},"geometry":{"type":"Point","coordinates":[-118.12024,33.92269]}},{"type":"Feature","properties":{"n":"SD3150-C3","id":"000008_00259_33118H2","a":"LA Co. Dept. Pub Works","s":"Downey Project No. 3150","c":"SPT","op":"Maurseth Howe Associates","e":93.5,"d":13.0},"geometry":{"type":"Point","coordinates":[-118.12552,33.91698]}},{"type":"Feature","properties":{"n":"SD420-A1","id":"000008_00265_33118H2","a":"LA Co. Dept. Pub Works","s":"East Compton Project No. 420","c":"SPT","op":"Maurseth Howe Associates","e":60.0,"d":16.4},"geometry":{"type":"Point","coordinates":[-118.21314,33.88127]}},{"type":"Feature","properties":{"n":"SD420-A4","id":"000008_00266_33118H2","a":"LA Co. Dept. Pub Works","s":"East Compton Project No. 420","c":"SPT","op":"Maurseth Howe Associates","e":61.0,"d":16.0},"geometry":{"type":"Point","coordinates":[-118.20649,33.88124]}},{"type":"Feature","properties":{"n":"SD420-A7","id":"000008_00267_33118H2","a":"LA Co. Dept. Pub Works","s":"East Compton Project No. 420","c":"SPT","op":"Maurseth Howe Associates","e":63.0,"d":17.4},"geometry":{"type":"Point","coordinates":[-118.20591,33.88657]}},{"type":"Feature","properties":{"n":"SD420-B1","id":"000008_00268_33118H2","a":"LA Co. Dept. Pub Works","s":"East Compton Project No. 420","c":"SPT","op":"Maurseth Howe Associates","e":72.5,"d":15.0},"geometry":{"type":"Point","coordinates":[-118.19362,33.90362]}},{"type":"Feature","properties":{"n":"SD420-C1","id":"000008_00269_33118H2","a":"LA Co. Dept. Pub Works","s":"East Compton Project No. 420","c":"SPT","op":"Maurseth Howe Associates","e":61.0,"d":16.2},"geometry":{"type":"Point","coordinates":[-118.19352,33.88876]}},{"type":"Feature","properties":{"n":"SD420-C2","id":"000008_00270_33118H2","a":"LA Co. Dept. Pub Works","s":"East Compton Project No. 420","c":"SPT","op":"Maurseth Howe Associates","e":63.0,"d":14.1},"geometry":{"type":"Point","coordinates":[-118.19145,33.88874]}},{"type":"Feature","properties":{"n":"SD420-D2","id":"000008_00271_33118H2","a":"LA Co. Dept. Pub Works","s":"East Compton Project No. 420","c":"SPT","op":"Maurseth Howe Associates","e":63.5,"d":14.4},"geometry":{"type":"Point","coordinates":[-118.21238,33.88857]}},{"type":"Feature","properties":{"n":"SD420-D4","id":"000008_00272_33118H2","a":"LA Co. Dept. Pub Works","s":"East Compton Project No. 420","c":"SPT","op":"Maurseth Howe Associates","e":62.0,"d":14.0},"geometry":{"type":"Point","coordinates":[-118.20827,33.88875]}},{"type":"Feature","properties":{"n":"SD421-E1","id":"000008_00288_33118H2","a":"LA Co. Dept. Pub Works","s":"Compton Project No. 421","c":"SPT","op":"Maurseth Howe Associates","e":71.0,"d":19.0},"geometry":{"type":"Point","coordinates":[-118.21555,33.90327]}},{"type":"Feature","properties":{"n":"SD421-E8","id":"000008_00289_33118H2","a":"LA Co. Dept. Pub Works","s":"Compton Project No. 421","c":"SPT","op":"Maurseth Howe Associates","e":73.5,"d":14.0},"geometry":{"type":"Point","coordinates":[-118.22146,33.91198]}},{"type":"Feature","properties":{"n":"SD421-F2","id":"000008_00290_33118H2","a":"LA Co. Dept. Pub Works","s":"Compton Project No. 421","c":"SPT","op":"Maurseth Howe Associates","e":74.0,"d":14.2},"geometry":{"type":"Point","coordinates":[-118.20844,33.90807]}},{"type":"Feature","properties":{"n":"SD421-F3","id":"000008_00291_33118H2","a":"LA Co. Dept. Pub Works","s":"Compton Project No. 421","c":"SPT","op":"Maurseth Howe Associates","e":74.0,"d":16.2},"geometry":{"type":"Point","coordinates":[-118.20782,33.90689]}},{"type":"Feature","properties":{"n":"SD421-G1","id":"000008_00292_33118H2","a":"LA Co. Dept. Pub Works","s":"Compton Project No. 421","c":"SPT","op":"Maurseth Howe Associates","e":73.0,"d":17.2},"geometry":{"type":"Point","coordinates":[-118.20613,33.90354]}},{"type":"Feature","properties":{"n":"SD421-G4","id":"000008_00293_33118H2","a":"LA Co. Dept. Pub Works","s":"Compton Project No. 421","c":"SPT","op":"Maurseth Howe Associates","e":72.5,"d":14.2},"geometry":{"type":"Point","coordinates":[-118.19969,33.90362]}},{"type":"Feature","properties":{"n":"SD428-1A","id":"000008_00305_33118H1","a":"LA Co. Dept. Pub Works","s":"Downey Project No. 428","c":"SPT","op":"Maurseth Howe Associates","e":110.0,"d":18.5},"geometry":{"type":"Point","coordinates":[-118.11013,33.92462]}},{"type":"Feature","properties":{"n":"SD428-2B","id":"000008_00306_33118H1","a":"LA Co. Dept. Pub Works","s":"Downey Project No. 428","c":"SPT","op":"Maurseth Howe Associates","e":89.5,"d":14.8},"geometry":{"type":"Point","coordinates":[-118.12428,33.91222]}},{"type":"Feature","properties":{"n":"SD428-4A","id":"000008_00307_33118H1","a":"LA Co. Dept. Pub Works","s":"Downey Project No. 428","c":"SPT","op":"Maurseth Howe Associates","e":110.0,"d":15.0},"geometry":{"type":"Point","coordinates":[-118.11356,33.92862]}},{"type":"Feature","properties":{"n":"SD428-5A","id":"000008_00308_33118H1","a":"LA Co. Dept. Pub Works","s":"Downey Project No. 428","c":"SPT","op":"Maurseth Howe Associates","e":110.0,"d":14.5},"geometry":{"type":"Point","coordinates":[-118.11566,33.92974]}},{"type":"Feature","properties":{"n":"SD428-5B","id":"000008_00309_33118H1","a":"LA Co. Dept. Pub Works","s":"Downey Project No. 428","c":"SPT","op":"Maurseth Howe Associates","e":95.0,"d":15.0},"geometry":{"type":"Point","coordinates":[-118.12357,33.91693]}},{"type":"Feature","properties":{"n":"SD428-D1","id":"000008_00314_33118H2","a":"LA Co. Dept. Pub Works","s":"Downey Project No. 428","c":"SPT","op":"Maurseth Howe Associates","e":85.0,"d":13.0},"geometry":{"type":"Point","coordinates":[-118.15655,33.91685]}},{"type":"Feature","properties":{"n":"SD428-D4","id":"000008_00315_33118H2","a":"LA Co. Dept. Pub Works","s":"Downey Project No. 428","c":"SPT","op":"Maurseth Howe Associates","e":90.5,"d":9.8},"geometry":{"type":"Point","coordinates":[-118.15373,33.92044]}},{"type":"Feature","properties":{"n":"SD4750-A1","id":"000008_00316_33118H1","a":"LA Co. Dept. Pub Works","s":"La Mirada Project No. 4750","c":"SPT","op":"Hildenbrant and Associates","e":103.5,"d":8.5},"geometry":{"type":"Point","coordinates":[-118.00787,33.88645]}},{"type":"Feature","properties":{"n":"SD4750-A2","id":"000008_00317_33118H1","a":"LA Co. Dept. Pub Works","s":"La Mirada Project No. 4750","c":"STRAT","op":"Hildenbrant and Associates","e":115.5,"d":10.0},"geometry":{"type":"Point","coordinates":[-118.0079,33.88781]}},{"type":"Feature","properties":{"n":"SD4750-B1","id":"000008_00318_33118H1","a":"LA Co. Dept. Pub Works","s":"La Mirada Project No. 4750","c":"SPT","op":"Hildenbrant and Associates","e":176.2,"d":23.0},"geometry":{"type":"Point","coordinates":[-118.00334,33.90996]}},{"type":"Feature","properties":{"n":"SD4750-C1","id":"000008_00319_33118H1","a":"LA Co. Dept. Pub Works","s":"La Mirada Project No. 4750","c":"SPT","op":"Hildenbrant and Associates","e":62.0,"d":13.0},"geometry":{"type":"Point","coordinates":[-118.01544,33.87581]}},{"type":"Feature","properties":{"n":"SD4750-D1","id":"000008_00320_33118H1","a":"LA Co. Dept. Pub Works","s":"La Mirada Project No. 4750","c":"SPT","op":"Hildenbrant and Associates","e":67.0,"d":18.0},"geometry":{"type":"Point","coordinates":[-118.01484,33.8783]}},{"type":"Feature","properties":{"n":"SD4750-D2","id":"000008_00321_33118H1","a":"LA Co. Dept. Pub Works","s":"La Mirada Project No. 4750","c":"SPT","op":"Hildenbrant and Associates","e":62.0,"d":13.0},"geometry":{"type":"Point","coordinates":[-118.0149,33.88041]}},{"type":"Feature","properties":{"n":"SD4750-D3","id":"000008_00322_33118H1","a":"LA Co. Dept. Pub Works","s":"La Mirada Project No. 4750","c":"SPT","op":"Hildenbrant and Associates","e":63.5,"d":10.0},"geometry":{"type":"Point","coordinates":[-118.01475,33.88233]}},{"type":"Feature","properties":{"n":"SD4750-D4","id":"000008_00323_33118H1","a":"LA Co. Dept. Pub Works","s":"La Mirada Project No. 4750","c":"SPT","op":"Hildenbrant and Associates","e":64.0,"d":17.0},"geometry":{"type":"Point","coordinates":[-118.01477,33.88439]}},{"type":"Feature","properties":{"n":"SD531-A1","id":"000008_00324_33118H1","a":"LA Co. Dept. Pub Works","s":"Whittier Project No. 531","c":"SPT","op":"Maurseth Howe Associates","e":110.5,"d":18.5},"geometry":{"type":"Point","coordinates":[-118.03812,33.92062]}},{"type":"Feature","properties":{"n":"SD531-A5","id":"000008_00325_33118H1","a":"LA Co. Dept. Pub Works","s":"Whittier Project No. 531","c":"SPT","op":"Maurseth Howe Associates","e":128.0,"d":16.0},"geometry":{"type":"Point","coordinates":[-118.04349,33.92208]}},{"type":"Feature","properties":{"n":"SD531-A7","id":"000008_00326_33118H1","a":"LA Co. Dept. Pub Works","s":"Whittier Project No. 531","c":"SPT","op":"Maurseth Howe Associates","e":142.0,"d":13.5},"geometry":{"type":"Point","coordinates":[-118.04405,33.92574]}},{"type":"Feature","properties":{"n":"SD531-B1","id":"000008_00327_33118H1","a":"LA Co. Dept. Pub Works","s":"Whittier Project No. 531","c":"SPT","op":"Maurseth Howe Associates","e":110.0,"d":10.0},"geometry":{"type":"Point","coordinates":[-118.03382,33.92157]}},{"type":"Feature","properties":{"n":"SD531-B2","id":"000008_00328_33118H1","a":"LA Co. Dept. Pub Works","s":"Whittier Project No. 531","c":"SPT","op":"Maurseth Howe Associates","e":141.0,"d":13.5},"geometry":{"type":"Point","coordinates":[-118.03185,33.92207]}},{"type":"Feature","properties":{"n":"SD531-B4","id":"000008_00329_33118H1","a":"LA Co. Dept. Pub Works","s":"Whittier Project No. 531","c":"SPT","op":"Maurseth Howe Associates","e":160.0,"d":19.0},"geometry":{"type":"Point","coordinates":[-118.02743,33.92302]}},{"type":"Feature","properties":{"n":"SD531-B9","id":"000008_00330_33118H1","a":"LA Co. Dept. Pub Works","s":"Whittier Project No. 531","c":"STRAT","op":"Maurseth Howe Associates","e":208.0,"d":10.5},"geometry":{"type":"Point","coordinates":[-118.02091,33.92834]}},{"type":"Feature","properties":{"n":"SD5350-E1","id":"000008_00342_33118H2","a":"LA Co. Dept. Pub Works","s":"Lynwood Project No. 5350","c":"SPT","op":"Hildenbrant and Associates","e":80.5,"d":11.0},"geometry":{"type":"Point","coordinates":[-118.20668,33.92094]}},{"type":"Feature","properties":{"n":"SD5350-E2","id":"000008_00343_33118H2","a":"LA Co. Dept. Pub Works","s":"Lynwood Project No. 5350","c":"SPT","op":"Hildenbrant and Associates","e":81.0,"d":9.0},"geometry":{"type":"Point","coordinates":[-118.20802,33.92137]}},{"type":"Feature","properties":{"n":"SD559-302","id":"000008_00346_33118H2","a":"LA Co. Dept. Pub Works","s":"Paramont Project No. 559","c":"SPT","op":"Maurseth Howe Associates","e":61.5,"d":10.4},"geometry":{"type":"Point","coordinates":[-118.16774,33.88368]}},{"type":"Feature","properties":{"n":"SD559-305","id":"000008_00347_33118H2","a":"LA Co. Dept. Pub Works","s":"Paramont Project No. 559","c":"SPT","op":"Maurseth Howe Associates","e":62.0,"d":9.7},"geometry":{"type":"Point","coordinates":[-118.16182,33.88196]}},{"type":"Feature","properties":{"n":"SD559-307","id":"000008_00348_33118H2","a":"LA Co. Dept. Pub Works","s":"Paramont Project No. 559","c":"SPT","op":"Maurseth Howe Associates","e":67.0,"d":8.5},"geometry":{"type":"Point","coordinates":[-118.16186,33.88506]}},{"type":"Feature","properties":{"n":"SD559-308","id":"000008_00349_33118H2","a":"LA Co. Dept. Pub Works","s":"Paramont Project No. 559","c":"SPT","op":"Maurseth Howe Associates","e":76.5,"d":14.1},"geometry":{"type":"Point","coordinates":[-118.16299,33.90369]}},{"type":"Feature","properties":{"n":"SD559-313","id":"000008_00350_33118H2","a":"LA Co. Dept. Pub Works","s":"Paramont Project No. 559","c":"SPT","op":"Maurseth Howe Associates","e":79.0,"d":13.5},"geometry":{"type":"Point","coordinates":[-118.15927,33.90867]}},{"type":"Feature","properties":{"n":"SD559-318","id":"000008_00351_33118H2","a":"LA Co. Dept. Pub Works","s":"Paramont Project No. 559","c":"SPT","op":"Maurseth Howe Associates","e":79.0,"d":9.8},"geometry":{"type":"Point","coordinates":[-118.16425,33.91042]}},{"type":"Feature","properties":{"n":"SD581-1229","id":"000008_00363_33118H2","a":"LA Co. Dept. Pub Works","s":"East South Gate Project No. 581","c":"SPT","op":"Maurseth Howe Associates","e":82.0,"d":12.3},"geometry":{"type":"Point","coordinates":[-118.16459,33.91593]}},{"type":"Feature","properties":{"n":"SD581-1231","id":"000008_00364_33118H2","a":"LA Co. Dept. Pub Works","s":"East South Gate Project No. 581","c":"SPT","op":"Maurseth Howe Associates","e":80.5,"d":15.4},"geometry":{"type":"Point","coordinates":[-118.15875,33.91229]}},{"type":"Feature","properties":{"n":"SD5902-1B","id":"000008_00391_33118H1","a":"LA Co. Dept. Pub Works","s":"Norwalk Project No. 5902","c":"SPT","op":"Maurseth Howe Associates","e":100.7,"d":9.5},"geometry":{"type":"Point","coordinates":[-118.08878,33.9173]}},{"type":"Feature","properties":{"n":"SD5902-2A","id":"000008_00392_33118H1","a":"LA Co. Dept. Pub Works","s":"Norwalk Project No. 5902","c":"SPT","op":"Maurseth Howe Associates","e":105.2,"d":11.5},"geometry":{"type":"Point","coordinates":[-118.08525,33.91936]}},{"type":"Feature","properties":{"n":"SD5902-2D","id":"000008_00393_33118H1","a":"LA Co. Dept. Pub Works","s":"Norwalk Project No. 5902","c":"SPT","op":"Maurseth Howe Associates","e":81.6,"d":15.5},"geometry":{"type":"Point","coordinates":[-118.09462,33.89835]}},{"type":"Feature","properties":{"n":"SD5902-8A","id":"000008_00394_33118H1","a":"LA Co. Dept. Pub Works","s":"Norwalk Project No. 5902","c":"SPT","op":"Maurseth Howe Associates","e":112.7,"d":10.5},"geometry":{"type":"Point","coordinates":[-118.08279,33.92735]}},{"type":"Feature","properties":{"n":"SD5902-C4","id":"000008_00395_33118H1","a":"LA Co. Dept. Pub Works","s":"Norwalk Project No. 5902","c":"SPT","op":"Maurseth Howe Associates","e":85.0,"d":13.5},"geometry":{"type":"Point","coordinates":[-118.09042,33.90157]}},{"type":"Feature","properties":{"n":"SD5902-C5","id":"000008_00396_33118H1","a":"LA Co. Dept. Pub Works","s":"Norwalk Project No. 5902","c":"SPT","op":"Maurseth Howe Associates","e":85.3,"d":14.5},"geometry":{"type":"Point","coordinates":[-118.08936,33.90252]}},{"type":"Feature","properties":{"n":"SD5950-A3","id":"000008_00399_33118H1","a":"LA Co. Dept. Pub Works","s":"Norwalk Project No. 5950","c":"SPT","op":"Hildenbrant and Associates","e":111.0,"d":12.0},"geometry":{"type":"Point","coordinates":[-118.09398,33.92865]}},{"type":"Feature","properties":{"n":"SD5950-B1","id":"000008_00401_33118H1","a":"LA Co. Dept. Pub Works","s":"Norwalk Project No. 5950","c":"SPT","op":"Hildenbrant and Associates","e":73.0,"d":15.0},"geometry":{"type":"Point","coordinates":[-118.06321,33.88849]}},{"type":"Feature","properties":{"n":"SD5950-B4","id":"000008_00402_33118H1","a":"LA Co. Dept. Pub Works","s":"Norwalk Project No. 5950","c":"SPT","op":"Hildenbrant and Associates","e":75.5,"d":13.0},"geometry":{"type":"Point","coordinates":[-118.06312,33.89355]}},{"type":"Feature","properties":{"n":"SD5950-B7","id":"000008_00403_33118H1","a":"LA Co. Dept. Pub Works","s":"Norwalk Project No. 5950","c":"STRAT","op":"Hildenbrant and Associates","e":82.0,"d":13.0},"geometry":{"type":"Point","coordinates":[-118.0631,33.8978]}},{"type":"Feature","properties":{"n":"SD5950-C1","id":"000008_00404_33118H1","a":"LA Co. Dept. Pub Works","s":"Norwalk Project No. 5950","c":"SPT","op":"Hildenbrant and Associates","e":86.5,"d":8.5},"geometry":{"type":"Point","coordinates":[-118.10212,33.9062]}},{"type":"Feature","properties":{"n":"SD5950-C2","id":"000008_00405_33118H1","a":"LA Co. Dept. Pub Works","s":"Norwalk Project No. 5950","c":"STRAT","op":"Hildenbrant and Associates","e":88.0,"d":8.0},"geometry":{"type":"Point","coordinates":[-118.1026,33.90786]}},{"type":"Feature","properties":{"n":"SD606-1A","id":"000008_00409_33118H2","a":"LA Co. Dept. Pub Works","s":"Bellflower Project No. 606","c":"SPT","op":"Maurseth Howe Associates","e":62.0,"d":11.0},"geometry":{"type":"Point","coordinates":[-118.14163,33.88018]}},{"type":"Feature","properties":{"n":"SD606-1B","id":"000008_00410_33118H2","a":"LA Co. Dept. Pub Works","s":"Bellflower Project No. 606","c":"SPT","op":"Maurseth Howe Associates","e":69.5,"d":13.0},"geometry":{"type":"Point","coordinates":[-118.13317,33.88934]}},{"type":"Feature","properties":{"n":"SD606-2A","id":"000008_00411_33118H2","a":"LA Co. Dept. Pub Works","s":"Bellflower Project No. 606","c":"SPT","op":"Maurseth Howe Associates","e":62.0,"d":15.0},"geometry":{"type":"Point","coordinates":[-118.1415,33.88108]}},{"type":"Feature","properties":{"n":"SD606-3B","id":"000008_00412_33118H2","a":"LA Co. Dept. Pub Works","s":"Bellflower Project No. 606","c":"SPT","op":"Maurseth Howe Associates","e":72.7,"d":18.0},"geometry":{"type":"Point","coordinates":[-118.13299,33.89165]}},{"type":"Feature","properties":{"n":"SD606-6B","id":"000008_00413_33118H2","a":"LA Co. Dept. Pub Works","s":"Bellflower Project No. 606","c":"SPT","op":"Maurseth Howe Associates","e":75.5,"d":17.0},"geometry":{"type":"Point","coordinates":[-118.13314,33.89552]}},{"type":"Feature","properties":{"n":"SD6101-1","id":"000008_00414_33118H2","a":"LA Co. Dept. Pub Works","s":"Paramount Project No. 6101","c":"SPT","op":"Maurseth Howe Associates","e":76.8,"d":19.2},"geometry":{"type":"Point","coordinates":[-118.18475,33.89563]}},{"type":"Feature","properties":{"n":"SD6101-10","id":"000008_00415_33118H2","a":"LA Co. Dept. Pub Works","s":"Paramount Project No. 6101","c":"SPT","op":"Maurseth Howe Associates","e":69.8,"d":14.6},"geometry":{"type":"Point","coordinates":[-118.16582,33.89639]}},{"type":"Feature","properties":{"n":"SD6101-5","id":"000008_00416_33118H2","a":"LA Co. Dept. Pub Works","s":"Paramount Project No. 6101","c":"SPT","op":"Maurseth Howe Associates","e":69.2,"d":17.5},"geometry":{"type":"Point","coordinates":[-118.17651,33.89629]}},{"type":"Feature","properties":{"n":"SD6101-8","id":"000008_00417_33118H2","a":"LA Co. Dept. Pub Works","s":"Paramount Project No. 6101","c":"SPT","op":"Maurseth Howe Associates","e":69.3,"d":14.7},"geometry":{"type":"Point","coordinates":[-118.17008,33.89635]}},{"type":"Feature","properties":{"n":"SD615-2","id":"000008_00418_33118H1","a":"LA Co. Dept. Pub Works","s":"Downey Project No. 615","c":"SPT","op":"Maurseth Howe Associates","e":95.0,"d":20.0},"geometry":{"type":"Point","coordinates":[-118.12446,33.91916]}},{"type":"Feature","properties":{"n":"SD615-5","id":"000008_00419_33118H1","a":"LA Co. Dept. Pub Works","s":"Downey Project No. 615","c":"SPT","op":"Maurseth Howe Associates","e":100.4,"d":22.0},"geometry":{"type":"Point","coordinates":[-118.12455,33.92447]}},{"type":"Feature","properties":{"n":"SD615-8","id":"000008_00420_33118H1","a":"LA Co. Dept. Pub Works","s":"Downey Project No. 615","c":"STRAT","op":"Maurseth Howe Associates","e":105.1,"d":15.0},"geometry":{"type":"Point","coordinates":[-118.12495,33.92958]}},{"type":"Feature","properties":{"n":"SD725-2A","id":"000008_00436_33118H2","a":"LA Co. Dept. Pub Works","s":"Paramount Project No. 725","c":"SPT","op":"Maurseth Howe Associates","e":66.5,"d":13.6},"geometry":{"type":"Point","coordinates":[-118.16193,33.88732]}},{"type":"Feature","properties":{"n":"SD725-B2","id":"000008_00437_33118H2","a":"LA Co. Dept. Pub Works","s":"Paramount Project No. 725","c":"SPT","op":"Maurseth Howe Associates","e":74.0,"d":15.0},"geometry":{"type":"Point","coordinates":[-118.16798,33.90548]}},{"type":"Feature","properties":{"n":"SD725-B3","id":"000008_00438_33118H2","a":"LA Co. Dept. Pub Works","s":"Paramount Project No. 725","c":"SPT","op":"Maurseth Howe Associates","e":78.0,"d":18.5},"geometry":{"type":"Point","coordinates":[-118.16798,33.90736]}},{"type":"Feature","properties":{"n":"SD9003-2","id":"000008_00490_33118H2","a":"LA Co. Dept. Pub Works","s":"Paramount Project No. 9003","c":"SPT","op":"L.T. Evans","e":53.9,"d":82.0},"geometry":{"type":"Point","coordinates":[-118.18587,33.88545]}},{"type":"Feature","properties":{"n":"SD9003-3","id":"000008_00491_33118H2","a":"LA Co. Dept. Pub Works","s":"Paramount Project No. 9003","c":"SPT","op":"L.T. Evans","e":57.6,"d":86.0},"geometry":{"type":"Point","coordinates":[-118.18546,33.8854]}},{"type":"Feature","properties":{"n":"SD9005-1B","id":"000008_00492_33118H2","a":"LA Co. Dept. Pub Works","s":"Downey Project No. 9005","c":"SPT","op":"Maurseth Howe Associates","e":80.0,"d":25.0},"geometry":{"type":"Point","coordinates":[-118.15049,33.90689]}},{"type":"Feature","properties":{"n":"SD9005-3B","id":"000008_00494_33118H2","a":"LA Co. Dept. Pub Works","s":"Downey Project No. 9005","c":"SPT","op":"Maurseth Howe Associates","e":79.7,"d":21.0},"geometry":{"type":"Point","coordinates":[-118.15112,33.9104]}},{"type":"Feature","properties":{"n":"SD9005-5B","id":"000008_00496_33118H2","a":"LA Co. Dept. Pub Works","s":"Downey Project No. 9005","c":"SPT","op":"Maurseth Howe Associates","e":83.3,"d":20.0},"geometry":{"type":"Point","coordinates":[-118.15134,33.91414]}},{"type":"Feature","properties":{"n":"531003B2","id":"000016_00001_33118H1","a":"CA Dept of Transportation","s":"3      ,Silver Bow Ave. Pedesrian Overcros","c":"SPT","op":"CA Dept of Transportatrion","e":96.0,"d":72.5},"geometry":{"type":"Point","coordinates":[-118.06669,33.90777]}},{"type":"Feature","properties":{"n":"531015B1","id":"000016_00002_33118H1","a":"CA Dept of Transportation","s":"5      ,Shoemaker Ave. Overcrossing","c":"SPT","op":"CA Dept of Transportatrion","e":80.5,"d":96.5},"geometry":{"type":"Point","coordinates":[-118.05464,33.89807]}},{"type":"Feature","properties":{"n":"531015B2","id":"000016_00003_33118H1","a":"CA Dept of Transportation","s":"5      ,Shoemaker Ave. Overcrossing","c":"SPT","op":"CA Dept of Transportatrion","e":77.3,"d":91.5},"geometry":{"type":"Point","coordinates":[-118.05452,33.8985]}},{"type":"Feature","properties":{"n":"531003B1","id":"000016_00000_33118H1","a":"CA Dept of Transportation","s":"3      ,Silver Bow Ave. Pedesrian Overcros","c":"STRAT","op":"CA Dept of Transportatrion","e":93.8,"d":64.0},"geometry":{"type":"Point","coordinates":[-118.06701,33.9075]}},{"type":"Feature","properties":{"n":"531324B1","id":"000016_00027_33118H1","a":"CA Dept of Transportation","s":"4      ,Gridley Rd. Overcrossing","c":"SPT","op":"CA Dept of Transportatrion"},"geometry":{"type":"Point","coordinates":[-118.09055,33.87629]}},{"type":"Feature","properties":{"n":"531334B1","id":"000016_00028_33118H1","a":"CA Dept of Transportation","s":"4      ,Norwalk Blvd. Undercrossing","c":"SPT","op":"CA Dept of Transportatrion","e":60.8,"d":76.5},"geometry":{"type":"Point","coordinates":[-118.07156,33.87637]}},{"type":"Feature","properties":{"n":"531334B3","id":"000016_00029_33118H1","a":"CA Dept of Transportation","s":"4      ,Norwalk Blvd. Undercrossing","c":"SPT","op":"CA Dept of Transportatrion","e":61.3,"d":71.5},"geometry":{"type":"Point","coordinates":[-118.07208,33.87673]}},{"type":"Feature","properties":{"n":"531363B1","id":"000016_00030_33118H1","a":"CA Dept of Transportation","s":"3      ,North Fork Coyote Creek","c":"SPT","op":"CA Dept of Transportatrion","e":62.3,"d":66.0},"geometry":{"type":"Point","coordinates":[-118.03256,33.88659]}},{"type":"Feature","properties":{"n":"531363B2","id":"000016_00031_33118H1","a":"CA Dept of Transportation","s":"3      ,North Fork Coyote Creek","c":"SPT","op":"CA Dept of Transportatrion","e":63.0,"d":74.0},"geometry":{"type":"Point","coordinates":[-118.03184,33.88576]}},{"type":"Feature","properties":{"n":"531433B1","id":"000016_00034_33118H1","a":"CA Dept of Transportation","s":"3      ,Bloomfield Ave. Overcrossing","c":"SPT","op":"CA Dept of Transportatrion","e":60.1,"d":71.5},"geometry":{"type":"Point","coordinates":[-118.06329,33.87557]}},{"type":"Feature","properties":{"n":"531645B2","id":"000016_00038_33118H1","a":"CA Dept of Transportation","s":"5      ,Alondra Blvd. Undercrossing","c":"SPT","op":"CA Dept of Transportatrion","e":73.7,"d":84.0},"geometry":{"type":"Point","coordinates":[-118.1038,33.88771]}},{"type":"Feature","properties":{"n":"531646B1","id":"000016_00039_33118H1","a":"CA Dept of Transportation","s":"6      ,Fairton St. Undercrossing","c":"SPT","op":"CA Dept of Transportatrion","e":77.5,"d":85.3},"geometry":{"type":"Point","coordinates":[-118.10432,33.89485]}},{"type":"Feature","properties":{"n":"531647B2","id":"000016_00040_33118H1","a":"CA Dept of Transportation","s":"7      ,Excelsior Dr. Undercrossing","c":"SPT","op":"CA Dept of Transportatrion","e":79.8,"d":52.0},"geometry":{"type":"Point","coordinates":[-118.10433,33.89632]}},{"type":"Feature","properties":{"n":"531648B1","id":"000016_00041_33118H1","a":"CA Dept of Transportation","s":"8      ,Rosecrans Ave. Undercrossing","c":"SPT","op":"CA Dept of Transportatrion","e":84.3,"d":80.0},"geometry":{"type":"Point","coordinates":[-118.10397,33.90212]}},{"type":"Feature","properties":{"n":"531649B1","id":"000016_00042_33118H1","a":"CA Dept of Transportation","s":"9      ,Leffingwell Rd. Pedestrian Undercr","c":"SPT","op":"CA Dept of Transportatrion","e":86.1,"d":51.5},"geometry":{"type":"Point","coordinates":[-118.10446,33.90529]}},{"type":"Feature","properties":{"n":"531650B1","id":"000016_00043_33118H1","a":"CA Dept of Transportation","s":"0      ,Foster Rd. Undercrossing","c":"SPT","op":"CA Dept of Transportatrion","e":90.8,"d":67.0},"geometry":{"type":"Point","coordinates":[-118.10434,33.91013]}},{"type":"Feature","properties":{"n":"531651B1","id":"000016_00044_33118H1","a":"CA Dept of Transportation","s":"1      ,Imerial Hwy. Undercrossing","c":"SPT","op":"CA Dept of Transportatrion","e":97.6,"d":65.5},"geometry":{"type":"Point","coordinates":[-118.10395,33.91717]}},{"type":"Feature","properties":{"n":"531652B4","id":"000016_00045_33118H1","a":"CA Dept of Transportation","s":"2      ,Hoxie Overhead","c":"SPT","op":"CA Dept of Transportatrion","e":104.6,"d":65.0},"geometry":{"type":"Point","coordinates":[-118.10384,33.92324]}},{"type":"Feature","properties":{"n":"531653B1","id":"000016_00046_33118H1","a":"CA Dept of Transportation","s":"3      ,route 605/42 Separation","c":"\",SPT","op":"CA Dept of Transportatrion","e":106.9,"d":60.5},"geometry":{"type":"Point","coordinates":[-118.10357,33.92508]}},{"type":"Feature","properties":{"n":"531653B4","id":"000016_00047_33118H1","a":"CA Dept of Transportation","s":"3      ,route 605/42 Separation","c":"\",SPT","op":"CA Dept of Transportatrion","e":107.1,"d":60.5},"geometry":{"type":"Point","coordinates":[-118.10309,33.92451]}},{"type":"Feature","properties":{"n":"531698B4","id":"000016_00066_33118H1","a":"CA Dept of Transportation","s":"8      ,San Gabriel River Bridge","c":"SPT","op":"CA Dept of Transportatrion","e":66.7,"d":86.5},"geometry":{"type":"Point","coordinates":[-118.1079,33.87683]}},{"type":"Feature","properties":{"n":"531704B1","id":"000016_00067_33118H1","a":"CA Dept of Transportation","s":"4      ,Route 91/605 Separation","c":"\",SPT","op":"CA Dept of Transportatrion","e":66.0,"d":70.0},"geometry":{"type":"Point","coordinates":[-118.10222,33.87611]}},{"type":"Feature","properties":{"n":"531704B2","id":"000016_00068_33118H1","a":"CA Dept of Transportation","s":"4      ,Route 91/605 Separation","c":"\",STR","op":"AT ,CA Dept of Transportatrion","e":66.3,"d":65.0},"geometry":{"type":"Point","coordinates":[-118.10226,33.87634]}},{"type":"Feature","properties":{"n":"531704B3","id":"000016_00069_33118H1","a":"CA Dept of Transportation","s":"4      ,Route 91/605 Separation","c":"\",STR","op":"AT ,CA Dept of Transportatrion","e":64.5,"d":80.0},"geometry":{"type":"Point","coordinates":[-118.10158,33.87621]}},{"type":"Feature","properties":{"n":"531718B4","id":"000016_00070_33118H1","a":"CA Dept of Transportation","s":"8      ,Bellflower Blvd. Undercrossing","c":"SPT","op":"CA Dept of Transportatrion","e":66.1,"d":71.0},"geometry":{"type":"Point","coordinates":[-118.12437,33.87642]}},{"type":"Feature","properties":{"n":"531739B2","id":"000016_00071_33118H1","a":"CA Dept of Transportation","s":"9      ,Adoree St. Pedestrian Undercrossin","c":"SPT","op":"CA Dept of Transportatrion","e":93.9,"d":36.5},"geometry":{"type":"Point","coordinates":[-118.10415,33.91383]}},{"type":"Feature","properties":{"n":"531740B1","id":"000016_00072_33118H1","a":"CA Dept of Transportation","s":"0      ,Everest St. Pedestrian Undercrossi","c":"SPT","op":"CA Dept of Transportatrion","e":99.7,"d":31.5},"geometry":{"type":"Point","coordinates":[-118.1038,33.9195]}},{"type":"Feature","properties":{"n":"531740B2","id":"000016_00073_33118H1","a":"CA Dept of Transportation","s":"0      ,Everest St. Pedestrian Undercrossi","c":"STRAT","op":"CA Dept of Transportatrion","e":99.9,"d":50.0},"geometry":{"type":"Point","coordinates":[-118.10439,33.9195]}},{"type":"Feature","properties":{"n":"531757B1","id":"000016_00074_33118H2","a":"CA Dept of Transportation","s":"7      ,Ardmore Ave. Undercrossing","c":"SPT","op":"CA Dept of Transportatrion","e":65.9,"d":70.5},"geometry":{"type":"Point","coordinates":[-118.12837,33.87624]}},{"type":"Feature","properties":{"n":"531759B2","id":"000016_00075_33118H2","a":"CA Dept of Transportation","s":"9      ,Clark Ave. Undercrossing","c":"SPT","op":"CA Dept of Transportatrion","e":63.2,"d":61.5},"geometry":{"type":"Point","coordinates":[-118.13304,33.87722]}},{"type":"Feature","properties":{"n":"531760B6","id":"000016_00076_33118H2","a":"CA Dept of Transportation","s":"0      ,Route 91/19 Separation","c":"\",SPT","op":"CA Dept of Transportatrion","e":61.0,"d":76.5},"geometry":{"type":"Point","coordinates":[-118.14134,33.87686]}},{"type":"Feature","properties":{"n":"531761B1","id":"000016_00077_33118H2","a":"CA Dept of Transportation","s":"1      ,Downey Ave. Undercrossing","c":"SPT","op":"CA Dept of Transportatrion","e":59.2,"d":66.5},"geometry":{"type":"Point","coordinates":[-118.15058,33.87727]}},{"type":"Feature","properties":{"n":"5102Q1","id":"000020_00058_33118G1","a":"LA Co. Dept. Pub Works","s":"2      ,\"SD 5102, Naples","c":"STR","op":"AT ,Advanced Foundation Eng. Inc","e":4.6,"d":13.0},"geometry":{"type":"Point","coordinates":[-118.12458,33.75359]}},{"type":"Feature","properties":{"n":"5102R1","id":"000020_00059_33118G1","a":"LA Co. Dept. Pub Works","s":"2      ,\"SD 5102, Naples","c":"STR","op":"AT ,Advanced Foundation Eng. Inc","e":4.0,"d":8.0},"geometry":{"type":"Point","coordinates":[-118.12435,33.75497]}},{"type":"Feature","properties":{"n":"5102T1","id":"000020_00060_33118G1","a":"LA Co. Dept. Pub Works","s":"2      ,\"SD 5102, Naples","c":"STR","op":"AT ,Advanced Foundation Eng. Inc","e":5.0,"d":7.5},"geometry":{"type":"Point","coordinates":[-118.12271,33.75426]}},{"type":"Feature","properties":{"n":"5102U1","id":"000020_00061_33118G1","a":"LA Co. Dept. Pub Works","s":"2      ,\"SD 5102, Naples","c":"STR","op":"AT ,Advanced Foundation Eng. Inc","e":4.6,"d":7.5},"geometry":{"type":"Point","coordinates":[-118.12228,33.75327]}},{"type":"Feature","properties":{"n":"5102V1","id":"000020_00062_33118G1","a":"LA Co. Dept. Pub Works","s":"2      ,\"SD 5102, Naples","c":"STR","op":"AT ,Advanced Foundation Eng. Inc","e":5.6,"d":12.0},"geometry":{"type":"Point","coordinates":[-118.11879,33.75235]}},{"type":"Feature","properties":{"n":"5102V2","id":"000020_00063_33118G1","a":"LA Co. Dept. Pub Works","s":"2      ,\"SD 5102, Naples","c":"STR","op":"AT ,Advanced Foundation Eng. Inc","e":4.9,"d":9.5},"geometry":{"type":"Point","coordinates":[-118.11809,33.75313]}},{"type":"Feature","properties":{"n":"5102W1","id":"000020_00064_33118G1","a":"LA Co. Dept. Pub Works","s":"2      ,\"SD 5102, Naples","c":"STR","op":"AT ,Advanced Foundation Eng. Inc","e":4.9,"d":11.0},"geometry":{"type":"Point","coordinates":[-118.12181,33.75212]}},{"type":"Feature","properties":{"n":"5104B1","id":"000020_00065_33118G1","a":"LA Co. Dept. Pub Works","s":"4      ,\"SD 5104, Long Beach","c":"STR","op":"AT ,Advanced Foundation Eng. Inc","e":7.5,"d":10.0},"geometry":{"type":"Point","coordinates":[-118.11542,33.76491]}},{"type":"Feature","properties":{"n":"5104B2","id":"000020_00066_33118G1","a":"LA Co. Dept. Pub Works","s":"4      ,\"SD 5104, Long Beach","c":"STR","op":"AT ,Advanced Foundation Eng. Inc","e":9.0,"d":12.0},"geometry":{"type":"Point","coordinates":[-118.1159,33.76627]}},{"type":"Feature","properties":{"n":"5104B3","id":"000020_00067_33118G1","a":"LA Co. Dept. Pub Works","s":"4      ,\"SD 5104, Long Beach","c":"STR","op":"AT ,Advanced Foundation Eng. Inc","e":10.0,"d":10.0},"geometry":{"type":"Point","coordinates":[-118.11608,33.76752]}},{"type":"Feature","properties":{"n":"5104B4","id":"000020_00068_33118G1","a":"LA Co. Dept. Pub Works","s":"4      ,\"SD 5104, Long Beach","c":"STR","op":"AT ,Advanced Foundation Eng. Inc","e":18.2,"d":13.0},"geometry":{"type":"Point","coordinates":[-118.1168,33.76952]}},{"type":"Feature","properties":{"n":"907010061MW2","id":"000020_00069_33118G1","a":"\"Los Angeles Region, RWQCB","s":"07010061 ,Pioneer Hospital","c":"SPT","e":53.0,"d":30.0},"geometry":{"type":"Point","coordinates":[-118.08176,33.86806]}},{"type":"Feature","properties":{"n":"907140016B2","id":"000020_00070_33118G1","a":"\"Los Angeles Region, RWQCB","s":"07140016 ,Shell Station","c":"SPT","op":"Wayne Perry Construction","e":34.0,"d":19.0},"geometry":{"type":"Point","coordinates":[-118.06288,33.83854]}},{"type":"Feature","properties":{"n":"908030089B1","id":"000020_00071_33118G1","a":"\"Los Angeles Region, RWQCB","s":"08030089 ,Marina Shipyard","c":"STR","op":"AT ,\"Santina & Thompson, Inc.","e":10.0,"d":20.0},"geometry":{"type":"Point","coordinates":[-118.11297,33.75642]}},{"type":"Feature","properties":{"n":"908030098HA2","id":"000020_00072_33118G1","a":"\"Los Angeles Region, RWQCB","s":"08030089 ,Service Station No. 9 0016","c":"STR","op":"AT ,\"Holguin,Fahan and Associates","e":12.0,"d":11.0},"geometry":{"type":"Point","coordinates":[-118.11022,33.75833]}},{"type":"Feature","properties":{"n":"532101B2","id":"000016_00081_33118H2","a":"CA Dept of Transportation","s":"1      ,North Long Beach Overhead","c":"SPT","op":"CA Dept of Transportatrion","e":58.2,"d":61.5},"geometry":{"type":"Point","coordinates":[-118.16354,33.87591]}},{"type":"Feature","properties":{"n":"532121B1","id":"000016_00082_33118H2","a":"CA Dept of Transportation","s":"1      ,Myrtle Ave. Undercrossing","c":"SPT","op":"CA Dept of Transportatrion","e":57.8,"d":71.5},"geometry":{"type":"Point","coordinates":[-118.18106,33.877]}},{"type":"Feature","properties":{"n":"532121B4","id":"000016_00083_33118H2","a":"CA Dept of Transportation","s":"1      ,Myrtle Ave. Undercrossing","c":"SPT","op":"CA Dept of Transportatrion","e":58.1,"d":61.5},"geometry":{"type":"Point","coordinates":[-118.18064,33.87659]}},{"type":"Feature","properties":{"n":"532123B4","id":"000016_00084_33118H2","a":"CA Dept of Transportation","s":"3      ,Cherry Ave. Undercrossing","c":"SPT","op":"CA Dept of Transportatrion","e":56.4,"d":81.5},"geometry":{"type":"Point","coordinates":[-118.16733,33.87587]}},{"type":"Feature","properties":{"n":"532124B5","id":"000016_00085_33118H2","a":"CA Dept of Transportation","s":"4      ,Atlantic Ave. Undercrossing","c":"SPT","op":"CA Dept of Transportatrion","e":57.8,"d":66.0},"geometry":{"type":"Point","coordinates":[-118.18493,33.87664]}},{"type":"Feature","properties":{"n":"532127B1","id":"000016_00086_33118H2","a":"CA Dept of Transportation","s":"7      ,Walnut Ave. Undercrossing","c":"SPT","op":"CA Dept of Transportatrion","e":55.5,"d":71.0},"geometry":{"type":"Point","coordinates":[-118.17223,33.87704]}},{"type":"Feature","properties":{"n":"532143B17","id":"000016_00089_33118H2","a":"CA Dept of Transportation","s":"3      ,Los Angeles River North Connector","c":"\",SPT","op":"CA Dept of Transportatrion","e":57.2,"d":90.5},"geometry":{"type":"Point","coordinates":[-118.19109,33.87718]}},{"type":"Feature","properties":{"n":"532143B9","id":"000016_00090_33118H2","a":"CA Dept of Transportation","s":"3      ,Los Angeles River North Connector","c":"\",SPT","op":"CA Dept of Transportatrion","e":45.2,"d":66.2},"geometry":{"type":"Point","coordinates":[-118.18925,33.87721]}},{"type":"Feature","properties":{"n":"532145B2","id":"000016_00091_33118H2","a":"CA Dept of Transportation","s":"5      ,Los Angeles River (Route 7 on Ramp","c":"\",SPT","op":"CA Dept of Transportatrion","e":47.6,"d":70.0},"geometry":{"type":"Point","coordinates":[-118.18761,33.8774]}},{"type":"Feature","properties":{"n":"53214B2","id":"000016_00092_33118H1","a":"CA Dept of Transportation","s":"Carmenita Rd. Overcrossing","c":"SPT","op":"CA Dept of Transportatrion","e":80.3,"d":96.5},"geometry":{"type":"Point","coordinates":[-118.04561,33.89383]}},{"type":"Feature","properties":{"n":"532414B3","id":"000016_00097_33118H2","a":"CA Dept of Transportation","s":"4      ,Southeast Connector Overcrossing","c":"SPT","op":"CA Dept of Transportatrion","e":74.4,"d":76.5},"geometry":{"type":"Point","coordinates":[-118.17783,33.91202]}},{"type":"Feature","properties":{"n":"532414B5","id":"000016_00098_33118H2","a":"CA Dept of Transportation","s":"4      ,Southeast Connector Overcrossing","c":"SPT","op":"CA Dept of Transportatrion","e":90.9,"d":86.5},"geometry":{"type":"Point","coordinates":[-118.17744,33.91227]}},{"type":"Feature","properties":{"n":"532415B18","id":"000016_00099_33118H2","a":"CA Dept of Transportation","s":"5      ,Southwest Connector Overcrossing","c":"SPT","op":"CA Dept of Transportatrion","e":80.2,"d":91.0},"geometry":{"type":"Point","coordinates":[-118.18239,33.91469]}},{"type":"Feature","properties":{"n":"532415B3","id":"000016_00100_33118H2","a":"CA Dept of Transportation","s":"5      ,Southwest Connector Overcrossing","c":"SPT","op":"CA Dept of Transportatrion","e":78.9,"d":71.5},"geometry":{"type":"Point","coordinates":[-118.18323,33.91495]}},{"type":"Feature","properties":{"n":"532420B1","id":"000016_00101_33118H2","a":"CA Dept of Transportation","s":"0      ,Northwest Connector Overcrossing","c":"SPT","op":"CA Dept of Transportatrion","e":78.3,"d":81.5},"geometry":{"type":"Point","coordinates":[-118.17606,33.91084]}},{"type":"Feature","properties":{"n":"532420B7","id":"000016_00102_33118H2","a":"CA Dept of Transportation","s":"0      ,Northwest Connector Overcrossing","c":"SPT","op":"CA Dept of Transportatrion","e":78.2,"d":81.5},"geometry":{"type":"Point","coordinates":[-118.17511,33.91094]}},{"type":"Feature","properties":{"n":"532423B2","id":"000016_00103_33118H2","a":"CA Dept of Transportation","s":"3      ,Garfield Ave. Overcrossing","c":"SPT","op":"CA Dept of Transportatrion","e":77.0,"d":61.5},"geometry":{"type":"Point","coordinates":[-118.16777,33.91163]}},{"type":"Feature","properties":{"n":"532424B5","id":"000016_00104_33118H2","a":"CA Dept of Transportation","s":"4      ,Facade Ave. Overcrossing","c":"SPT","op":"CA Dept of Transportatrion","e":75.7,"d":80.0},"geometry":{"type":"Point","coordinates":[-118.16459,33.91122]}},{"type":"Feature","properties":{"n":"532425B3","id":"000016_00105_33118H2","a":"CA Dept of Transportation","s":"5      ,Paramount Blvd. Overcrossing","c":"SPT","op":"CA Dept of Transportatrion","e":79.5,"d":66.5},"geometry":{"type":"Point","coordinates":[-118.15927,33.91209]}},{"type":"Feature","properties":{"n":"532428B4","id":"000016_00106_33118H2","a":"CA Dept of Transportation","s":"8      ,Merkel Ave. Overcrossing","c":"SPT","op":"CA Dept of Transportatrion","e":81.8,"d":71.5},"geometry":{"type":"Point","coordinates":[-118.1543,33.91203]}},{"type":"Feature","properties":{"n":"532429B2","id":"000016_00107_33118H2","a":"CA Dept of Transportation","s":"9      ,Downey Ave. Overcrossing","c":"SPT","op":"CA Dept of Transportatrion","e":81.6,"d":76.5},"geometry":{"type":"Point","coordinates":[-118.15135,33.91255]}},{"type":"Feature","properties":{"n":"532430B2","id":"000016_00108_33118H2","a":"CA Dept of Transportation","s":"0      ,Gardendale St. Overcrossing","c":"SPT","op":"CA Dept of Transportatrion","e":93.6,"d":71.5},"geometry":{"type":"Point","coordinates":[-118.14665,33.91294]}},{"type":"Feature","properties":{"n":"532452B2","id":"000016_00110_33118H2","a":"CA Dept of Transportation","s":"2      ,Atlantic Ave. Undercrossing","c":"SPT","op":"CA Dept of Transportatrion","e":80.3,"d":80.5},"geometry":{"type":"Point","coordinates":[-118.18911,33.9157]}},{"type":"Feature","properties":{"n":"532453B2","id":"000016_00111_33118H2","a":"CA Dept of Transportation","s":"3      ,Wright Rd. Undercrossing","c":"SPT","op":"CA Dept of Transportatrion","e":81.1,"d":101.0},"geometry":{"type":"Point","coordinates":[-118.18403,33.91453]}},{"type":"Feature","properties":{"n":"532480B1","id":"000016_00115_33118H3","a":"CA Dept of Transportation","s":"0      ,Central Ave. Undercrossing","c":"SPT","op":"CA Dept of Transportatrion","e":94.1,"d":60.5},"geometry":{"type":"Point","coordinates":[-118.25316,33.92827]}},{"type":"Feature","properties":{"n":"532483B4","id":"000016_00116_33118H3","a":"CA Dept of Transportation","s":"3      ,Compton Creek Bridge","c":"SPT","op":"CA Dept of Transportatrion","e":94.9,"d":61.5},"geometry":{"type":"Point","coordinates":[-118.25237,33.92862]}},{"type":"Feature","properties":{"n":"532485B5","id":"000016_00117_33118H2","a":"CA Dept of Transportation","s":"5      ,Compton Ave. Undercrossing","c":"SPT","op":"CA Dept of Transportatrion","e":94.9,"d":61.5},"geometry":{"type":"Point","coordinates":[-118.24509,33.92898]}},{"type":"Feature","properties":{"n":"532487B12","id":"000016_00118_33118H2","a":"CA Dept of Transportation","s":"7      ,Willowbrook Overhead","c":"SPT","op":"CA Dept of Transportatrion","e":90.2,"d":67.0},"geometry":{"type":"Point","coordinates":[-118.23647,33.92788]}},{"type":"Feature","properties":{"n":"532487B8","id":"000016_00119_33118H2","a":"CA Dept of Transportation","s":"7      ,Willowbrook Overhead","c":"SPT","op":"CA Dept of Transportatrion","e":91.4,"d":67.0},"geometry":{"type":"Point","coordinates":[-118.23797,33.92835]}},{"type":"Feature","properties":{"n":"532493B8","id":"000016_00120_33118H2","a":"CA Dept of Transportation","s":"3      ,Long Beach Undercrossing","c":"SPT","op":"CA Dept of Transportatrion","e":84.1,"d":72.0},"geometry":{"type":"Point","coordinates":[-118.20865,33.92477]}},{"type":"Feature","properties":{"n":"532494B1","id":"000016_00121_33118H2","a":"CA Dept of Transportation","s":"4      ,Fir St. Undercrossing","c":"SPT","op":"CA Dept of Transportatrion","e":81.9,"d":75.0},"geometry":{"type":"Point","coordinates":[-118.20409,33.92232]}},{"type":"Feature","properties":{"n":"532495B1","id":"000016_00122_33118H2","a":"CA Dept of Transportation","s":"5      ,Bullis Rd. Undercrossing","c":"SPT","op":"CA Dept of Transportatrion","e":81.8,"d":67.0},"geometry":{"type":"Point","coordinates":[-118.20145,33.92092]}},{"type":"Feature","properties":{"n":"532496B3","id":"000016_00123_33118H2","a":"CA Dept of Transportation","s":"6      ,Gertrude Dr. Undercrossing","c":"SPT","op":"CA Dept of Transportatrion","e":81.0,"d":70.0},"geometry":{"type":"Point","coordinates":[-118.19761,33.91936]}},{"type":"Feature","properties":{"n":"532497B3","id":"000016_00124_33118H2","a":"CA Dept of Transportation","s":"7      ,Harris Ave. Undercrossing","c":"SPT","op":"CA Dept of Transportatrion","e":81.0,"d":70.0},"geometry":{"type":"Point","coordinates":[-118.19325,33.91819]}},{"type":"Feature","properties":{"n":"532564B1","id":"000016_00136_33118H2","a":"CA Dept of Transportation","s":"4      ,Barlin Ave. Overcrossing","c":"SPT","op":"CA Dept of Transportatrion","e":93.9,"d":76.5},"geometry":{"type":"Point","coordinates":[-118.14328,33.91364]}},{"type":"Feature","properties":{"n":"532566B1","id":"000016_00137_33118H2","a":"CA Dept of Transportation","s":"6      ,Lakewood Blvd. Separation","c":"SPT","op":"CA Dept of Transportatrion","e":93.2,"d":60.0},"geometry":{"type":"Point","coordinates":[-118.13964,33.91346]}},{"type":"Feature","properties":{"n":"532566B3","id":"000016_00138_33118H2","a":"CA Dept of Transportation","s":"6      ,Lakewood Blvd. Separation","c":"SPT","op":"CA Dept of Transportatrion","e":93.0,"d":66.5},"geometry":{"type":"Point","coordinates":[-118.13934,33.91307]}},{"type":"Feature","properties":{"n":"532567B4","id":"000016_00139_33118H2","a":"CA Dept of Transportation","s":"7      ,Hanwell Ave. Overcrossing","c":"SPT","op":"CA Dept of Transportatrion","e":91.8,"d":66.5},"geometry":{"type":"Point","coordinates":[-118.13673,33.91317]}},{"type":"Feature","properties":{"n":"532570B6","id":"000016_00140_33118H2","a":"CA Dept of Transportation","s":"0      ,Clark Ave. Overcrossing","c":"SPT","op":"CA Dept of Transportatrion","e":92.1,"d":61.0},"geometry":{"type":"Point","coordinates":[-118.13344,33.91388]}},{"type":"Feature","properties":{"n":"532572B4","id":"000016_00141_33118H2","a":"CA Dept of Transportation","s":"2      ,Ardis Ave. Overcrossing","c":"SPT","op":"CA Dept of Transportatrion","e":90.4,"d":70.0},"geometry":{"type":"Point","coordinates":[-118.12904,33.91321]}},{"type":"Feature","properties":{"n":"532573B4","id":"000016_00142_33118H1","a":"CA Dept of Transportation","s":"3      ,Bellflower Blvd. Overcrossing","c":"SPT","op":"CA Dept of Transportatrion","e":80.1,"d":76.0},"geometry":{"type":"Point","coordinates":[-118.1245,33.91311]}},{"type":"Feature","properties":{"n":"532574B4","id":"000016_00143_33118H1","a":"CA Dept of Transportation","s":"4      ,Dunrobin Ave. Overcrossing","c":"SPT","op":"CA Dept of Transportatrion","e":91.3,"d":71.5},"geometry":{"type":"Point","coordinates":[-118.12014,33.91322]}},{"type":"Feature","properties":{"n":"532575B3","id":"000016_00144_33118H1","a":"CA Dept of Transportation","s":"5      ,Woodruff Ave. Overcrossing","c":"STRAT","op":"CA Dept of Transportatrion","e":92.8,"d":49.0},"geometry":{"type":"Point","coordinates":[-118.11562,33.91342]}},{"type":"Feature","properties":{"n":"532575B6","id":"000016_00145_33118H1","a":"CA Dept of Transportation","s":"5      ,Woodruff Ave. Overcrossing","c":"SPT","op":"CA Dept of Transportatrion","e":92.0,"d":70.0},"geometry":{"type":"Point","coordinates":[-118.11606,33.91369]}},{"type":"Feature","properties":{"n":"532576B1","id":"000016_00146_33118H1","a":"CA Dept of Transportation","s":"6      ,San Gabriel River Bridge","c":"SPT","op":"CA Dept of Transportatrion","e":94.4,"d":66.5},"geometry":{"type":"Point","coordinates":[-118.10979,33.91359]}},{"type":"Feature","properties":{"n":"532576B2","id":"000016_00147_33118H1","a":"CA Dept of Transportation","s":"6      ,San Gabriel River Bridge","c":"SPT","op":"CA Dept of Transportatrion","e":101.2,"d":61.0},"geometry":{"type":"Point","coordinates":[-118.11007,33.91429]}},{"type":"Feature","properties":{"n":"532594B5","id":"000016_00148_33118H1","a":"CA Dept of Transportation","s":"4      ,\"Route 605,105 Separation","c":"5   \",S","op":"PT   ,CA Dept of Transportatrion","e":94.4,"d":56.5},"geometry":{"type":"Point","coordinates":[-118.10351,33.9142]}},{"type":"Feature","properties":{"n":"532662B5","id":"000016_00152_33118H2","a":"CA Dept of Transportation","s":"2      ,State St. Undercrossing","c":"SPT","op":"CA Dept of Transportatrion","e":84.7,"d":70.0},"geometry":{"type":"Point","coordinates":[-118.21669,33.92788]}},{"type":"Feature","properties":{"n":"532700B7","id":"000016_00153_33118H1","a":"CA Dept of Transportation","s":"0      ,SW Connector Overcrossing","c":"SPT","op":"CA Dept of Transportatrion","e":93.9,"d":61.5},"geometry":{"type":"Point","coordinates":[-118.10427,33.91276]}},{"type":"Feature","properties":{"n":"532719B1","id":"000016_00154_33118H1","a":"CA Dept of Transportation","s":"9      ,Flatbush Ave. Undercrossing","c":"SPT","op":"CA Dept of Transportatrion","e":96.3,"d":62.5},"geometry":{"type":"Point","coordinates":[-118.10563,33.91226]}},{"type":"Feature","properties":{"n":"532759B5","id":"000016_00156_33118H1","a":"CA Dept of Transportation","s":"9      ,Hoxie Ave. Pumping Plant","c":"SPT","op":"CA Dept of Transportatrion","e":80.9,"d":61.0},"geometry":{"type":"Point","coordinates":[-118.10323,33.91363]}},{"type":"Feature","properties":{"n":"53279B1","id":"000016_00157_33118H1","a":"CA Dept of Transportation","s":"Coyote Creek Bridge","c":"SPT","op":"CA Dept of Transportatrion","e":66.7,"d":79.0},"geometry":{"type":"Point","coordinates":[-118.01548,33.87749]}},{"type":"Feature","properties":{"n":"53593B5","id":"000016_00158_33118H1","a":"CA Dept of Transportation","s":"Imperial Hwy. Undercrossing","c":"SPT","op":"CA Dept of Transportatrion","e":103.3,"d":70.0},"geometry":{"type":"Point","coordinates":[-118.07916,33.91704]}},{"type":"Feature","properties":{"n":"53594B2","id":"000016_00159_33118H1","a":"CA Dept of Transportation","s":"\"San Antonio Dr. (route 166,170 se","c":"STR","op":"AT ,CA Dept of Transportatrion","e":101.2,"d":39.0},"geometry":{"type":"Point","coordinates":[-118.07235,33.91234]}},{"type":"Feature","properties":{"n":"53630B2","id":"000016_00161_33118H1","a":"CA Dept of Transportation","s":"Aldondra Blvd. Overcrossing","c":"STRAT","op":"CA Dept of Transportatrion","e":66.0,"d":39.0},"geometry":{"type":"Point","coordinates":[-118.03571,33.88772]}},{"type":"Feature","properties":{"n":"53630B3","id":"000016_00162_33118H1","a":"CA Dept of Transportation","s":"Aldondra Blvd. Overcrossing","c":"STRAT","op":"CA Dept of Transportatrion","e":66.1,"d":39.0},"geometry":{"type":"Point","coordinates":[-118.03507,33.88792]}},{"type":"Feature","properties":{"n":"53631B2","id":"000016_00163_33118H1","a":"CA Dept of Transportation","s":"Valley View Ave. Overcrossing","c":"SPT","op":"CA Dept of Transportatrion","e":61.6,"d":101.5},"geometry":{"type":"Point","coordinates":[-118.02832,33.88392]}},{"type":"Feature","properties":{"n":"53634B4","id":"000016_00164_33118H1","a":"CA Dept of Transportation","s":"Rosecrans Ave. Undercrossing","c":"STRAT","op":"CA Dept of Transportatrion","e":82.9,"d":49.5},"geometry":{"type":"Point","coordinates":[-118.0606,33.90217]}},{"type":"Feature","properties":{"n":"53813B1","id":"000016_00172_33118H1","a":"CA Dept of Transportation","s":"Orr & Day Overhead","c":"STRAT","op":"CA Dept of Transportatrion","e":115.6,"d":49.0},"geometry":{"type":"Point","coordinates":[-118.08777,33.92953]}},{"type":"Feature","properties":{"n":"53814B4","id":"000016_00173_33118H1","a":"CA Dept of Transportation","s":"Firestone Blvd. Undercrossing","c":"STRAT","op":"CA Dept of Transportatrion","e":86.7,"d":46.0},"geometry":{"type":"Point","coordinates":[-118.06308,33.90387]}},{"type":"Feature","properties":{"n":"53821B3","id":"000016_00174_33118H2","a":"CA Dept of Transportation","s":"Atlantic Ave. Undercrossing","c":"SPT","op":"CA Dept of Transportatrion","e":68.2,"d":57.0},"geometry":{"type":"Point","coordinates":[-118.1896,33.8842]}},{"type":"Feature","properties":{"n":"53822B2","id":"000016_00175_33118H2","a":"CA Dept of Transportation","s":"Alondra Blvd. Overcrossing","c":"SPT","op":"CA Dept of Transportatrion","e":57.6,"d":70.5},"geometry":{"type":"Point","coordinates":[-118.18816,33.88883]}},{"type":"Feature","properties":{"n":"53823B1","id":"000016_00176_33118H2","a":"CA Dept of Transportation","s":"Compton Blvd. Overcrossing","c":"SPT","op":"CA Dept of Transportatrion","e":68.1,"d":71.5},"geometry":{"type":"Point","coordinates":[-118.18711,33.89643]}},{"type":"Feature","properties":{"n":"53823B6","id":"000016_00177_33118H2","a":"CA Dept of Transportation","s":"Compton Blvd. Overcrossing","c":"SPT","op":"CA Dept of Transportatrion","e":88.4,"d":91.5},"geometry":{"type":"Point","coordinates":[-118.18626,33.89605]}},{"type":"Feature","properties":{"n":"53824B1","id":"000016_00178_33118H2","a":"CA Dept of Transportation","s":"Rosecrans Ave. Overcrossing","c":"SPT","op":"CA Dept of Transportatrion","e":94.3,"d":72.5},"geometry":{"type":"Point","coordinates":[-118.18509,33.90374]}},{"type":"Feature","properties":{"n":"53824B6","id":"000016_00179_33118H2","a":"CA Dept of Transportation","s":"Rosecrans Ave. Overcrossing","c":"STRAT","op":"CA Dept of Transportatrion","e":72.8,"d":40.0},"geometry":{"type":"Point","coordinates":[-118.18406,33.90358]}},{"type":"Feature","properties":{"n":"53827B3","id":"000016_00180_33118H2","a":"CA Dept of Transportation","s":"Imperial Hwy. Overcrossing","c":"SPT","op":"CA Dept of Transportatrion","e":87.9,"d":48.5},"geometry":{"type":"Point","coordinates":[-118.17805,33.93072]}},{"type":"Feature","properties":{"n":"53844B1","id":"000016_00194_33118H1","a":"CA Dept of Transportation","s":"Pioneer Blvd. Undercrossing","c":"STRAT","op":"CA Dept of Transportatrion","e":107.5,"d":40.0},"geometry":{"type":"Point","coordinates":[-118.08116,33.92064]}},{"type":"Feature","properties":{"n":"53844B4","id":"000016_00195_33118H1","a":"CA Dept of Transportation","s":"Pioneer Blvd. Undercrossing","c":"STRAT","op":"CA Dept of Transportatrion","e":106.6,"d":38.0},"geometry":{"type":"Point","coordinates":[-118.0808,33.91924]}},{"type":"Feature","properties":{"n":"33B1","id":"000019_00000_33118G1","s":"gas station logs; Lincoln Ave","c":"SPT","op":"AAKO Geotech. Eng. Consultant","e":65.0,"d":23.0},"geometry":{"type":"Point","coordinates":[-118.01059,33.83216]}},{"type":"Feature","properties":{"n":"33B3","id":"000019_00001_33118G1","s":"Gas station logs ; S. Western Ave","c":"STRAT","op":"Spanda & Bagent Inc.","e":17.0,"d":26.0},"geometry":{"type":"Point","coordinates":[-118.0016,33.82436]}},{"type":"Feature","properties":{"n":"84UT17W1","id":"000019_00002_33118G1","a":"Orange Co Health Dept","s":"t17    ,Cheveron Buena Park No. 2250","c":"SPT","op":"Groundwater Technology","e":49.0,"d":30.0},"geometry":{"type":"Point","coordinates":[-118.02735,33.84656]}},{"type":"Feature","properties":{"n":"85UT127MW18","id":"000019_00003_33118G1","a":"Orange Co Health Dept","s":"T127   ,Southland Store No. 18829","c":"SPT","op":"Alton Geoscience","e":53.0,"d":25.5},"geometry":{"type":"Point","coordinates":[-118.02746,33.83199]}},{"type":"Feature","properties":{"n":"85UT19W3","id":"000019_00004_33118G1","a":"Orange Co Health Dept","s":"T19    ,Texaco Site Los Alamitos","c":"SPT","op":"Mittlehauser Corporation","e":26.0,"d":29.5},"geometry":{"type":"Point","coordinates":[-118.07144,33.80981]}},{"type":"Feature","properties":{"n":"86UT032B3","id":"000019_00005_33118F1","a":"Orange Co Health Dept","s":"T032   ,Pacific Coast Hwy at Sunset Beach/","c":"SPT","op":"\"Aqua Science Engineers, Inc.","e":4.0,"d":7.0},"geometry":{"type":"Point","coordinates":[-118.07605,33.72397]}},{"type":"Feature","properties":{"n":"86UT109LL5","id":"000019_00006_33118G1","a":"Orange Co Health Dept","s":"T109   ,C.J. Lyons Properties/Orangethorpe","c":"SPT","op":"Georesearch","e":55.0,"d":27.0},"geometry":{"type":"Point","coordinates":[-118.02858,33.85828]}},{"type":"Feature","properties":{"n":"86UT189EW2","id":"000019_00007_33118G1","a":"Orange Co Health Dept","s":"T189   ,Lucky Distribution Facility","c":"STRAT","op":"Treadwell & Rollo","e":59.0,"d":30.0},"geometry":{"type":"Point","coordinates":[-118.01708,33.86532]}},{"type":"Feature","properties":{"n":"86UT200E1","id":"000019_00008_33118G1","a":"Orange Co Health Dept","s":"T200   ,Texaco Site/Los Alamitos Blvd/Farq","c":"STRAT","op":"Irwin Environmental","e":22.0,"d":45.0},"geometry":{"type":"Point","coordinates":[-118.07063,33.79894]}},{"type":"Feature","properties":{"n":"86UT206B13","id":"000019_00009_33118F1","a":"Orange Co Health Dept","s":"t206   ,ARCO Service Station No. 6066","c":"SPT","op":"Emcon Associates","e":7.9,"d":21.0},"geometry":{"type":"Point","coordinates":[-118.10498,33.74686]}},{"type":"Feature","properties":{"n":"86UT208MW3","id":"000019_00010_33118G1","a":"Orange Co Health Dept","s":"T208   ,Site Near Orangethorpe Ave and Kno","c":"SPT","op":"Woodward-Clyde Consultants","e":55.0,"d":20.5},"geometry":{"type":"Point","coordinates":[-118.01461,33.85979]}},{"type":"Feature","properties":{"n":"86UT28MW12","id":"000019_00011_33118G1","a":"Orange Co Health Dept","s":"T28    ,Chevron S.S. No. 5568","c":"SPT","op":"Torrance Groundwater Tech. Inc","e":12.0,"d":40.0},"geometry":{"type":"Point","coordinates":[-118.07147,33.78087]}},{"type":"Feature","properties":{"n":"86UT63BH11","id":"000019_00012_33118G1","a":"Orange Co Health Dept","s":"T63    ,Chevron Station No. 9-1637","c":"SPT","op":"\"Bechtel Environmental, Inc.","e":5.0,"d":40.0},"geometry":{"type":"Point","coordinates":[-118.07796,33.75925]}},{"type":"Feature","properties":{"n":"86UT73B5","id":"000019_00013_33118G1","a":"Orange Co Health Dept","s":"T73B5  ,Eagle Tire Store","c":"STRAT","op":"\"Hydro-Search, Inc.","e":55.0,"d":21.0},"geometry":{"type":"Point","coordinates":[-118.02663,33.8589]}},{"type":"Feature","properties":{"n":"87UT114BC5","id":"000019_00014_33118G1","a":"Orange Co Health Dept","s":"t114   ,\"Unocal 76 Kattella, Siboney","c":"SPT","op":"Brown and Caldwell Engineers","e":31.0,"d":35.0},"geometry":{"type":"Point","coordinates":[-118.04306,33.8026]}},{"type":"Feature","properties":{"n":"87UT118CB2","id":"000019_00015_33118G1","a":"Orange Co Health Dept","s":"T118   ,Former Delaney Sash and Door","c":"SPT","op":"Advanced Envrnmntl. Concepts In","e":13.5,"d":12.0},"geometry":{"type":"Point","coordinates":[-118.05895,33.80559]}},{"type":"Feature","properties":{"n":"87UT132MW4","id":"000019_00016_33118G1","a":"Orange Co Health Dept","s":"t132   ,Rockwell International","c":"SPT","op":"Ensotech Inc","e":4.0,"d":41.0},"geometry":{"type":"Point","coordinates":[-118.0884,33.75671]}},{"type":"Feature","properties":{"n":"87UT18GW6","id":"000019_00017_33118G1","a":"Orange Co Health Dept","s":"t18    ,La Palma Intercommunity Hospital","c":"SPT","op":"\"Hydro-Fluent, Inc.","e":45.0,"d":16.0},"geometry":{"type":"Point","coordinates":[-118.03623,33.84865]}},{"type":"Feature","properties":{"n":"87UT196MW4","id":"000019_00018_33118G1","a":"Orange Co Health Dept","s":"t196   ,Mobil SS 11 F1M","c":"STRAT","op":"Alton Geoscience","e":49.0,"d":20.5},"geometry":{"type":"Point","coordinates":[-118.03621,33.85832]}},{"type":"Feature","properties":{"n":"87UT245GW1","id":"000019_00019_33118G1","a":"Orange Co Health Dept","s":"t245   ,Charles E Thomas Co. Pepsi Cola We","c":"SPT","op":"Lindmark Engineering","e":55.0,"d":38.0},"geometry":{"type":"Point","coordinates":[-118.02248,33.8681]}},{"type":"Feature","properties":{"n":"87UT24MW14","id":"000019_00020_33118G1","a":"Orange Co Health Dept","s":"t24    ,Five Point U Serve","c":"SPT","op":"Irwin Environmental","e":55.0,"d":20.0},"geometry":{"type":"Point","coordinates":[-118.02791,33.85848]}},{"type":"Feature","properties":{"n":"87UT250BC2","id":"000019_00021_33118G1","a":"Orange Co Health Dept","s":"t250   ,\"Unocal Westminster, Goldenwest","c":"SPT","op":"Brown and Caldwell Engineers","e":35.0,"d":26.5},"geometry":{"type":"Point","coordinates":[-118.00659,33.75931]}},{"type":"Feature","properties":{"n":"87UT257B9","id":"000019_00022_33118G1","a":"Orange Co Health Dept","s":"t257   ,ARCO Station No. 3038","c":"SPT","op":"Applied Geosystems","e":13.0,"d":45.0},"geometry":{"type":"Point","coordinates":[-118.07138,33.77707]}},{"type":"Feature","properties":{"n":"87UT34RMC4","id":"000019_00023_33118G1","a":"Orange Co Health Dept","s":"t34    ,Barclay and Company","c":"SPT","op":"Remedial Management Corp","e":56.0,"d":31.0},"geometry":{"type":"Point","coordinates":[-118.02263,33.86946]}},{"type":"Feature","properties":{"n":"87UT36BW11","id":"000019_00024_33118G1","a":"Orange Co Health Dept","s":"t36    ,La Palma and Western","c":"SPT","op":"\"Hydrotech Consultants, Inc.","e":70.0,"d":40.0},"geometry":{"type":"Point","coordinates":[-118.00183,33.84678]}},{"type":"Feature","properties":{"n":"87UT6MW1","id":"000019_00025_33118G1","a":"Orange Co Health Dept","s":"T6     ,GTC Alamitos Co.","c":"SPT","op":"IT Corporation","e":10.0,"d":39.0},"geometry":{"type":"Point","coordinates":[-118.08487,33.77378]}},{"type":"Feature","properties":{"n":"88UT103W1","id":"000019_00026_33118G1","a":"Orange Co Health Dept","s":"T103   ,Chevron Station No. 3484","c":"SPT","op":"Groundwater Technology","e":44.0,"d":30.0},"geometry":{"type":"Point","coordinates":[-118.02685,33.81675]}},{"type":"Feature","properties":{"n":"88UT113W8","id":"000019_00027_33118G1","a":"Orange Co Health Dept","s":"T113   ,Texaco Refining Inc/ Goldenwest an","c":"SPT","op":"Irwin Environmental","e":36.0,"d":30.0},"geometry":{"type":"Point","coordinates":[-118.00603,33.76301]}},{"type":"Feature","properties":{"n":"88UT133W2","id":"000019_00028_33118G1","a":"Orange Co Health Dept","s":"t133   ,Chevron SS 3995","c":"SPT","op":"Groundwater Technology","e":46.0,"d":31.5},"geometry":{"type":"Point","coordinates":[-118.00612,33.77199]}},{"type":"Feature","properties":{"n":"88UT145LAK16","id":"000019_00029_33118G1","a":"Orange Co Health Dept","s":"t145   ,Shell Oil Company","c":"SPT","op":"Environ. Sciences & Engineering","e":22.0,"d":36.0},"geometry":{"type":"Point","coordinates":[-118.07093,33.80321]}},{"type":"Feature","properties":{"n":"88UT153W1","id":"000019_00030_33118G1","a":"Orange Co Health Dept","s":"t153   ,Los Alamitos Race Track","c":"STRAT","op":"Groundwater Technology","e":27.0,"d":30.0},"geometry":{"type":"Point","coordinates":[-118.04734,33.80712]}},{"type":"Feature","properties":{"n":"88UT166BW4","id":"000019_00031_33118G1","a":"Orange Co Health Dept","s":"T166   ,Thrifty Oil Co. SS No.  368","c":"SPT","op":"Thrifty Oil Co","e":30.0,"d":30.0},"geometry":{"type":"Point","coordinates":[-118.0181,33.75921]}},{"type":"Feature","properties":{"n":"88UT205SWW2","id":"000019_00032_33118G1","a":"Orange Co Health Dept","s":"T205   ,Site with no name.","c":"SPT","op":"M.B. Gilbert Associates","e":50.0,"d":26.0},"geometry":{"type":"Point","coordinates":[-118.03311,33.85989]}},{"type":"Feature","properties":{"n":"88UT51B2","id":"000019_00033_33118G1","a":"Orange Co Health Dept","s":"t51    ,City of Westminster","c":"SPT","op":"Emcon Associates","e":33.0,"d":20.0},"geometry":{"type":"Point","coordinates":[-118.00003,33.75336]}},{"type":"Feature","properties":{"n":"88UT60MW5","id":"000019_00034_33118F1","a":"Orange Co Health Dept","s":"T60    ,McGaugh School/Seal Beach Blvd&Bol","c":"STRAT","op":"Diagnostic Engineering Inc.","e":7.0,"d":25.0},"geometry":{"type":"Point","coordinates":[-118.09249,33.74482]}},{"type":"Feature","properties":{"n":"88UT62RW26","id":"000019_00035_33118G1","a":"Orange Co Health Dept","s":"T62    ,Mobil Station 11-FXW/La Palma Ave&","c":"SPT","op":"Alton Geoscience","e":48.0,"d":26.0},"geometry":{"type":"Point","coordinates":[-118.02787,33.84615]}},{"type":"Feature","properties":{"n":"88UT98B3","id":"000019_00036_33118F1","a":"Orange Co Health Dept","s":"Chevron Station No. 3530","c":"SPT","e":12.0,"d":12.5},"geometry":{"type":"Point","coordinates":[-118.10157,33.74406]}},{"type":"Feature","properties":{"n":"89UT101MW5","id":"000019_00037_33118G1","a":"Orange Co Health Dept","s":"t101   ,Property at 10650 Los Alamitos Blv","c":"SPT","op":"\"Meredith/Boli & Associates, In","e":23.2,"d":3.0},"geometry":{"type":"Point","coordinates":[-118.0705,33.80881]}},{"type":"Feature","properties":{"n":"89UT130B1","id":"000019_00038_33118G1","a":"Orange Co Health Dept","s":"t130   ,\"City of Stanton, Bell Street Tank","c":"SPT","op":"Earth Technology Corporation","e":52.0,"d":11.5},"geometry":{"type":"Point","coordinates":[-118.00828,33.80923]}},{"type":"Feature","properties":{"n":"89UT142MW4","id":"000019_00039_33118G1","a":"Orange Co Health Dept","s":"t142   ,Mobil Oil Ciro. SSNo.  11GQT","c":"SPT","op":"IT Corporation","e":17.0,"d":40.0},"geometry":{"type":"Point","coordinates":[-118.07085,33.78471]}},{"type":"Feature","properties":{"n":"89UT166B11","id":"000019_00040_33118G1","a":"Orange Co Health Dept","s":"t166   ,Former Exxon Station 7 1433","c":"SPT","op":"\"Environmental Resolutions, Inc","e":21.0,"d":33.0},"geometry":{"type":"Point","coordinates":[-118.07136,33.80024]}},{"type":"Feature","properties":{"n":"89UT188B2","id":"000019_00041_33118G1","a":"Orange Co Health Dept","s":"T188   ,Tank Removal Site/Sav On Van Conve","c":"STRAT","op":"Applied Hydrogeologic Cnsltnts.","e":49.0},"geometry":{"type":"Point","coordinates":[-118.03724,33.86085]}},{"type":"Feature","properties":{"n":"89UT18MW5","id":"000019_00042_33118G1","a":"Orange Co Health Dept","s":"T18    ,City of Seal Beach's City Yard","c":"SPT","op":"ECE","e":55.0,"d":40.0},"geometry":{"type":"Point","coordinates":[-118.08772,33.75296]}},{"type":"Feature","properties":{"n":"89UT218MW5","id":"000019_00043_33118G1","a":"Orange Co Health Dept","s":"t218   ,Allen Tire Company","c":"SPT","op":"Irwin Environmental","e":46.0,"d":26.0},"geometry":{"type":"Point","coordinates":[-118.00672,33.77353]}},{"type":"Feature","properties":{"n":"89UT221MW2","id":"000019_00044_33118G1","a":"Orange Co Health Dept","s":"t221   ,Mobil Oil SSNo.  11G6Y","c":"SPT","op":"Alton Geoscience","e":47.0,"d":30.0},"geometry":{"type":"Point","coordinates":[-118.04148,33.75967]}},{"type":"Feature","properties":{"n":"89UT28MW8","id":"000019_00045_33118G1","a":"Orange Co Health Dept","s":"T28    ,Leisure World","c":"SPT","op":"Alta Enviro-Management","e":3.0,"d":26.0},"geometry":{"type":"Point","coordinates":[-118.0909,33.7601]}},{"type":"Feature","properties":{"n":"89UT54MW5","id":"000019_00046_33118F1","a":"Orange Co Health Dept","s":"T54    ,Shell Station","c":"SPT","op":"Wayne Perry Construction","e":12.0,"d":26.0},"geometry":{"type":"Point","coordinates":[-118.1022,33.74417]}},{"type":"Feature","properties":{"n":"89UT70GW1","id":"000019_00047_33118G1","a":"Orange Co Health Dept","s":"T70    ,Ki Pong Chong","c":"SPT","op":"Lindmark Engineering","e":60.0,"d":30.0},"geometry":{"type":"Point","coordinates":[-118.0016,33.80986]}},{"type":"Feature","properties":{"n":"900338MW9","id":"000019_00048_33118F1","s":"03 38  ,Golden West College Maintenance Ya","c":"SPT","op":"Alta Enviro-Management","e":24.2,"d":21.0},"geometry":{"type":"Point","coordinates":[-118.00481,33.73718]}},{"type":"Feature","properties":{"n":"900722VW1","id":"000019_00049_33118F1","s":"07 22  ,Former Conoco Gas Station","c":"SPT","op":"Du Pont Environmental Services","e":35.0,"d":33.0},"geometry":{"type":"Point","coordinates":[-118.04039,33.71521]}},{"type":"Feature","properties":{"n":"900803MW1","id":"000019_00050_33118G1","s":"08 03  ,Silicon General Site Assessment","c":"SPT","op":"Woodward-Clyde Consultants","e":49.0,"d":38.0},"geometry":{"type":"Point","coordinates":[-118.00565,33.79404]}},{"type":"Feature","properties":{"n":"900909GW1","id":"000019_00051_33118G1","s":"09 09  ,Sunbelt Savings F. S. B.    Garden","c":"SPT","op":"\"Deuel & Associates, Inc.","e":47.0,"d":16.5},"geometry":{"type":"Point","coordinates":[-118.00779,33.78328]}},{"type":"Feature","properties":{"n":"900946BC7","id":"000019_00052_33118F1","s":"09 46  ,ARCO Station No. 3053","c":"SPT","e":4.7,"d":25.5},"geometry":{"type":"Point","coordinates":[-118.02347,33.71588]}},{"type":"Feature","properties":{"n":"901218GWMW4","id":"000019_00053_33118G1","s":"12 18  ,Mission Land","c":"SPT","op":"Geo-Sec","e":46.0,"d":34.0},"geometry":{"type":"Point","coordinates":[-118.008,33.78649]}},{"type":"Feature","properties":{"n":"907130025B8MW5","id":"000019_00055_33118G1","a":"\"Los Angeles Region, RWQCB","s":"07130025 ,Arco Station No. 1719","c":"SPT","op":"Applied Geosystems","e":55.0,"d":40.5},"geometry":{"type":"Point","coordinates":[-118.12386,33.86056]}},{"type":"Feature","properties":{"n":"908030025BH5","id":"000019_00056_33118G2","a":"\"Los Angeles Region, RWQCB","s":"08030025 ,Texaco Station at E. 2nd St. & V","c":"STR","op":"AT ,","e":15.0,"d":15.0},"geometry":{"type":"Point","coordinates":[-118.12597,33.75778]}},{"type":"Feature","properties":{"n":"908030070BH4","id":"000019_00057_33118G2","a":"\"Los Angeles Region, RWQCB","s":"08030070 ,Mobil Oil Site Investigation","c":"STR","op":"AT ,Converse Cnslts.(&predecessor","e":9.0,"d":25.0},"geometry":{"type":"Point","coordinates":[-118.13717,33.76191]}},{"type":"Feature","properties":{"n":"908030116MW1","id":"000019_00058_33118G1","a":"\"Los Angeles Region, RWQCB","s":"08030116 ,Alamitos Bay Maintenance Yard","c":"SPT","op":"Maness Environ. Services Inc","e":2.0,"d":26.0},"geometry":{"type":"Point","coordinates":[-118.11477,33.75701]}},{"type":"Feature","properties":{"n":"908040070MW2","id":"000019_00059_33118G2","a":"\"Los Angeles Region, RWQCB","s":"08040070 ,Mobil Station 11-M1A (7th St. &","c":"SPT","op":"\"Kleinfelder, Inc.","e":17.0,"d":21.5},"geometry":{"type":"Point","coordinates":[-118.13644,33.77502]}},{"type":"Feature","properties":{"n":"908040116W03","id":"000019_00060_33118G1","a":"\"Los Angeles Region, RWQCB","s":"08040116 ,Former Mobil Service Station II-","c":"SPT","op":"McLaren Hart","e":70.0,"d":86.0},"geometry":{"type":"Point","coordinates":[-118.12003,33.77557]}},{"type":"Feature","properties":{"n":"9080501435B2","id":"000019_00061_33118G2","a":"\"Los Angeles Region, RWQCB","s":"080501435,GTE California Incorporated","c":"SPT","op":"\"Hydrologue, Inc.","e":43.0,"d":29.5},"geometry":{"type":"Point","coordinates":[-118.18328,33.85393]}},{"type":"Feature","properties":{"n":"908050152MW3","id":"000019_00062_33118G2","a":"\"Los Angeles Region, RWQCB","s":"08050152 ,California First Bank Property","c":"SPT","op":"\"Environmental Solutions, Inc","e":51.6,"d":60.0},"geometry":{"type":"Point","coordinates":[-118.16521,33.85646]}},{"type":"Feature","properties":{"n":"908050198MW1","id":"000019_00063_33118G2","a":"\"Los Angeles Region, RWQCB","s":"08050198 ,Union Oil Station No. 1112","c":"SPT","op":"Earth Technology Corporation","e":49.0,"d":33.0},"geometry":{"type":"Point","coordinates":[-118.18387,33.85987]}},{"type":"Feature","properties":{"n":"908050252B7","id":"000019_00064_33118G2","a":"\"Los Angeles Region, RWQCB","s":"08050252 ,Shell Oil Co. (Atlantic & South)","c":"SPT","op":"Hunter Environmental Srvcs. I","e":49.0,"d":45.0},"geometry":{"type":"Point","coordinates":[-118.18366,33.8602]}},{"type":"Feature","properties":{"n":"908050425A2","id":"000019_00065_33118G2","a":"\"Los Angeles Region, RWQCB","s":"08050425 ,Mobil Oil Long Beach","c":"STR","op":"AT ,American Environmental Mgt Co","e":41.0,"d":65.0},"geometry":{"type":"Point","coordinates":[-118.19355,33.84648]}},{"type":"Feature","properties":{"n":"908050489B1","id":"000019_00066_33118G2","a":"\"Los Angeles Region, RWQCB","s":"08050489 ,Dooleys Furniture Mart","c":"STR","op":"AT ,\"Aqua Science Engineers, Inc.","e":41.0,"d":40.0},"geometry":{"type":"Point","coordinates":[-118.19406,33.84737]}},{"type":"Feature","properties":{"n":"908050502B1","id":"000019_00067_33118G2","a":"\"Los Angeles Region, RWQCB","s":"08050502 ,..","c":"SPT","op":"Maness Environ. Services Inc","e":48.0,"d":31.0},"geometry":{"type":"Point","coordinates":[-118.16715,33.85869]}},{"type":"Feature","properties":{"n":"9.08E+10","id":"000019_00068_33118G1","a":"\"Los Angeles Region, RWQCB","s":"08080089 ,Weingart Foundation","c":"SPT","op":"Woodward-Clyde Consultants","e":23.0,"d":51.0},"geometry":{"type":"Point","coordinates":[-118.11558,33.81125]}},{"type":"Feature","properties":{"n":"9.0815E+11","id":"000019_00069_33118G2","a":"\"Los Angeles Region, RWQCB","s":"08150116 ,Sako's Union Service Station","c":"SPT","op":"Gregg","e":18.0,"d":35.0},"geometry":{"type":"Point","coordinates":[-118.13371,33.79482]}},{"type":"Feature","properties":{"n":"908150189B3","id":"000019_00070_33118G1","a":"\"Los Angeles Region, RWQCB","s":"08150189 ,Atlantic Richfield Company (ARCO","c":"SPT","op":"Emcon Associates","e":13.2,"d":2.0},"geometry":{"type":"Point","coordinates":[-118.12357,33.78821]}},{"type":"Feature","properties":{"n":"90UT105B2","id":"000019_00071_33118G1","a":"Orange Co Health Dept","s":"t105   ,Unocal Station No. 4970","c":"SPT","op":"\"TAIT & Associates, Inc.","e":9.2,"d":46.0},"geometry":{"type":"Point","coordinates":[-118.07699,33.7597]}},{"type":"Feature","properties":{"n":"90UT117B1","id":"000019_00072_33118G1","a":"Orange Co Health Dept","s":"t117   ,Safety Kleen Croporation","c":"STRAT","op":"Thorne Environmental","e":24.0,"d":25.0},"geometry":{"type":"Point","coordinates":[-118.06319,33.8042]}},{"type":"Feature","properties":{"n":"90UT150B1","id":"000019_00073_33118F1","a":"Orange Co Health Dept","s":"t150   ,Bay City Villas","c":"SPT","op":"Gres Engineering Associates Inc","e":6.0,"d":20.0},"geometry":{"type":"Point","coordinates":[-118.0961,33.74134]}},{"type":"Feature","properties":{"n":"90UT211MW1","id":"000019_00074_33118G1","a":"Orange Co Health Dept","s":"t211   ,Mobil Station 11 FYE","c":"SPT","op":"Alton Geoscience","e":65.0,"d":31.0},"geometry":{"type":"Point","coordinates":[-118.00975,33.83906]}},{"type":"Feature","properties":{"n":"90UT212MW17","id":"000019_00075_33118G1","a":"Orange Co Health Dept","s":"t212   ,Near Coyote Creek and 91","c":"SPT","op":"Woodward-Clyde Consultants","e":46.0,"d":21.0},"geometry":{"type":"Point","coordinates":[-118.03802,33.85939]}},{"type":"Feature","properties":{"n":"90UT222MW1","id":"000019_00076_33118G1","a":"Orange Co Health Dept","s":"t222   ,Fujita Properties","c":"STRAT","op":"Geo-Sec","e":31.0,"d":11.0},"geometry":{"type":"Point","coordinates":[-118.00154,33.75339]}},{"type":"Feature","properties":{"n":"90UT234RMC5","id":"000019_00077_33118G1","a":"Orange Co Health Dept","s":"t234   ,Mobil SSNo.  11 GQL","c":"SPT","op":"Remedial Management Corp","e":14.0,"d":35.0},"geometry":{"type":"Point","coordinates":[-118.06202,33.77619]}},{"type":"Feature","properties":{"n":"90UT257MW11","id":"000019_00078_33118G1","a":"Orange Co Health Dept","s":"t257   ,Unocal Station No. 5398","c":"SPT","op":"Delta Environmental Cnsltnts.In","e":41.0,"d":20.5},"geometry":{"type":"Point","coordinates":[-118.04486,33.85829]}},{"type":"Feature","properties":{"n":"90UT271MW14","id":"000019_00079_33118G1","a":"Orange Co Health Dept","s":"t271   ,ARCO station No. 1583","c":"SPT","op":"Brown and Caldwell Engineers","e":63.3,"d":21.5},"geometry":{"type":"Point","coordinates":[-118.01005,33.84683]}},{"type":"Feature","properties":{"n":"90UT272W2","id":"000019_00080_33118G1","a":"Orange Co Health Dept","s":"t272   ,Westminster Center","c":"SPT","op":"GPI Geotech. Professionals Inc","e":35.0,"d":17.0},"geometry":{"type":"Point","coordinates":[-118.00731,33.76056]}},{"type":"Feature","properties":{"n":"90UT40E1","id":"000019_00081_33118G1","a":"Orange Co Health Dept","s":"t40    ,Alan Kane Chevrolet","c":"SPT","op":"Emcon Associates","e":35.0,"d":20.0},"geometry":{"type":"Point","coordinates":[-118.01255,33.7609]}},{"type":"Feature","properties":{"n":"90UT66B5","id":"000019_00082_33118G1","a":"Orange Co Health Dept","s":"t66    ,Security Pacific Bank","c":"STRAT","op":"\"Geological Audit Services, Inc","e":53.0,"d":25.0},"geometry":{"type":"Point","coordinates":[-118.02579,33.87092]}},{"type":"Feature","properties":{"n":"90UT673","id":"000019_00083_33118G1","a":"Orange Co Health Dept","s":"t67    ,Barr Lumber Company","c":"SPT","op":"\"NU TECH Enterprises, Inc.","e":26.0,"d":19.5},"geometry":{"type":"Point","coordinates":[-118.07068,33.81]}},{"type":"Feature","properties":{"n":"910323MW1","id":"000019_00084_33118G1","s":"03 23  ,Garden Grove","c":"SPT","op":"\"Applied Geosciences, Inc.","e":49.3,"d":32.0},"geometry":{"type":"Point","coordinates":[-118.00259,33.77405]}},{"type":"Feature","properties":{"n":"910529B4","id":"000019_00088_33118G1","s":"05 29  ,Mongomery Wards Distribution Cente","c":"SPT","op":"Unknown","e":48.0,"d":31.5},"geometry":{"type":"Point","coordinates":[-118.0047,33.78805]}},{"type":"Feature","properties":{"n":"911237MW1","id":"000019_00089_33118G1","s":"12 37  ,Unocal Service Station 5398","c":"STRAT","op":"Alton Geoscience","e":41.0,"d":34.0},"geometry":{"type":"Point","coordinates":[-118.0451,33.85843]}},{"type":"Feature","properties":{"n":"911257MW1","id":"000019_00090_33118F1","s":"12 57  ,Heil Fire Station","c":"SPT","op":"Advanced Envrnmntl. Concepts In","e":11.0,"d":21.0},"geometry":{"type":"Point","coordinates":[-118.02458,33.72295]}},{"type":"Feature","properties":{"n":"911258B1","id":"000019_00091_33118F1","s":"12 58  ,Murdy Fire Station","c":"SPT","op":"Advanced Envrnmntl. Concepts In","e":17.0,"d":15.0},"geometry":{"type":"Point","coordinates":[-118.00101,33.72723]}},{"type":"Feature","properties":{"n":"91UT147MW2","id":"000019_00092_33118G1","a":"Orange Co Health Dept","s":"t147   ,Former Unocal Station 5825","c":"SPT","op":"Alton Geoscience","e":32.0,"d":31.0},"geometry":{"type":"Point","coordinates":[-118.0249,33.77055]}},{"type":"Feature","properties":{"n":"91UT22MW3","id":"000019_00093_33118G1","a":"Orange Co Health Dept","s":"t22    ,Unocal Station 5635","c":"SPT","op":"Alton Geoscience","e":57.0,"d":40.0},"geometry":{"type":"Point","coordinates":[-118.00079,33.80301]}},{"type":"Feature","properties":{"n":"91UT49B8","id":"000019_00094_33118G1","a":"Orange Co Health Dept","s":"t49    ,Rossmoor Car Wash","c":"SPT","e":22.0,"d":16.0},"geometry":{"type":"Point","coordinates":[-118.07137,33.8029]}},{"type":"Feature","properties":{"n":"91UT72MW2","id":"000019_00095_33118G1","a":"Orange Co Health Dept","s":"t72    ,\"ARCO Service Station, Orangethorp","c":"SPT","op":"Brown and Caldwell Engineers","e":49.0,"d":35.0},"geometry":{"type":"Point","coordinates":[-118.0369,33.8584]}},{"type":"Feature","properties":{"n":"920145MW1","id":"000019_00096_33118G1","s":"01 45  ,ROE","c":"SPT","op":"Groundwater Technology","e":42.0,"d":20.0},"geometry":{"type":"Point","coordinates":[-118.0382,33.83195]}},{"type":"Feature","properties":{"n":"920201MW1","id":"000019_00097_33118G1","s":"02 01  ,City of Cypress Maintenance Yard","c":"STRAT","op":"Law Crandall Inc/LeRoy Crandall","e":37.0,"d":25.0},"geometry":{"type":"Point","coordinates":[-118.0408,33.83351]}},{"type":"Feature","properties":{"n":"920236MW5A","id":"000019_00098_33118G1","s":"02 36  ,Cypress Egg Farm","c":"SPT","op":"Groundwater Technology","e":39.0,"d":25.0},"geometry":{"type":"Point","coordinates":[-118.04582,33.83576]}},{"type":"Feature","properties":{"n":"920426MW1","id":"000019_00099_33118G1","s":"04 26  ,Los Alamitos Corporate Center","c":"STRAT","e":28.0,"d":25.0},"geometry":{"type":"Point","coordinates":[-118.05386,33.81006]}},{"type":"Feature","properties":{"n":"921222MW23","id":"000019_00100_33118F1","s":"12 22  ,Mobil Station 11 G6R","c":"SPT","op":"Alton Geoscience","e":12.0,"d":54.0},"geometry":{"type":"Point","coordinates":[-118.02302,33.72982]}},{"type":"Feature","properties":{"n":"92UT117MW1","id":"000019_00101_33118G1","a":"Orange Co Health Dept","s":"t117   ,Consolidated Freightways","c":"SPT","op":"Advanced Envrnmntl. Concepts In","e":23.0,"d":25.5},"geometry":{"type":"Point","coordinates":[-118.06819,33.80793]}},{"type":"Feature","properties":{"n":"92UT123RMC4","id":"000019_00102_33118G1","a":"Orange Co Health Dept","s":"t123   ,\"Unocal Service Station 4727, Cerr","c":"SPT","op":"Remedial Management Corp","e":26.0,"d":25.0},"geometry":{"type":"Point","coordinates":[-118.07076,33.81057]}},{"type":"Feature","properties":{"n":"92UT138B4","id":"000019_00103_33118G1","a":"Orange Co Health Dept","s":"t138   ,Unocal Station No. 5094","c":"STRAT","op":"Delta Environmental Cnsltnts.In","e":64.0,"d":40.0},"geometry":{"type":"Point","coordinates":[-118.0107,33.8467]}},{"type":"Feature","properties":{"n":"92UT67MW4","id":"000019_00104_33118G1","a":"Orange Co Health Dept","s":"t67    ,Exxon Service Staiton 7 2283","c":"SPT","op":"Alton Geoscience","e":28.0,"d":31.0},"geometry":{"type":"Point","coordinates":[-118.02334,33.7591]}},{"type":"Feature","properties":{"n":"930322B1","id":"000019_00105_33118G1","s":"03 22  ,Unocal Station No. 5330","c":"STRAT","op":"Delta Environmental Cnsltnts.In","e":32.0,"d":20.0},"geometry":{"type":"Point","coordinates":[-118.04431,33.81717]}},{"type":"Feature","properties":{"n":"930339RA25R2","id":"000019_00106_33118G1","s":"03 39  ,Sorrento Planned Community","c":"SPT","op":"Dames and Moore","e":32.0,"d":21.5},"geometry":{"type":"Point","coordinates":[-118.04694,33.8176]}},{"type":"Feature","properties":{"n":"93UT11MW2","id":"000019_00107_33118G1","a":"Orange Co Health Dept","s":"t11    ,Gravenmier","c":"SPT","e":32.0,"d":20.0},"geometry":{"type":"Point","coordinates":[-118.00282,33.75134]}},{"type":"Feature","properties":{"n":"93UT2B1","id":"000019_00108_33118G1","a":"Orange Co Health Dept","s":"t2     ,\"Modern Alloys, Inc.","c":"SPT","op":"Hekimian and Associates","e":56.0,"d":25.0},"geometry":{"type":"Point","coordinates":[-118.0002,33.79989]}},{"type":"Feature","properties":{"n":"93UT4B10A","id":"000019_00109_33118G1","a":"Orange Co Health Dept","s":"t4     ,Unocal Station No. 6449","c":"STRAT","op":"Delta Environmental Cnsltnts.In","e":19.0,"d":32.0},"geometry":{"type":"Point","coordinates":[-118.0413,33.7592]}},{"type":"Feature","properties":{"n":"93UT52B5","id":"000019_00110_33118G1","a":"Orange Co Health Dept","s":"t52    ,Shell Service Station","c":"SPT","e":28.0,"d":13.5},"geometry":{"type":"Point","coordinates":[-118.02415,33.75918]}},{"type":"Feature","properties":{"n":"93UT55B1","id":"000019_00111_33118G1","a":"Orange Co Health Dept","s":"t55    ,Texaco Service Station","c":"SPT","op":"\"TAIT & Associates, Inc.","e":20.7,"d":2.0},"geometry":{"type":"Point","coordinates":[-118.07388,33.80339]}},{"type":"Feature","properties":{"n":"93UT85MW1","id":"000019_00112_33118G1","a":"Orange Co Health Dept","s":"t85    ,Los Alamitos School District Yard","c":"SPT","op":"American Environmental Mgt Corp","e":23.0,"d":30.0},"geometry":{"type":"Point","coordinates":[-118.06691,33.80809]}},{"type":"Feature","properties":{"n":"94UT11RMC4","id":"000019_00114_33118F1","a":"Orange Co Health Dept","s":"t11    ,Unocal Service Station 5592","c":"SPT","op":"Remedial Management Corp","e":8.0,"d":26.0},"geometry":{"type":"Point","coordinates":[-118.10103,33.74429]}},{"type":"Feature","properties":{"n":"94UT14SB7","id":"000019_00115_33118G1","a":"Orange Co Health Dept","s":"t14    ,\"Dental Finance Company, Inc","c":"STR","op":"AT ,","e":53.0,"d":11.5},"geometry":{"type":"Point","coordinates":[-118.02757,33.83192]}},{"type":"Feature","properties":{"n":"94UT35B1","id":"000019_00116_33118G1","a":"Orange Co Health Dept","s":"t35    ,Unocal Station No. 5371","c":"SPT","op":"Alton Geoscience","e":46.0,"d":19.5},"geometry":{"type":"Point","coordinates":[-118.03654,33.83888]}},{"type":"Feature","properties":{"n":"H0350B1","id":"000019_00117_33118G1","s":"50     ,Anaheim General Hospital","c":"SPT","op":"Soils International","e":57.0,"d":40.0},"geometry":{"type":"Point","coordinates":[-118.00598,33.81527]}},{"type":"Feature","properties":{"n":"H0838B1","id":"000019_00118_33118G1","s":"38     ,La Palma Medical Intercommunity","c":"STRAT","op":"Lisa Enter. INC(Geo exeta Labs)","e":46.0,"d":25.0},"geometry":{"type":"Point","coordinates":[-118.03718,33.84658]}},{"type":"Feature","properties":{"n":"H0861","id":"000019_00119_33118G1","s":"61     ,Woodruff Community Hospital Additi","c":"STRAT","op":"Leighton & Associates","e":41.0,"d":46.0},"geometry":{"type":"Point","coordinates":[-118.11502,33.8284]}},{"type":"Feature","properties":{"n":"HL840027B6","id":"000019_00120_33118G1","a":"Orange Co Health Dept","s":"40027  ,Los Alamitos General Hospital","c":"SPT","op":"R.T. Frankian and Associates","e":25.0,"d":50.0},"geometry":{"type":"Point","coordinates":[-118.06584,33.80395]}},{"type":"Feature","properties":{"n":"HL850022B1","id":"000019_00121_33118G1","a":"Orange Co Health Dept","s":"5002   ,\"Alzheimers Hospital, Los Alamitos","c":"SPT","op":"R.T. Frankian and Associates","e":24.0,"d":19.0},"geometry":{"type":"Point","coordinates":[-118.0626,33.80336]}},{"type":"Feature","properties":{"n":"HL860006TH1","id":"000019_00122_33118G1","a":"Orange Co Health Dept","s":"60006  ,\"Pioneer Hospital, Proctor Inc","c":"SPT","op":"Associated Soils Engineering","e":53.0,"d":30.5},"geometry":{"type":"Point","coordinates":[-118.08219,33.86842]}},{"type":"Feature","properties":{"n":"HL870023B3","id":"000019_00123_33118G1","s":"7002319,Bellwood General Hospital","c":"SPT","op":"Law Crandall Inc/LeRoy Crandall","e":61.6,"d":60.5},"geometry":{"type":"Point","coordinates":[-118.11504,33.87209]}},{"type":"Feature","properties":{"n":"I01628MW5","id":"000019_00124_33118G1","a":"\"Los Angeles Region, RWQCB","s":"01628   ,Cerritos Ford","c":"SPT","op":"Earth Technology Corporation","e":51.0,"d":41.0},"geometry":{"type":"Point","coordinates":[-118.09729,33.85954]}},{"type":"Feature","properties":{"n":"I06517MW4","id":"000019_00125_33118H1","a":"\"Los Angeles Region, RWQCB","s":"06517   ,\"Cook Tractor, Inc","c":"S","op":"PT   ,Maness Environ. Services In","e":70.0,"d":27.0},"geometry":{"type":"Point","coordinates":[-118.03714,33.88665]}},{"type":"Feature","properties":{"n":"I10076B1","id":"000019_00126_33118G1","a":"\"Los Angeles Region, RWQCB","s":"10076   ,Southland Corporation 7 Eleven S","c":"SPT","op":"Seacor","e":44.0,"d":35.5},"geometry":{"type":"Point","coordinates":[-118.11596,33.84661]}},{"type":"Feature","properties":{"n":"I10154GW10","id":"000019_00127_33118G2","a":"\"Los Angeles Region, RWQCB","s":"10154   ,ARCO Station No. 5093","c":"SPT","op":"Secor International","e":35.0,"d":50.0},"geometry":{"type":"Point","coordinates":[-118.23999,33.82802]}},{"type":"Feature","properties":{"n":"I10154GW2","id":"000019_00128_33118G2","a":"\"Los Angeles Region, RWQCB","s":"10154   ,ARCO","c":"SPT","op":"Environ. Sciences & Engineeri","e":35.0,"d":35.0},"geometry":{"type":"Point","coordinates":[-118.24028,33.82793]}},{"type":"Feature","properties":{"n":"I11065B1","id":"000019_00130_33118G2","a":"\"Los Angeles Region, RWQCB","s":"11065   ,Unocal Station No. 6904","c":"SPT","op":"Alton Geoscience","e":52.0,"d":65.0},"geometry":{"type":"Point","coordinates":[-118.13337,33.85382]}},{"type":"Feature","properties":{"n":"I11330","id":"000019_00132_33118G2","a":"\"Los Angeles Region, RWQCB","s":"11330    ,Schaffer Brothers Distribution C","c":"STR","op":"AT ,Applied Environmental Service","e":26.0,"d":12.0},"geometry":{"type":"Point","coordinates":[-118.23356,33.83597]}},{"type":"Feature","properties":{"n":"I11487MW3","id":"000019_00133_33118G1","a":"\"Los Angeles Region, RWQCB","s":"11487   ,George Verhoeven Feed Co.","c":"STR","op":"AT ,Conservtech","e":57.0,"d":36.0},"geometry":{"type":"Point","coordinates":[-118.08253,33.87352]}},{"type":"Feature","properties":{"n":"I11805MW2","id":"000019_00135_33118H1","a":"\"Los Angeles Region, RWQCB","s":"11805   ,J & N Electric","c":"SPT","op":"Advanced Envrnmntl. Concepts","e":64.0,"d":20.0},"geometry":{"type":"Point","coordinates":[-118.08769,33.87593]}},{"type":"Feature","properties":{"n":"I11955MW3","id":"000019_00138_33118H1","a":"\"Los Angeles Region, RWQCB","s":"11955   ,Willamette Industries Inc.","c":"SPT","op":"\"Toxguard Systems, Inc.","e":58.0,"d":40.0},"geometry":{"type":"Point","coordinates":[-118.03039,33.8755]}},{"type":"Feature","properties":{"n":"I12077SP1","id":"000019_00141_33118G1","a":"\"Los Angeles Region, RWQCB","s":"12077   ,ARCO Station No. 5182","c":"SPT","op":"Brown and Caldwell Engineers","e":48.0,"d":26.5},"geometry":{"type":"Point","coordinates":[-118.08976,33.85861]}},{"type":"Feature","properties":{"n":"I12109PB10","id":"000019_00143_33118G2","a":"\"Los Angeles Region, RWQCB","s":"12109   ,ARCO Station","c":"SPT","op":"McLaren Hart","e":65.0,"d":60.5},"geometry":{"type":"Point","coordinates":[-118.16247,33.83211]}},{"type":"Feature","properties":{"n":"I12451B1","id":"000019_00144_33118G1","a":"\"Los Angeles Region, RWQCB","s":"12451   ,Exxon Station 7 3657","c":"SPT","op":"Applied Geosystems","e":52.0,"d":37.0},"geometry":{"type":"Point","coordinates":[-118.09833,33.85857]}},{"type":"Feature","properties":{"n":"I1249B1","id":"000019_00145_33118G1","a":"\"Los Angeles Region, RWQCB","s":"1249    ,California Milk Producers","c":"SPT","op":"George DeVries Consulting Geo","e":57.0,"d":20.0},"geometry":{"type":"Point","coordinates":[-118.08357,33.87499]}},{"type":"Feature","properties":{"n":"I124B3","id":"000019_00146_33118G2","a":"\"Los Angeles Region, RWQCB","s":"124      ,\"Matlack, Inc. Facility","c":"S","op":"PT   ,SCS Engineers","e":22.0,"d":36.5},"geometry":{"type":"Point","coordinates":[-118.22772,33.82261]}},{"type":"Feature","properties":{"n":"I12589BH1","id":"000019_00147_33118G2","a":"\"Los Angeles Region, RWQCB","s":"12589   ,\"U. S. Battery Site, Signal Hill","c":"S","op":"PT   ,SCS Engineers","e":83.0,"d":40.0},"geometry":{"type":"Point","coordinates":[-118.1633,33.80717]}},{"type":"Feature","properties":{"n":"I12655B3","id":"000019_00148_33118G2","a":"\"Los Angeles Region, RWQCB","s":"12655    ,Con-Way Western Express (ULB)","c":"SPT","op":"\"Blymyer Engineers, Inc.","e":31.0,"d":42.0},"geometry":{"type":"Point","coordinates":[-118.2245,33.8412]}},{"type":"Feature","properties":{"n":"I14150SB3","id":"000019_00150_33118G2","a":"\"Los Angeles Region, RWQCB","s":"14150   ,Slosson Properties","c":"STR","op":"AT ,","e":65.0,"d":65.0},"geometry":{"type":"Point","coordinates":[-118.17718,33.80108]}},{"type":"Feature","properties":{"n":"I14151MW1","id":"000019_00151_33118G2","a":"\"Los Angeles Region, RWQCB","s":"14151    ,Glover Property","c":"SPT","op":"Alta Enviro-Management","e":24.0,"d":53.0},"geometry":{"type":"Point","coordinates":[-118.2469,33.82492]}},{"type":"Feature","properties":{"n":"I14611SB1","id":"000019_00152_33118G2","a":"\"Los Angeles Region, RWQCB","s":"14611   ,LAPCO Industrial Park","c":"SPT","op":"James M.Montgomery Consult. E","e":110.0,"d":50.0},"geometry":{"type":"Point","coordinates":[-118.24281,33.8749]}},{"type":"Feature","properties":{"n":"I14852B16","id":"000019_00153_33118G2","a":"\"Los Angeles Region, RWQCB","s":"14852   ,Koll Company","c":"SPT","op":"Environ.Geoscience & Engineer","e":77.0,"d":41.0},"geometry":{"type":"Point","coordinates":[-118.16192,33.80873]}},{"type":"Feature","properties":{"n":"I14980B1","id":"000019_00154_33118H2","a":"\"Los Angeles Region, RWQCB","s":"14980   ,Howard Organization","c":"SPT","op":"Century West Environmental In","e":75.0,"d":65.0},"geometry":{"type":"Point","coordinates":[-118.22553,33.87776]}},{"type":"Feature","properties":{"n":"I15282SH3","id":"000019_00155_33118G2","a":"\"Los Angeles Region, RWQCB","s":"15282   ,\"Corner of Jones Place and Sprin","c":"S","op":"PT   ,Woodward-Clyde Consultants","e":65.0,"d":128.0},"geometry":{"type":"Point","coordinates":[-118.16456,33.81139]}},{"type":"Feature","properties":{"n":"I15546MW1","id":"000019_00156_33118G2","a":"\"Los Angeles Region, RWQCB","s":"15546    ,Oma Via Baron","c":"SPT","op":"SCS Engineers","e":43.0,"d":85.5},"geometry":{"type":"Point","coordinates":[-118.22749,33.8496]}},{"type":"Feature","properties":{"n":"I16106V2","id":"000019_00157_33118G2","a":"\"Los Angeles Region, RWQCB","s":"16106   ,Porter Boiler Services","c":"SPT","e":78.0,"d":70.5},"geometry":{"type":"Point","coordinates":[-118.17567,33.80199]}},{"type":"Feature","properties":{"n":"I16165BN1","id":"000019_00158_33118G2","a":"\"Los Angeles Region, RWQCB","s":"16165   ,\"Signal Hill, Parcel 1","c":"S","op":"PT   ,Woodward-Clyde Consultants","e":72.0,"d":50.5},"geometry":{"type":"Point","coordinates":[-118.16449,33.81067]}},{"type":"Feature","properties":{"n":"I16742STB4","id":"000019_00159_33118G2","a":"\"Los Angeles Region, RWQCB","s":"16742   ,Cavins Oil Well Tools","c":"SPT","op":"Maness Environ. Services Inc","e":16.0,"d":75.0},"geometry":{"type":"Point","coordinates":[-118.16718,33.80883]}},{"type":"Feature","properties":{"n":"I223","id":"000019_00162_33118G2","a":"\"Los Angeles Region, RWQCB","s":"223      ,Manville Carson Site","c":"STR","op":"AT ,Earth Technology Corporation","e":22.0,"d":0.0},"geometry":{"type":"Point","coordinates":[-118.23671,33.81688]}},{"type":"Feature","properties":{"n":"I2242B2","id":"000019_00163_33118G1","a":"\"Los Angeles Region, RWQCB","s":"2242    ,\"Shell Station, Pioneer and Arte","c":"S","op":"PT   ,Wayne Perry Construction","e":55.0,"d":40.0},"geometry":{"type":"Point","coordinates":[-118.08178,33.87336]}},{"type":"Feature","properties":{"n":"I2846B3","id":"000019_00164_33118G1","a":"\"Los Angeles Region, RWQCB","s":"2846    ,Unocal Service Station 5625","c":"SPT","op":"Georesearch","e":50.0,"d":40.0},"geometry":{"type":"Point","coordinates":[-118.09888,33.85855]}},{"type":"Feature","properties":{"n":"I2871MW3","id":"000019_00166_33118G1","a":"\"Los Angeles Region, RWQCB","s":"2871     ,Mobil Station No. 11GP9","c":"SPT","op":"Remedial Action Corp.","e":60.7,"d":4.0},"geometry":{"type":"Point","coordinates":[-118.08114,33.87496]}},{"type":"Feature","properties":{"n":"I3489MW4","id":"000019_00169_33118G2","a":"\"Los Angeles Region, RWQCB","s":"3489    ,Mobil Service Station 11 MNK","c":"SPT","op":"Remedial Management Corp","e":52.0,"d":51.0},"geometry":{"type":"Point","coordinates":[-118.14128,33.86076]}},{"type":"Feature","properties":{"n":"I349MW3","id":"000019_00170_33118G1","a":"\"Los Angeles Region, RWQCB","s":"349     ,Thrifty Station No. 355","c":"SPT","op":"IT Corporation","e":50.5,"d":3.0},"geometry":{"type":"Point","coordinates":[-118.04517,33.86566]}},{"type":"Feature","properties":{"n":"I3673GW1","id":"000019_00171_33118G2","a":"\"Los Angeles Region, RWQCB","s":"3673    ,Unocal Service Station 4329","c":"SPT","op":"Georesearch","e":46.0,"d":57.0},"geometry":{"type":"Point","coordinates":[-118.15838,33.8473]}},{"type":"Feature","properties":{"n":"I4264SEMW20","id":"000019_00172_33118G1","a":"\"Los Angeles Region, RWQCB","s":"4264    ,\"World Oil Marketing Company, St","c":"S","op":"PT   ,Secor International","e":44.5},"geometry":{"type":"Point","coordinates":[-118.07142,33.85864]}},{"type":"Feature","properties":{"n":"I4769B14","id":"000019_00175_33118G2","a":"\"Los Angeles Region, RWQCB","s":"4769    ,Blue Diamond Materials","c":"SPT","op":"Earth Technology Corporation","e":51.0,"d":41.5},"geometry":{"type":"Point","coordinates":[-118.15471,33.85964]}},{"type":"Feature","properties":{"n":"I5364B1","id":"000019_00177_33118G1","a":"\"Los Angeles Region, RWQCB","s":"5364    ,ARCO Station No. 1749","c":"SPT","op":"Applied Geosystems","e":44.0,"d":40.5},"geometry":{"type":"Point","coordinates":[-118.11585,33.83589]}},{"type":"Feature","properties":{"n":"I5385B5","id":"000019_00179_33118G2","a":"\"Los Angeles Region, RWQCB","s":"5385     ,Industrial Gas Plant","c":"SPT","op":"IT Corporation","e":19.0,"d":65.0},"geometry":{"type":"Point","coordinates":[-118.23087,33.81221]}},{"type":"Feature","properties":{"n":"I5388B1","id":"000019_00180_33118G2","a":"\"Los Angeles Region, RWQCB","s":"5388     ,\"Barneys, Inc.","c":"S","op":"TRAT ,Environ. Intnl. Sys. & Srvc","e":47.0,"d":50.0},"geometry":{"type":"Point","coordinates":[-118.20319,33.85669]}},{"type":"Feature","properties":{"n":"I5476B1","id":"000019_00181_33118G2","a":"\"Los Angeles Region, RWQCB","s":"5476     ,Arrowhead Drinking Water","c":"SPT","op":"\"MJA Consulting, Inc.","e":30.0,"d":41.5},"geometry":{"type":"Point","coordinates":[-118.22338,33.83955]}},{"type":"Feature","properties":{"n":"I5863B4","id":"000019_00184_33118G2","a":"\"Los Angeles Region, RWQCB","s":"5863    ,Chevron LA County SSNo. 7391","c":"SPT","op":"Groundwater Technology","e":48.0,"d":40.0},"geometry":{"type":"Point","coordinates":[-118.14132,33.84721]}},{"type":"Feature","properties":{"n":"I5896AGW4","id":"000019_00185_33118G1","a":"\"Los Angeles Region, RWQCB","s":"5896    ,Inactive Texaco Service Station","c":"SPT","op":"Texaco Environmental Services","e":35.5,"d":30.0},"geometry":{"type":"Point","coordinates":[-118.06282,33.83889]}},{"type":"Feature","properties":{"n":"I6101","id":"000019_00187_33118G2","a":"\"Los Angeles Region, RWQCB","s":"6101     ,South Bay Studios","c":"STR","op":"AT ,Hygienetics Environmental","e":38.0,"d":50.0},"geometry":{"type":"Point","coordinates":[-118.20955,33.84557]}},{"type":"Feature","properties":{"n":"I6123MW3","id":"000019_00188_33118G1","a":"\"Los Angeles Region, RWQCB","s":"6123    ,Mobil Station No. 11 FVO","c":"SPT","op":"\"AWD Technologies, Inc.","e":39.0,"d":28.0},"geometry":{"type":"Point","coordinates":[-118.0937,33.84562]}},{"type":"Feature","properties":{"n":"I6353B1","id":"000019_00193_33118G2","a":"\"Los Angeles Region, RWQCB","s":"6353    ,Import Dealer Service Facility","c":"SPT","op":"Alton Geoscience","e":20.0,"d":45.0},"geometry":{"type":"Point","coordinates":[-118.22622,33.80477]}},{"type":"Feature","properties":{"n":"I6545SAB12","id":"000019_00195_33118G1","a":"\"Los Angeles Region, RWQCB","s":"6545     ,Shell Oil Company; Artesia & Blo","c":"SPT","op":"Gregg","e":57.0,"d":35.0},"geometry":{"type":"Point","coordinates":[-118.06336,33.87293]}},{"type":"Feature","properties":{"n":"I6545SAB5","id":"000019_00196_33118G1","a":"\"Los Angeles Region, RWQCB","s":"6545    ,\"Shell Oil Co., Artesia and Bllo","c":"S","op":"TRAT ,Gregg","e":57.0,"d":35.0},"geometry":{"type":"Point","coordinates":[-118.06315,33.87293]}},{"type":"Feature","properties":{"n":"I6617MW3","id":"000019_00198_33118H2","a":"\"Los Angeles Region, RWQCB","s":"6617    ,Texaco Bellflower","c":"SPT","op":"Irwin Environmental","e":63.0,"d":55.0},"geometry":{"type":"Point","coordinates":[-118.14198,33.88001]}},{"type":"Feature","properties":{"n":"I6919MW8","id":"000019_00199_33118H1","a":"\"Los Angeles Region, RWQCB","s":"6919    ,UPS Cerritos","c":"SPT","op":"TPE Environmental Group","e":64.0,"d":16.0},"geometry":{"type":"Point","coordinates":[-118.04791,33.88343]}},{"type":"Feature","properties":{"n":"I7861B6","id":"000019_00200_33118G1","a":"\"Los Angeles Region, RWQCB","s":"7861    ,Webb Automotive Group","c":"SPT","op":"American Environmental Mgt Co","e":50.0,"d":25.0},"geometry":{"type":"Point","coordinates":[-118.09655,33.86082]}},{"type":"Feature","properties":{"n":"I8365A","id":"000019_00201_33118G2","a":"\"Los Angeles Region, RWQCB","s":"8365    ,Bob Hill Crane Co.","c":"SPT","op":"Groundwater Technology","e":95.0,"d":40.0},"geometry":{"type":"Point","coordinates":[-118.17101,33.80082]}},{"type":"Feature","properties":{"n":"I9035B6","id":"000019_00203_33118G2","a":"\"Los Angeles Region, RWQCB","s":"8365    ,American Racing Equipment","c":"SPT","op":"Environ.Geoscience & Engineer","e":54.0,"d":45.0},"geometry":{"type":"Point","coordinates":[-118.20796,33.85531]}},{"type":"Feature","properties":{"n":"I9606B4","id":"000019_00206_33118G1","a":"\"Los Angeles Region, RWQCB","s":"9606    ,Chevron Former Station No. 9 232","c":"SPT","op":"\"Bechtel Environmental, Inc.","e":34.3},"geometry":{"type":"Point","coordinates":[-118.08727,33.83172]}},{"type":"Feature","properties":{"n":"R1259303","id":"000019_00208_33118G1","a":"\"Los Angeles Region, RWQCB","s":"12593   ,Desert Petroleum","c":"SPT","op":"Jirsa Environmental Services","e":57.0,"d":24.5},"geometry":{"type":"Point","coordinates":[-118.12377,33.86584]}},{"type":"Feature","properties":{"n":"012916B3","id":"000020_00000_33118G1","a":"\"Los Angeles Region, RWQCB","s":"12916    ,\"Union Oil of CA, Alamitos Bay M","c":"S","op":"TRAT ,Harding Lawson Associates","e":5.0,"d":25.0},"geometry":{"type":"Point","coordinates":[-118.11243,33.75102]}},{"type":"Feature","properties":{"n":"1113B8","id":"000020_00001_33118G1","a":"LA Co. Dept. Pub Works","s":"3      ,\"SD 1113, Dairy Valley","c":"STR","op":"AT ,Sladden Engineering","e":58.3,"d":22.0},"geometry":{"type":"Point","coordinates":[-118.09672,33.86565]}},{"type":"Feature","properties":{"n":"1113B9","id":"000020_00002_33118G1","a":"LA Co. Dept. Pub Works","s":"3      ,\"SD 1113, Dairy Valley","c":"STR","op":"AT ,\"Triad Engineering, Inc.","e":58.0,"d":21.0},"geometry":{"type":"Point","coordinates":[-118.09532,33.86563]}},{"type":"Feature","properties":{"n":"1231A1","id":"000020_00003_33118G1","a":"LA Co. Dept. Pub Works","s":"1      ,\"SD 1231, East Lakewood","c":"SPT","op":"Smith-Emery Company","e":31.0,"d":12.5},"geometry":{"type":"Point","coordinates":[-118.07542,33.83698]}},{"type":"Feature","properties":{"n":"1231A2","id":"000020_00004_33118G1","a":"LA Co. Dept. Pub Works","s":"1      ,\"SD 1231, East Lakewood","c":"SPT","op":"Smith-Emery Company","e":32.7,"d":17.0},"geometry":{"type":"Point","coordinates":[-118.07548,33.83868]}},{"type":"Feature","properties":{"n":"1231A3","id":"000020_00005_33118G1","a":"LA Co. Dept. Pub Works","s":"1      ,\"SD 1231, East Lakewood","c":"SPT","op":"Smith-Emery Company","e":34.0,"d":12.0},"geometry":{"type":"Point","coordinates":[-118.07546,33.84022]}},{"type":"Feature","properties":{"n":"1231A4","id":"000020_00006_33118G1","a":"LA Co. Dept. Pub Works","s":"1      ,\"SD 1231, East Lakewood","c":"SPT","op":"Smith-Emery Company","e":36.0,"d":17.0},"geometry":{"type":"Point","coordinates":[-118.07552,33.84226]}},{"type":"Feature","properties":{"n":"1231B1","id":"000020_00007_33118G1","a":"LA Co. Dept. Pub Works","s":"1      ,\"SD 1231, East Lakewood","c":"SPT","op":"Smith-Emery Company","e":34.5,"d":10.0},"geometry":{"type":"Point","coordinates":[-118.08322,33.83903]}},{"type":"Feature","properties":{"n":"1231B2","id":"000020_00008_33118G1","a":"LA Co. Dept. Pub Works","s":"1      ,\"SD 1231, East Lakewood","c":"SPT","op":"Smith-Emery Company","e":35.2,"d":8.0},"geometry":{"type":"Point","coordinates":[-118.08321,33.8405]}},{"type":"Feature","properties":{"n":"1501B1","id":"000020_00009_33118G1","a":"LA Co. Dept. Pub Works","s":"1      ,Artesia Storm Drain","c":"SPT","op":"Maurseth Howe Associates","e":41.0,"d":15.0},"geometry":{"type":"Point","coordinates":[-118.0692,33.85342]}},{"type":"Feature","properties":{"n":"1501C2","id":"000020_00010_33118G1","a":"LA Co. Dept. Pub Works","s":"1      ,Artesia Storm Drain","c":"SPT","op":"Maurseth Howe Associates","e":50.0,"d":15.5},"geometry":{"type":"Point","coordinates":[-118.0742,33.86899]}},{"type":"Feature","properties":{"n":"1501C3","id":"000020_00011_33118G1","a":"LA Co. Dept. Pub Works","s":"1      ,Artesia Storm Drain","c":"SPT","op":"Maurseth Howe Associates","e":50.9,"d":15.5},"geometry":{"type":"Point","coordinates":[-118.07214,33.86903]}},{"type":"Feature","properties":{"n":"1501C4","id":"000020_00012_33118G1","a":"LA Co. Dept. Pub Works","s":"1      ,Artesia Storm Drain","c":"SPT","op":"Maurseth Howe Associates","e":49.8,"d":15.5},"geometry":{"type":"Point","coordinates":[-118.07387,33.86983]}},{"type":"Feature","properties":{"n":"1501D2","id":"000020_00013_33118G1","a":"LA Co. Dept. Pub Works","s":"1      ,Artesia Storm Drain","c":"SPT","op":"Maurseth Howe Associates","e":44.7,"d":12.0},"geometry":{"type":"Point","coordinates":[-118.06855,33.85847]}},{"type":"Feature","properties":{"n":"1.50E+07","id":"000020_00014_33118G1","a":"LA Co. Dept. Pub Works","s":"1      ,Artesia Storm Drain","c":"SPT","op":"Maurseth Howe Associates","e":56.8,"d":13.0},"geometry":{"type":"Point","coordinates":[-118.07011,33.87306]}},{"type":"Feature","properties":{"n":"1550A1","id":"000020_00015_33118G1","a":"LA Co. Dept. Pub Works","s":"0      ,SD 1550","c":"STRAT","op":"L.T. Evans","e":48.6,"d":14.0},"geometry":{"type":"Point","coordinates":[-118.08374,33.86133]}},{"type":"Feature","properties":{"n":"1550A2","id":"000020_00016_33118G1","a":"LA Co. Dept. Pub Works","s":"0      ,SD 1550","c":"STRAT","op":"L.T. Evans","e":49.2,"d":16.0},"geometry":{"type":"Point","coordinates":[-118.08506,33.86227]}},{"type":"Feature","properties":{"n":"1550A3","id":"000020_00017_33118G1","a":"LA Co. Dept. Pub Works","s":"0      ,SD 1550","c":"STRAT","op":"L.T. Evans","e":51.5,"d":16.0},"geometry":{"type":"Point","coordinates":[-118.08679,33.86277]}},{"type":"Feature","properties":{"n":"1550C1","id":"000020_00018_33118G1","a":"LA Co. Dept. Pub Works","s":"0      ,SD 1550","c":"STRAT","op":"L.T. Evans","e":54.0,"d":17.0},"geometry":{"type":"Point","coordinates":[-118.08372,33.86931]}},{"type":"Feature","properties":{"n":"21B26","id":"000020_00019_33118G1","a":"LA Co. Dept. Pub Works","s":"\"Storm Drain 21, Artesia, Norwalk","c":"STR","op":"AT ,Converse Cnslts.(&predecessor","e":57.0,"d":16.0},"geometry":{"type":"Point","coordinates":[-118.07174,33.87351]}},{"type":"Feature","properties":{"n":"21B27","id":"000020_00020_33118G1","a":"LA Co. Dept. Pub Works","s":"\"Storm Drain 21, Artesia, Norwalk","c":"STR","op":"AT ,Converse Cnslts.(&predecessor","e":55.0,"d":16.0},"geometry":{"type":"Point","coordinates":[-118.07166,33.8716]}},{"type":"Feature","properties":{"n":"21B28","id":"000020_00021_33118G1","a":"LA Co. Dept. Pub Works","s":"\"Storm Drain 21, Artesia, Norwalk","c":"STR","op":"AT ,Converse Cnslts.(&predecessor","e":52.0,"d":16.0},"geometry":{"type":"Point","coordinates":[-118.07166,33.86987]}},{"type":"Feature","properties":{"n":"21B29","id":"000020_00022_33118G1","a":"LA Co. Dept. Pub Works","s":"\"Storm Drain 21, Artesia, Norwalk","c":"STR","op":"AT ,Converse Cnslts.(&predecessor","e":50.0,"d":15.0},"geometry":{"type":"Point","coordinates":[-118.07174,33.86809]}},{"type":"Feature","properties":{"n":"21B30","id":"000020_00023_33118G1","a":"LA Co. Dept. Pub Works","s":"\"Storm Drain 21, Artesia, Norwalk","c":"STR","op":"AT ,Converse Cnslts.(&predecessor","e":47.0,"d":15.0},"geometry":{"type":"Point","coordinates":[-118.07173,33.8658]}},{"type":"Feature","properties":{"n":"21B31","id":"000020_00024_33118G1","a":"LA Co. Dept. Pub Works","s":"\"Storm Drain 21, Artesia, Norwalk","c":"STR","op":"AT ,Converse Cnslts.(&predecessor","e":46.0,"d":15.5},"geometry":{"type":"Point","coordinates":[-118.07151,33.86388]}},{"type":"Feature","properties":{"n":"21B32","id":"000020_00025_33118G1","a":"LA Co. Dept. Pub Works","s":"\"Storm Drain 21, Artesia, Norwalk","c":"STR","op":"AT ,Converse Cnslts.(&predecessor","e":45.0,"d":18.0},"geometry":{"type":"Point","coordinates":[-118.07151,33.8619]}},{"type":"Feature","properties":{"n":"21B33","id":"000020_00026_33118G1","a":"LA Co. Dept. Pub Works","s":"\"Storm Drain 21, Artesia, Norwalk","c":"STR","op":"AT ,Converse Cnslts.(&predecessor","e":44.0,"d":20.0},"geometry":{"type":"Point","coordinates":[-118.07158,33.86019]}},{"type":"Feature","properties":{"n":"21B34","id":"000020_00027_33118G1","a":"LA Co. Dept. Pub Works","s":"\"Storm Drain 21, Artesia, Norwalk","c":"STR","op":"AT ,Converse Cnslts.(&predecessor","e":43.0,"d":19.5},"geometry":{"type":"Point","coordinates":[-118.07148,33.85839]}},{"type":"Feature","properties":{"n":"21B35","id":"000020_00028_33118G1","a":"LA Co. Dept. Pub Works","s":"\"Storm Drain 21, Artesia, Norwalk","c":"STR","op":"AT ,Converse Cnslts.(&predecessor","e":42.0,"d":18.5},"geometry":{"type":"Point","coordinates":[-118.07137,33.85685]}},{"type":"Feature","properties":{"n":"21B36","id":"000020_00029_33118G1","a":"LA Co. Dept. Pub Works","s":"\"Storm Drain 21, Artesia, Norwalk","c":"STR","op":"AT ,Converse Cnslts.(&predecessor","e":42.0,"d":20.0},"geometry":{"type":"Point","coordinates":[-118.07152,33.85484]}},{"type":"Feature","properties":{"n":"21B37","id":"000020_00030_33118G1","a":"LA Co. Dept. Pub Works","s":"\"Storm Drain 21, Artesia, Norwalk","c":"STR","op":"AT ,Converse Cnslts.(&predecessor","e":42.0,"d":17.5},"geometry":{"type":"Point","coordinates":[-118.07027,33.8536]}},{"type":"Feature","properties":{"n":"21B38","id":"000020_00031_33118G1","a":"LA Co. Dept. Pub Works","s":"\"Storm Drain 21, Artesia, Norwalk","c":"STR","op":"AT ,Converse Cnslts.(&predecessor","e":41.0,"d":20.0},"geometry":{"type":"Point","coordinates":[-118.06871,33.8526]}},{"type":"Feature","properties":{"n":"21B39","id":"000020_00032_33118G1","a":"LA Co. Dept. Pub Works","s":"\"Storm Drain 21, Artesia, Norwalk","c":"STR","op":"AT ,Converse Cnslts.(&predecessor","e":41.0,"d":19.0},"geometry":{"type":"Point","coordinates":[-118.06689,33.85147]}},{"type":"Feature","properties":{"n":"21B42","id":"000020_00033_33118G1","a":"LA Co. Dept. Pub Works","s":"\"Storm Drain 21, Artesia, Norwalk","c":"STR","op":"AT ,Converse Cnslts.(&predecessor","e":41.0,"d":19.0},"geometry":{"type":"Point","coordinates":[-118.0616,33.84836]}},{"type":"Feature","properties":{"n":"21B44","id":"000020_00034_33118G1","a":"LA Co. Dept. Pub Works","s":"\"Storm Drain 21, Artesia, Norwalk","c":"STR","op":"AT ,Converse Cnslts.(&predecessor","e":41.0,"d":18.0},"geometry":{"type":"Point","coordinates":[-118.05824,33.84632]}},{"type":"Feature","properties":{"n":"21B45","id":"000020_00035_33118G1","a":"LA Co. Dept. Pub Works","s":"\"Storm Drain 21, Artesia, Norwalk","c":"STR","op":"AT ,Converse Cnslts.(&predecessor","e":51.0,"d":15.0},"geometry":{"type":"Point","coordinates":[-118.07585,33.86849]}},{"type":"Feature","properties":{"n":"21B46","id":"000020_00036_33118G1","a":"LA Co. Dept. Pub Works","s":"\"Storm Drain 21, Artesia, Norwalk","c":"STR","op":"AT ,Converse Cnslts.(&predecessor","e":49.0,"d":15.0},"geometry":{"type":"Point","coordinates":[-118.07583,33.86638]}},{"type":"Feature","properties":{"n":"21B47","id":"000020_00037_33118G1","a":"LA Co. Dept. Pub Works","s":"\"Storm Drain 21, Artesia, Norwalk","c":"STR","op":"AT ,Converse Cnslts.(&predecessor","e":47.0,"d":15.0},"geometry":{"type":"Point","coordinates":[-118.07373,33.86579]}},{"type":"Feature","properties":{"n":"36TH58","id":"000020_00038_33118G1","a":"CA Dept of Transportation","s":"\"San Gabriel River Channel, Coyote","c":"SPT","op":"CA Dept of Transportatrion","e":17.0,"d":34.0},"geometry":{"type":"Point","coordinates":[-118.09779,33.75789]}},{"type":"Feature","properties":{"n":"36TH60","id":"000020_00039_33118G1","a":"CA Dept of Transportation","s":"\"San Gabriel River Channel, Coyote","c":"SPT","op":"CA Dept of Transportatrion","e":15.0,"d":29.0},"geometry":{"type":"Point","coordinates":[-118.10375,33.75278]}},{"type":"Feature","properties":{"n":"426B3","id":"000020_00040_33118G1","a":"LA Co. Dept. Pub Works","s":"SD 426","c":"STRAT","op":"\"Triad Engineering, Inc.","e":41.4,"d":11.0},"geometry":{"type":"Point","coordinates":[-118.0899,33.84953]}},{"type":"Feature","properties":{"n":"446B1","id":"000020_00041_33118G1","a":"LA Co. Dept. Pub Works","s":"\"Strom Drain, North Lakewood","c":"STR","op":"AT ,Donald R. Warren Co.","e":50.0,"d":24.0},"geometry":{"type":"Point","coordinates":[-118.11017,33.85435]}},{"type":"Feature","properties":{"n":"446B2","id":"000020_00042_33118G1","a":"LA Co. Dept. Pub Works","s":"\"Storm Drain, North Lakewood","c":"STR","op":"AT ,Donald R. Warren Co.","e":50.0,"d":23.0},"geometry":{"type":"Point","coordinates":[-118.11021,33.85569]}},{"type":"Feature","properties":{"n":"453B1","id":"000020_00043_33118G1","a":"LA Co. Dept. Pub Works","s":"Storm Drain Los Altos Unit 1","c":"STRAT","op":"Advanced Foundation Eng. Inc","e":10.5,"d":11.0},"geometry":{"type":"Point","coordinates":[-118.12029,33.7866]}},{"type":"Feature","properties":{"n":"453BOR1","id":"000020_00044_33118G1","a":"\"Los Angeles Region, RWQCB","s":"53       ,Proposed Los Altos Pump Station","c":"STR","op":"AT ,Law Crandall Inc/LeRoy Cranda","e":9.7,"d":75.0},"geometry":{"type":"Point","coordinates":[-118.10222,33.78114]}},{"type":"Feature","properties":{"n":"453F2","id":"000020_00045_33118G1","a":"LA Co. Dept. Pub Works","s":"Storm Drain Los Altos","c":"STRAT","op":"Advanced Foundation Eng. Inc","e":9.8,"d":21.0},"geometry":{"type":"Point","coordinates":[-118.09929,33.78149]}},{"type":"Feature","properties":{"n":"454PS1","id":"000020_00046_33118G1","a":"\"Los Angeles Region, RWQCB","s":"54       ,Proposed El Dorado Station","c":"STR","op":"AT ,\"Twining Laboratories, Inc.","e":23.8},"geometry":{"type":"Point","coordinates":[-118.09064,33.81017]}},{"type":"Feature","properties":{"n":"454PS2","id":"000020_00047_33118G1","a":"LA Co. Dept. Pub Works","s":"Proposed El Dorado Storm Drain","c":"STRAT","op":"\"Twining Laboratories, Inc.","e":23.0,"d":80.0},"geometry":{"type":"Point","coordinates":[-118.09091,33.80997]}},{"type":"Feature","properties":{"n":"4650N3","id":"000020_00048_33118G1","a":"LA Co. Dept. Pub Works","s":"0      ,SD 4650","c":"STRAT","op":"L.T. Evans","e":33.0,"d":17.0},"geometry":{"type":"Point","coordinates":[-118.08723,33.83133]}},{"type":"Feature","properties":{"n":"5102A1","id":"000020_00049_33118G1","a":"LA Co. Dept. Pub Works","s":"2      ,\"SD 5102, Naples","c":"STR","op":"AT ,Advanced Foundation Eng. Inc","e":5.3,"d":17.0},"geometry":{"type":"Point","coordinates":[-118.1186,33.75676]}},{"type":"Feature","properties":{"n":"5102A2","id":"000020_00050_33118G1","a":"LA Co. Dept. Pub Works","s":"2      ,\"SD 5102, Naples","c":"STR","op":"AT ,Advanced Foundation Eng. Inc","e":8.0,"d":16.0},"geometry":{"type":"Point","coordinates":[-118.11967,33.75771]}},{"type":"Feature","properties":{"n":"5102A3","id":"000020_00051_33118G1","a":"LA Co. Dept. Pub Works","s":"2      ,\"SD 5102, Naples","c":"STR","op":"AT ,Advanced Foundation Eng. Inc","e":4.8,"d":10.0},"geometry":{"type":"Point","coordinates":[-118.12128,33.75878]}},{"type":"Feature","properties":{"n":"5102C1","id":"000020_00052_33118G1","a":"LA Co. Dept. Pub Works","s":"2      ,\"SD 5102, Naples","c":"STR","op":"AT ,Advanced Foundation Eng. Inc","e":4.6,"d":12.0},"geometry":{"type":"Point","coordinates":[-118.11645,33.75493]}},{"type":"Feature","properties":{"n":"5102C2","id":"000020_00053_33118G1","a":"LA Co. Dept. Pub Works","s":"2      ,\"SD 5102, Naples","c":"STR","op":"AT ,Advanced Foundation Eng. Inc","e":4.4,"d":9.0},"geometry":{"type":"Point","coordinates":[-118.11509,33.75339]}},{"type":"Feature","properties":{"n":"5102F1","id":"000020_00054_33118G2","a":"LA Co. Dept. Pub Works","s":"2      ,\"SD 5102, Naples","c":"STR","op":"AT ,Advanced Foundation Eng. Inc","e":5.0,"d":6.5},"geometry":{"type":"Point","coordinates":[-118.12503,33.75554]}},{"type":"Feature","properties":{"n":"5102K1A","id":"000020_00055_33118G1","a":"LA Co. Dept. Pub Works","s":"2      ,\"SD 5102, Naples","c":"STR","op":"AT ,Law Crandall Inc/LeRoy Cranda","e":9.5,"d":66.0},"geometry":{"type":"Point","coordinates":[-118.12393,33.75335]}},{"type":"Feature","properties":{"n":"5102K2A","id":"000020_00056_33118G1","a":"LA Co. Dept. Pub Works","s":"2      ,\"SD 5102, Naples","c":"STR","op":"AT ,Law Crandall Inc/LeRoy Cranda","e":9.4,"d":65.0},"geometry":{"type":"Point","coordinates":[-118.12408,33.75282]}},{"type":"Feature","properties":{"n":"5102O1","id":"000020_00057_33118G1","a":"LA Co. Dept. Pub Works","s":"2      ,\"SD 5102, Naples","c":"STR","op":"AT ,Advanced Foundation Eng. Inc","e":4.2,"d":8.0},"geometry":{"type":"Point","coordinates":[-118.12476,33.75278]}},{"type":"Feature","properties":{"n":"908080043MW1","id":"000020_00073_33118G1","a":"\"Los Angeles Region, RWQCB","s":"08080043 ,Los Altos Hospital UG Tank","c":"SPT","op":"Leighton & Associates","e":27.0,"d":20.5},"geometry":{"type":"Point","coordinates":[-118.10863,33.81816]}},{"type":"Feature","properties":{"n":"908080061B8","id":"000020_00074_33118G1","a":"\"Los Angeles Region, RWQCB","s":"08080061 ,Shell Oil Company","c":"SPT","op":"Unknown","e":22.0,"d":48.0},"geometry":{"type":"Point","coordinates":[-118.10677,33.81066]}},{"type":"Feature","properties":{"n":"908080070W12","id":"000020_00075_33118G1","a":"\"Los Angeles Region, RWQCB","s":"08080070 ,Texaco Service Station","c":"SPT","op":"Irwin Environmental","e":25.0,"d":35.0},"geometry":{"type":"Point","coordinates":[-118.07114,33.81773]}},{"type":"Feature","properties":{"n":"908080134B1A","id":"000020_00076_33118G1","a":"\"Los Angeles Region, RWQCB","s":"08080134 ,Bixby Land Company","c":"STR","op":"AT ,Jack K Bryant Engineers","e":25.0,"d":20.0},"geometry":{"type":"Point","coordinates":[-118.07071,33.81724]}},{"type":"Feature","properties":{"n":"908080189GW2","id":"000020_00077_33118G2","a":"\"Los Angeles Region, RWQCB","s":"08080189 ,Beptal INC","c":"STR","op":"AT ,","e":40.0,"d":50.0},"geometry":{"type":"Point","coordinates":[-118.12548,33.83254]}},{"type":"Feature","properties":{"n":"908150025MW5","id":"000020_00078_33118G1","a":"\"Los Angeles Region, RWQCB","s":"08150025 ,Mobil Station No. 11 M3E","c":"SPT","op":"\"H20 Science, Inc.","e":11.0,"d":23.0},"geometry":{"type":"Point","coordinates":[-118.10643,33.78904]}},{"type":"Feature","properties":{"n":"908150089EMW12","id":"000020_00079_33118G1","a":"\"Los Angeles Region, RWQCB","s":"08150089 ,Texaco Service Station","c":"SPT","op":"Georesearch","e":10.0,"d":32.0},"geometry":{"type":"Point","coordinates":[-118.10672,33.78842]}},{"type":"Feature","properties":{"n":"908150098MW3","id":"000020_00080_33118G1","a":"\"Los Angeles Region, RWQCB","s":"08150098 ,Mobil Station 11 MYY","c":"SPT","op":"\"Kleinfelder, Inc.","e":16.0,"d":20.0},"geometry":{"type":"Point","coordinates":[-118.12409,33.79629]}},{"type":"Feature","properties":{"n":"908150125HA7","id":"000020_00081_33118G1","a":"\"Los Angeles Region, RWQCB","s":"08150125 ,Los Altos Dry Cleaner","c":"STR","op":"AT ,\"Environmental Resolutions, I","e":17.0,"d":30.0},"geometry":{"type":"Point","coordinates":[-118.12388,33.79859]}},{"type":"Feature","properties":{"n":"I2001SB4","id":"000020_00082_33118G1","a":"\"Los Angeles Region, RWQCB","s":"2001    ,Chevron Service Station No. 9739","c":"SPT","e":45.0,"d":55.0},"geometry":{"type":"Point","coordinates":[-118.11537,33.83248]}},{"type":"Feature","properties":{"n":"902200016B1","id":"000024_00003_33118H2","a":"\"Los Angeles Region, RWQCB","s":"02200016 ,Former Johnson Controls Site","c":"SPT","op":"Kennedy/Jenks/Chilton","e":97.0,"d":36.5},"geometry":{"type":"Point","coordinates":[-118.24941,33.89679]}},{"type":"Feature","properties":{"n":"902200016B2","id":"000024_00004_33118H2","a":"\"Los Angeles Region, RWQCB","s":"02200016 ,Former Johnson Controls Site","c":"STR","op":"AT ,Geo Systems Inc.","e":95.0,"d":42.0},"geometry":{"type":"Point","coordinates":[-118.24846,33.8974]}},{"type":"Feature","properties":{"n":"902210034B12","id":"000024_00005_33118H2","a":"\"Los Angeles Region, RWQCB","s":"02210034 ,National Fire Hose Facility","c":"STR","op":"AT ,\"Holguin,Fahan and Associates","e":73.0,"d":40.0},"geometry":{"type":"Point","coordinates":[-118.21745,33.90838]}},{"type":"Feature","properties":{"n":"907230016B7","id":"000024_00010_33118H2","a":"\"Los Angeles Region, RWQCB","s":"07230016 ,\"Gale Barstow, Inc.","c":"S","op":"PT   ,Emcon Associates","e":70.0,"d":45.0},"geometry":{"type":"Point","coordinates":[-118.16819,33.89615]}},{"type":"Feature","properties":{"n":"I10811B2","id":"000024_00012_33118H2","a":"\"Los Angeles Region, RWQCB","s":"10811    ,Ace Lumber & Hardware","c":"SPT","op":"Environmental Engineering","e":87.0,"d":60.0},"geometry":{"type":"Point","coordinates":[-118.18414,33.92627]}},{"type":"Feature","properties":{"n":"I10811BVE1","id":"000024_00013_33118H2","a":"\"Los Angeles Region, RWQCB","s":"10811    ,Ace Lumber & Hardware","c":"SPT","op":"\"Vapor Extraction Tech., Inc","e":87.0,"d":40.0},"geometry":{"type":"Point","coordinates":[-118.18419,33.92608]}},{"type":"Feature","properties":{"n":"I11636B3S","id":"000024_00019_33118H2","a":"\"Los Angeles Region, RWQCB","s":"11636    ,Compton Forge Inc","c":"SPT","op":"Cardinal Envir. Consultants","e":73.0,"d":52.0},"geometry":{"type":"Point","coordinates":[-118.22171,33.90805]}},{"type":"Feature","properties":{"n":"I12076B6","id":"000024_00022_33118H2","a":"\"Los Angeles Region, RWQCB","s":"12076    ,ARCO Service Station No. 5142","c":"SPT","op":"Emcon Associates","e":97.5,"d":80.0},"geometry":{"type":"Point","coordinates":[-118.1517,33.92388]}},{"type":"Feature","properties":{"n":"I14009B7","id":"000024_00026_33118H2","a":"\"Los Angeles Region, RWQCB","s":"14009    ,Owens Corning Fiberglas Corporat","c":"SPT","op":"Wayne Perry Construction","e":72.0,"d":63.5},"geometry":{"type":"Point","coordinates":[-118.22148,33.90576]}},{"type":"Feature","properties":{"n":"I14605B5","id":"000024_00027_33118H2","a":"\"Los Angeles Region, RWQCB","s":"14605    ,Brown & Brown Machine Company","c":"SPT","op":"Wayne Perry Construction","e":81.0,"d":60.0},"geometry":{"type":"Point","coordinates":[-118.22203,33.92143]}},{"type":"Feature","properties":{"n":"I16388B1","id":"000024_00031_33118H2","a":"\"Los Angeles Region, RWQCB","s":"16388    ,Hagemann Nielson","c":"SPT","op":"\"Geological Audit Services, I","e":74.0,"d":50.0},"geometry":{"type":"Point","coordinates":[-118.22205,33.90987]}},{"type":"Feature","properties":{"n":"I2274B3","id":"000024_00033_33118H2","a":"\"Los Angeles Region, RWQCB","s":"2274     ,Shell Oil Company Service Statio","c":"STR","op":"AT ,Environ. Sciences & Engineeri","e":70.0,"d":40.0},"geometry":{"type":"Point","coordinates":[-118.14137,33.88897]}},{"type":"Feature","properties":{"n":"I386B1","id":"000024_00036_33118H2","a":"\"Los Angeles Region, RWQCB","s":"386      ,Rockwell International","c":"SPT","op":"SEC DonohueEnvir.&Infrastruct","e":99.0,"d":60.0},"geometry":{"type":"Point","coordinates":[-118.13206,33.92278]}},{"type":"Feature","properties":{"n":"I4200B7","id":"000024_00037_33118H2","a":"\"Los Angeles Region, RWQCB","s":"4200     ,Thrifty Service Station No. 148","c":"SPT","op":"Groundwater Technology","e":66.0,"d":40.0},"geometry":{"type":"Point","coordinates":[-118.15953,33.8854]}},{"type":"Feature","properties":{"n":"I6054B15","id":"000024_00041_33118H2","a":"\"Los Angeles Region, RWQCB","s":"6054     ,Rolling Thunder Trucking","c":"SPT","op":"Maness Environ. Services Inc","e":74.0,"d":35.5},"geometry":{"type":"Point","coordinates":[-118.16394,33.90392]}},{"type":"Feature","properties":{"n":"I6054B2","id":"000024_00042_33118H2","a":"\"Los Angeles Region, RWQCB","s":"6054     ,Rolling Thunder Trucking","c":"SPT","op":"Maness Environ. Services Inc","e":74.0,"d":41.0},"geometry":{"type":"Point","coordinates":[-118.16416,33.90392]}},{"type":"Feature","properties":{"n":"I6617B1","id":"000024_00043_33118H2","a":"\"Los Angeles Region, RWQCB","s":"6617     ,Texaco Service Station","c":"SPT","op":"Irwin Environmental","e":62.0,"d":55.0},"geometry":{"type":"Point","coordinates":[-118.14231,33.8799]}},{"type":"Feature","properties":{"n":"I6633B2","id":"000024_00044_33118H2","a":"\"Los Angeles Region, RWQCB","s":"6633     ,Mobil Station 11 MFO","c":"SPT","op":"Alton Geoscience","e":66.0,"d":40.0},"geometry":{"type":"Point","coordinates":[-118.15954,33.88937]}},{"type":"Feature","properties":{"n":"I6746B1","id":"000024_00045_33118H2","a":"\"Los Angeles Region, RWQCB","s":"6746     ,Enterprise Partners","c":"SPT","op":"Envir. Assmnt. & Remediat. Ma","e":77.0,"d":45.0},"geometry":{"type":"Point","coordinates":[-118.1425,33.89623]}},{"type":"Feature","properties":{"n":"I9904B16","id":"000024_00048_33118H2","a":"\"Los Angeles Region, RWQCB","s":"9904     ,Chevron Station 90495","c":"SPT","op":"Resna","e":82.0,"d":55.5},"geometry":{"type":"Point","coordinates":[-118.18783,33.92051]}},{"type":"Feature","properties":{"n":"R10908B1","id":"000024_00049_33118H2","a":"\"Los Angeles Region, RWQCB","s":"10908    ,\"Chemical Technology Labs, Inc.","c":"S","op":"PT   ,\"Geraghty & Miller, Inc.","e":82.9,"d":51.5},"geometry":{"type":"Point","coordinates":[-118.22186,33.92185]}},{"type":"Feature","properties":{"n":"R10908B11","id":"000024_00050_33118H2","a":"\"Los Angeles Region, RWQCB","s":"10908    ,\"Chemical Technology Labs, Inc.","c":"S","op":"TRAT ,\"Geraghty & Miller, Inc.","e":79.7,"d":45.5},"geometry":{"type":"Point","coordinates":[-118.21968,33.92251]}},{"type":"Feature","properties":{"n":"R10908B9","id":"000024_00051_33118H2","a":"\"Los Angeles Region, RWQCB","s":"10908    ,\"Chemical Technology Labs, Inc.","c":"S","op":"PT   ,\"Geraghty & Miller, Inc.","e":82.5,"d":52.0},"geometry":{"type":"Point","coordinates":[-118.2222,33.92185]}},{"type":"Feature","properties":{"n":"R9373B2","id":"000024_00052_33118H2","a":"\"Los Angeles Region, RWQCB","s":"9373     ,Mobil Service Station No. 11 K6P","c":"STR","op":"AT ,Remedial Management Corp","e":72.3,"d":63.0},"geometry":{"type":"Point","coordinates":[-118.20729,33.90307]}},{"type":"Feature","properties":{"n":"01319101MW1","id":"000029_00000_33118G2","a":"\"Los Angeles Region, RWQCB","s":"1319101  ,Diamond U Products","c":"SPT","op":"United Pacific Environmental","e":12.0,"d":30.0},"geometry":{"type":"Point","coordinates":[-118.19761,33.78515]}},{"type":"Feature","properties":{"n":"1202B15","id":"000029_00001_33118G2","a":"\"Los Angeles Region, RWQCB","s":"202      ,Wilmington Ave Storm Drain","c":"STR","op":"AT ,Converse Cnslts.(&predecessor","e":26.6,"d":18.0},"geometry":{"type":"Point","coordinates":[-118.22983,33.84404]}},{"type":"Feature","properties":{"n":"1202B17","id":"000029_00002_33118G2","a":"\"Los Angeles Region, RWQCB","s":"202      ,Wilmington Ave Storm Drain","c":"STR","op":"AT ,Converse Cnslts.(&predecessor","e":31.6,"d":26.0},"geometry":{"type":"Point","coordinates":[-118.22721,33.84669]}},{"type":"Feature","properties":{"n":"1202B8","id":"000029_00003_33118G2","a":"\"Los Angeles Region, RWQCB","s":"202      ,Wilmington Ave Storm Drain","c":"STR","op":"AT ,Converse Cnslts.(&predecessor","e":22.5,"d":26.5},"geometry":{"type":"Point","coordinates":[-118.23739,33.83617]}},{"type":"Feature","properties":{"n":"129B9","id":"000029_00004_33118G2","a":"\"Los Angeles Region, RWQCB","s":"29       ,LA County Flood Control Project","c":"STR","op":"AT ,Dames and Moore","e":49.1,"d":15.0},"geometry":{"type":"Point","coordinates":[-118.16763,33.86193]}},{"type":"Feature","properties":{"n":"130B1","id":"000029_00005_33118G2","a":"\"Los Angeles Region, RWQCB","s":"30       ,Proposed Storm Drain Pump Statio","c":"STR","op":"AT ,Dames and Moore","e":28.2,"d":83.0},"geometry":{"type":"Point","coordinates":[-118.20224,33.83874]}},{"type":"Feature","properties":{"n":"130B2","id":"000029_00006_33118G2","a":"\"Los Angeles Region, RWQCB","s":"30       ,Proposed Storm Drain Pump Statio","c":"STR","op":"AT ,Dames and Moore","e":27.0,"d":81.0},"geometry":{"type":"Point","coordinates":[-118.2015,33.83871]}},{"type":"Feature","properties":{"n":"130TH1","id":"000029_00007_33118G2","a":"\"Los Angeles Region, RWQCB","s":"30       ,Strom Drain Pump District No. 7","c":"STR","op":"AT ,Converse Cnslts.(&predecessor","e":52.0,"d":86.0},"geometry":{"type":"Point","coordinates":[-118.20212,33.83974]}},{"type":"Feature","properties":{"n":"130TH2","id":"000029_00008_33118G2","a":"\"Los Angeles Region, RWQCB","s":"30       ,Strom Drain Pump District No. 7","c":"STR","op":"AT ,Converse Cnslts.(&predecessor","e":50.5,"d":77.0},"geometry":{"type":"Point","coordinates":[-118.20208,33.83948]}},{"type":"Feature","properties":{"n":"450A1","id":"000029_00009_33118G2","a":"\"Los Angeles Region, RWQCB","s":"50       ,\"Proposed Storm Drain, Long Beac","c":"S","op":"TRAT ,\"Twining Laboratories, Inc.","e":4.9,"d":27.0},"geometry":{"type":"Point","coordinates":[-118.13278,33.75603]}},{"type":"Feature","properties":{"n":"450A2","id":"000029_00010_33118G2","a":"\"Los Angeles Region, RWQCB","s":"50       ,\"Proposed Storm Drain, Long Beac","c":"S","op":"TRAT ,\"Twining Laboratories, Inc.","e":4.9,"d":22.0},"geometry":{"type":"Point","coordinates":[-118.13476,33.75665]}},{"type":"Feature","properties":{"n":"450A3","id":"000029_00011_33118G2","a":"\"Los Angeles Region, RWQCB","s":"50       ,\"Proposed Storm Drain, Long Beac","c":"S","op":"TRAT ,\"Twining Laboratories, Inc.","e":4.8,"d":22.0},"geometry":{"type":"Point","coordinates":[-118.13651,33.75744]}},{"type":"Feature","properties":{"n":"450A4","id":"000029_00012_33118G2","a":"\"Los Angeles Region, RWQCB","s":"50       ,\"Proposed Storm Drain, Long Beac","c":"S","op":"TRAT ,\"Twining Laboratories, Inc.","e":4.9,"d":22.0},"geometry":{"type":"Point","coordinates":[-118.13804,33.75808]}},{"type":"Feature","properties":{"n":"450A5","id":"000029_00013_33118G2","a":"\"Los Angeles Region, RWQCB","s":"50       ,\"Proposed Storm Drain, Long Beac","c":"S","op":"TRAT ,\"Twining Laboratories, Inc.","e":5.1,"d":20.0},"geometry":{"type":"Point","coordinates":[-118.1398,33.75888]}},{"type":"Feature","properties":{"n":"450A6","id":"000029_00014_33118G2","a":"\"Los Angeles Region, RWQCB","s":"50       ,\"Proposed Storm Drain, Long Beac","c":"S","op":"TRAT ,\"Twining Laboratories, Inc.","e":5.3,"d":18.0},"geometry":{"type":"Point","coordinates":[-118.14159,33.75957]}},{"type":"Feature","properties":{"n":"450A8","id":"000029_00015_33118G2","a":"\"Los Angeles Region, RWQCB","s":"50       ,\"Proposed Storm Drain, Long Beac","c":"S","op":"TRAT ,\"Twining Laboratories, Inc.","e":7.0,"d":16.0},"geometry":{"type":"Point","coordinates":[-118.14381,33.7585]}},{"type":"Feature","properties":{"n":"450A9","id":"000029_00016_33118G2","a":"\"Los Angeles Region, RWQCB","s":"50       ,\"Proposed Storm Drain, Long Beac","c":"S","op":"TRAT ,\"Twining Laboratories, Inc.","e":8.3,"d":15.0},"geometry":{"type":"Point","coordinates":[-118.14544,33.7589]}},{"type":"Feature","properties":{"n":"450B1","id":"000029_00017_33118G2","a":"\"Los Angeles Region, RWQCB","s":"50       ,\"Proposed Storm Drain, Long Beac","c":"S","op":"TRAT ,\"Twining Laboratories, Inc.","e":6.1,"d":25.0},"geometry":{"type":"Point","coordinates":[-118.13062,33.75328]}},{"type":"Feature","properties":{"n":"450B3","id":"000029_00018_33118G2","a":"\"Los Angeles Region, RWQCB","s":"50       ,\"Proposed Storm Drain, Long Beac","c":"S","op":"TRAT ,\"Twining Laboratories, Inc.","e":6.7,"d":24.0},"geometry":{"type":"Point","coordinates":[-118.12779,33.75148]}},{"type":"Feature","properties":{"n":"450B4","id":"000029_00019_33118G2","a":"\"Los Angeles Region, RWQCB","s":"50       ,\"Proposed Storm Drain, Long Beac","c":"S","op":"TRAT ,\"Twining Laboratories, Inc.","e":5.7,"d":21.0},"geometry":{"type":"Point","coordinates":[-118.12622,33.75073]}},{"type":"Feature","properties":{"n":"450B5","id":"000029_00020_33118F1","a":"\"Los Angeles Region, RWQCB","s":"50       ,\"Proposed Storm Drain, Long Beac","c":"S","op":"TRAT ,\"Twining Laboratories, Inc.","e":4.4},"geometry":{"type":"Point","coordinates":[-118.12455,33.74989]}},{"type":"Feature","properties":{"n":"450B6","id":"000029_00021_33118F1","a":"\"Los Angeles Region, RWQCB","s":"50       ,\"Proposed Storm Drain, Long Beac","c":"S","op":"TRAT ,\"Twining Laboratories, Inc.","e":5.2,"d":20.0},"geometry":{"type":"Point","coordinates":[-118.12279,33.74902]}},{"type":"Feature","properties":{"n":"450B7","id":"000029_00022_33118F1","a":"\"Los Angeles Region, RWQCB","s":"50       ,\"Proposed Storm Drain, Long Beac","c":"S","op":"TRAT ,\"Twining Laboratories, Inc.","e":5.0,"d":18.0},"geometry":{"type":"Point","coordinates":[-118.12106,33.7481]}},{"type":"Feature","properties":{"n":"450B8","id":"000029_00023_33118F1","a":"\"Los Angeles Region, RWQCB","s":"50       ,\"Proposed Storm Drain, Long Beac","c":"S","op":"TRAT ,\"Twining Laboratories, Inc.","e":3.7,"d":16.0},"geometry":{"type":"Point","coordinates":[-118.11959,33.74831]}},{"type":"Feature","properties":{"n":"450D1","id":"000029_00024_33118F1","a":"\"Los Angeles Region, RWQCB","s":"50       ,\"Proposed Storm Drain, Long Beac","c":"S","op":"TRAT ,\"Twining Laboratories, Inc.","e":3.6,"d":14.0},"geometry":{"type":"Point","coordinates":[-118.1212,33.74954]}},{"type":"Feature","properties":{"n":"4.50E+03","id":"000029_00025_33118G2","a":"\"Los Angeles Region, RWQCB","s":"50       ,\"Proposed Storm Drain, Long Beac","c":"S","op":"TRAT ,\"Twining Laboratories, Inc.","e":4.4,"d":17.0},"geometry":{"type":"Point","coordinates":[-118.13986,33.76011]}},{"type":"Feature","properties":{"n":"450F1","id":"000029_00026_33118G2","a":"\"Los Angeles Region, RWQCB","s":"50       ,\"Proposed Storm Drain, Long Beac","c":"S","op":"TRAT ,\"Twining Laboratories, Inc.","e":5.1,"d":21.0},"geometry":{"type":"Point","coordinates":[-118.13043,33.75632]}},{"type":"Feature","properties":{"n":"450G1","id":"000029_00027_33118G2","a":"\"Los Angeles Region, RWQCB","s":"50       ,\"Proposed Storm Drain, Long Beac","c":"S","op":"TRAT ,\"Twining Laboratories, Inc.","e":10.1,"d":10.0},"geometry":{"type":"Point","coordinates":[-118.14984,33.76008]}},{"type":"Feature","properties":{"n":"450H1","id":"000029_00028_33118G1","a":"\"Los Angeles Region, RWQCB","s":"50       ,\"Proposed Storm Drain, Long Beac","c":"S","op":"TRAT ,\"Twining Laboratories, Inc.","e":3.9},"geometry":{"type":"Point","coordinates":[-118.12378,33.75042]}},{"type":"Feature","properties":{"n":"450P1","id":"000029_00029_33118G2","a":"\"Los Angeles Region, RWQCB","s":"50       ,\"Proposed Storm Drain, Long Beac","c":"S","op":"TRAT ,\"Twining Laboratories, Inc.","e":4.4,"d":80.0},"geometry":{"type":"Point","coordinates":[-118.13119,33.75506]}},{"type":"Feature","properties":{"n":"450P2","id":"000029_00030_33118G2","a":"\"Los Angeles Region, RWQCB","s":"50       ,\"Proposed Storm Drain, Long Beac","c":"S","op":"TRAT ,\"Twining Laboratories, Inc.","e":3.4,"d":80.0},"geometry":{"type":"Point","coordinates":[-118.13109,33.7553]}},{"type":"Feature","properties":{"n":"451TH1","id":"000029_00031_33118G2","a":"\"Los Angeles Region, RWQCB","s":"51       ,Proposed Pump Station and Discha","c":"STR","op":"AT ,\"Twining Laboratories, Inc.","e":8.0,"d":80.0},"geometry":{"type":"Point","coordinates":[-118.2097,33.7795]}},{"type":"Feature","properties":{"n":"451TH2","id":"000029_00032_33118G2","a":"\"Los Angeles Region, RWQCB","s":"51       ,Proposed Pump Station and Discha","c":"STR","op":"AT ,\"Twining Laboratories, Inc.","e":5.0,"d":80.0},"geometry":{"type":"Point","coordinates":[-118.20973,33.77973]}},{"type":"Feature","properties":{"n":"451TH3","id":"000029_00033_33118G2","a":"\"Los Angeles Region, RWQCB","s":"51       ,Proposed Pump Station and Discha","c":"STR","op":"AT ,\"Twining Laboratories, Inc.","e":7.6,"d":23.0},"geometry":{"type":"Point","coordinates":[-118.20962,33.7777]}},{"type":"Feature","properties":{"n":"452C1","id":"000029_00034_33118G2","a":"\"Los Angeles Region, RWQCB","s":"52       ,SD 452","c":"STR","op":"AT ,\"Twining Laboratories, Inc.","e":5.5,"d":20.0},"geometry":{"type":"Point","coordinates":[-118.13589,33.77296]}},{"type":"Feature","properties":{"n":"907100043MW2","id":"000029_00035_33118G2","a":"\"Los Angeles Region, RWQCB","s":"07100043 ,Mobil Production Facility","c":"SPT","op":"Alton Geoscience","e":5.0,"d":20.0},"geometry":{"type":"Point","coordinates":[-118.23879,33.77356]}},{"type":"Feature","properties":{"n":"907310270MW4","id":"000029_00036_33118G2","a":"\"Los Angeles Region, RWQCB","s":"07310270 ,Matson Terminal","c":"SPT","op":"\"Hart Crowser, Inc.","e":4.0,"d":26.0},"geometry":{"type":"Point","coordinates":[-118.24848,33.76036]}},{"type":"Feature","properties":{"n":"907440152C2","id":"000029_00037_33118G2","a":"\"Los Angeles Region, RWQCB","s":"07440152 ,Champlin Petroleum Company","c":"SPT","op":"Georesearch","e":5.0,"d":15.0},"geometry":{"type":"Point","coordinates":[-118.23733,33.77677]}},{"type":"Feature","properties":{"n":"908020025MT5","id":"000029_00038_33118G2","a":"\"Los Angeles Region, RWQCB","s":"08020025 ,Marine Terminals","c":"SPT","op":"Georesearch","e":12.0,"d":20.0},"geometry":{"type":"Point","coordinates":[-118.20293,33.75539]}},{"type":"Feature","properties":{"n":"908020116","id":"000029_00039_33118G2","a":"\"Los Angeles Region, RWQCB","s":"08020116 ,Unocal Station No. 5697","c":"SPT","op":"Resna","e":51.0,"d":35.0},"geometry":{"type":"Point","coordinates":[-118.15089,33.85989]}},{"type":"Feature","properties":{"n":"908020125B1","id":"000029_00040_33118G2","a":"\"Los Angeles Region, RWQCB","s":"08020125 ,Catalina Cruises","c":"STR","op":"AT ,\"Santina & Thompson, Inc.","e":10.0,"d":15.0},"geometry":{"type":"Point","coordinates":[-118.20011,33.76404]}},{"type":"Feature","properties":{"n":"908020170B1","id":"000029_00041_33118G2","a":"\"Los Angeles Region, RWQCB","s":"08020170 ,Thums Long Beach Co.","c":"STR","op":"AT ,Burlington Environmental Inc.","e":14.0,"d":13.0},"geometry":{"type":"Point","coordinates":[-118.2028,33.74542]}},{"type":"Feature","properties":{"n":"908030043B7","id":"000029_00042_33118G2","a":"\"Los Angeles Region, RWQCB","s":"08030043 ,ARCO Station 1603","c":"SPT","op":"Emcon Associates","e":17.0,"d":30.5},"geometry":{"type":"Point","coordinates":[-118.14514,33.76]}},{"type":"Feature","properties":{"n":"908040125AGW1","id":"000029_00043_33118G2","a":"\"Los Angeles Region, RWQCB","s":"08040125 ,Texaco Station","c":"SPT","op":"Georesearch","e":17.0,"d":48.0},"geometry":{"type":"Point","coordinates":[-118.13819,33.7878]}},{"type":"Feature","properties":{"n":"908050025","id":"000029_00044_33118G2","a":"\"Los Angeles Region, RWQCB","s":"08050025 ,South Coast Shingles","c":"STR","op":"AT ,Unknown","e":51.0,"d":45.0},"geometry":{"type":"Point","coordinates":[-118.16407,33.85913]}},{"type":"Feature","properties":{"n":"908050243","id":"000029_00045_33118G2","a":"\"Los Angeles Region, RWQCB","s":"08050243 ,Irving Shapiro","c":"STR","op":"AT ,Environ. Geotechnology Lab.","e":52.0,"d":45.0},"geometry":{"type":"Point","coordinates":[-118.16397,33.86684]}},{"type":"Feature","properties":{"n":"908050289","id":"000029_00046_33118G2","a":"\"Los Angeles Region, RWQCB","s":"08050289 ,Chevron 3847","c":"SPT","op":"Torrance Groundwater Tech. In","e":61.0,"d":40.0},"geometry":{"type":"Point","coordinates":[-118.15849,33.87482]}},{"type":"Feature","properties":{"n":"908050298B1","id":"000029_00047_33118G2","a":"\"Los Angeles Region, RWQCB","s":"08050298 ,Dewey Pest Control","c":"SPT","op":"EXCEL Envir. & General Engine","e":54.0,"d":25.0},"geometry":{"type":"Point","coordinates":[-118.16921,33.87497]}},{"type":"Feature","properties":{"n":"908050307","id":"000029_00048_33118G2","a":"\"Los Angeles Region, RWQCB","s":"08050307 ,\"Prather Engineering, INC.","c":"S","op":"PT   ,Gregg","e":53.0,"d":40.0},"geometry":{"type":"Point","coordinates":[-118.15178,33.8634]}},{"type":"Feature","properties":{"n":"908050334B7","id":"000029_00049_33118G2","a":"\"Los Angeles Region, RWQCB","s":"08050334 ,South Street Junior Market","c":"SPT","op":"\"Unitech Engineering, Inc.","e":47.0,"d":41.5},"geometry":{"type":"Point","coordinates":[-118.18569,33.85984]}},{"type":"Feature","properties":{"n":"908050352","id":"000029_00050_33118G2","a":"\"Los Angeles Region, RWQCB","s":"08050352 ,\"Lee's Auto, Mitchell Property","c":"S","op":"PT   ,\"Bing Yen & Associates, Inc","e":52.0,"d":64.0},"geometry":{"type":"Point","coordinates":[-118.15932,33.86071]}},{"type":"Feature","properties":{"n":"908050525B1","id":"000029_00051_33118G2","a":"\"Los Angeles Region, RWQCB","s":"08050525 ,\"Tank, Long Beach","c":"S","op":"PT   ,\"Targhee, Inc. Envir. Consu","e":52.0,"d":31.0},"geometry":{"type":"Point","coordinates":[-118.15403,33.86321]}},{"type":"Feature","properties":{"n":"908060089SH1","id":"000029_00052_33118G2","a":"\"Los Angeles Region, RWQCB","s":"08060089 ,Patel Property","c":"SPT","op":"Ensotech Inc","e":9.0,"d":27.0},"geometry":{"type":"Point","coordinates":[-118.20006,33.7903]}},{"type":"Feature","properties":{"n":"908060152MW9","id":"000029_00053_33118G2","a":"\"Los Angeles Region, RWQCB","s":"08060152 ,Mobil Station 11 MOQ","c":"SPT","op":"Alton Geoscience","e":12.0,"d":31.5},"geometry":{"type":"Point","coordinates":[-118.19249,33.7902]}},{"type":"Feature","properties":{"n":"908061107","id":"000029_00054_33118G2","a":"\"Los Angeles Region, RWQCB","s":"08061107 ,Bechler Corp","c":"STR","op":"AT ,United Environmental Tech.","e":17.5,"d":15.0},"geometry":{"type":"Point","coordinates":[-118.19248,33.80412]}},{"type":"Feature","properties":{"n":"908100125MW2","id":"000029_00055_33118G2","a":"\"Los Angeles Region, RWQCB","s":"08100125 ,\"Yellow Freight Systems, Inc","c":"S","op":"PT   ,IT Corporation","e":28.1,"d":60.0},"geometry":{"type":"Point","coordinates":[-118.22499,33.83894]}},{"type":"Feature","properties":{"n":"908130098RT2","id":"000029_00056_33118G2","a":"\"Los Angeles Region, RWQCB","s":"08130098 ,Russell truck Company","c":"SPT","op":"Georesearch","e":34.0,"d":15.0},"geometry":{"type":"Point","coordinates":[-118.17287,33.78057]}},{"type":"Feature","properties":{"n":"908130107MW3","id":"000029_00057_33118G2","a":"\"Los Angeles Region, RWQCB","s":"08130107 ,Advance Elevator Inc.","c":"STR","op":"AT ,Intnl. Air Management Enginee","e":6.0,"d":25.0},"geometry":{"type":"Point","coordinates":[-118.21479,33.78528]}},{"type":"Feature","properties":{"n":"908130143B1","id":"000029_00058_33118G2","a":"\"Los Angeles Region, RWQCB","s":"08130143 ,National Plant Services","c":"STR","op":"AT ,\"Santa Fe Soils, Inc.","e":6.0,"d":35.0},"geometry":{"type":"Point","coordinates":[-118.20934,33.78718]}},{"type":"Feature","properties":{"n":"908130207GMW1","id":"000029_00059_33118G2","a":"\"Los Angeles Region, RWQCB","s":"08130207 ,Dion and Sons","c":"SPT","op":"\"Aqua Science Engineers, Inc.","e":7.0,"d":35.0},"geometry":{"type":"Point","coordinates":[-118.21277,33.78749]}},{"type":"Feature","properties":{"n":"908130216","id":"000029_00060_33118G2","a":"\"Los Angeles Region, RWQCB","s":"08130216 ,proposed monitor well location","c":"STR","op":"AT ,Maness Environ. Services Inc","e":8.0,"d":25.0},"geometry":{"type":"Point","coordinates":[-118.20196,33.78414]}},{"type":"Feature","properties":{"n":"908130243B4","id":"000029_00061_33118G2","a":"\"Los Angeles Region, RWQCB","s":"08130243 ,\"Daisy Ave, Long Beach","c":"S","op":"TRAT ,\"Targhee, Inc. Envir. Consu","e":9.0,"d":15.0},"geometry":{"type":"Point","coordinates":[-118.19881,33.78586]}},{"type":"Feature","properties":{"n":"908130307","id":"000029_00062_33118G2","a":"\"Los Angeles Region, RWQCB","s":"08130307 ,Long Beach Iron Works","c":"SPT","op":"Unknown","e":29.0,"d":25.0},"geometry":{"type":"Point","coordinates":[-118.1664,33.78239]}},{"type":"Feature","properties":{"n":"908130416B2","id":"000029_00063_33118G2","a":"\"Los Angeles Region, RWQCB","s":"08130416 ,Brannen Pipe and Supply","c":"SPT","op":"\"Geological Audit Services, I","e":6.0,"d":30.0},"geometry":{"type":"Point","coordinates":[-118.20941,33.78743]}},{"type":"Feature","properties":{"n":"906380016B3","id":"000030_00000_33118H1","a":"\"Los Angeles Region, RWQCB","s":"06380016 ,Leeder Chemicals Inc.","c":"SPT","op":"Levine and Fricke","e":64.0,"d":19.5},"geometry":{"type":"Point","coordinates":[-118.01158,33.87761]}},{"type":"Feature","properties":{"n":"906380016B4","id":"000030_00001_33118H1","a":"\"Los Angeles Region, RWQCB","s":"06380016 ,Leeder Chemicals Inc.","c":"SPT","op":"Levine and Fricke","e":64.0,"d":18.0},"geometry":{"type":"Point","coordinates":[-118.01158,33.87738]}},{"type":"Feature","properties":{"n":"906380016B9","id":"000030_00002_33118H1","a":"\"Los Angeles Region, RWQCB","s":"06380016 ,Leeder Chemicals Inc.","c":"STR","op":"AT ,Levine and Fricke","e":64.0,"d":80.0},"geometry":{"type":"Point","coordinates":[-118.01158,33.87748]}},{"type":"Feature","properties":{"n":"906700198B3","id":"000030_00006_33118H1","a":"\"Los Angeles Region, RWQCB","s":"06700198 ,Carde Pacific Corporation","c":"SPT","op":"\"Kleinfelder, Inc.","e":69.0,"d":27.0},"geometry":{"type":"Point","coordinates":[-118.03932,33.88826]}},{"type":"Feature","properties":{"n":"I10495BA","id":"000030_00007_33118H1","a":"\"Los Angeles Region, RWQCB","s":"10495    ,ARCO Service Station No. 5203","c":"SPT","op":"Groundwater Technology","e":83.0,"d":48.0},"geometry":{"type":"Point","coordinates":[-118.0459,33.90218]}},{"type":"Feature","properties":{"n":"I1111B10","id":"000030_00008_33118H1","a":"\"Los Angeles Region, RWQCB","s":"1111     ,Ford's Former Predelivery Servic","c":"SPT","op":"\"Geraghty & Miller, Inc.","e":75.0,"d":96.5},"geometry":{"type":"Point","coordinates":[-118.00859,33.8828]}},{"type":"Feature","properties":{"n":"I1111B9","id":"000030_00009_33118H1","a":"\"Los Angeles Region, RWQCB","s":"1111     ,Ford's Former Predelivery Servic","c":"SPT","op":"\"Geraghty & Miller, Inc.","e":90.0,"d":102.0},"geometry":{"type":"Point","coordinates":[-118.00793,33.88398]}},{"type":"Feature","properties":{"n":"I5073B26","id":"000030_00014_33118H1","a":"\"Los Angeles Region, RWQCB","s":"5073     ,ARCO Facility No. 0196","c":"SPT","op":"Delta Environmental Cnsltnts.","e":65.0,"d":50.0},"geometry":{"type":"Point","coordinates":[-118.02867,33.88776]}},{"type":"Feature","properties":{"n":"R04437B2","id":"000030_00017_33118H1","a":"\"Los Angeles Region, RWQCB","s":"04437    ,Biola University","c":"SPT","op":"Alton Geoscience","e":113.0,"d":55.0},"geometry":{"type":"Point","coordinates":[-118.01319,33.90424]}},{"type":"Feature","properties":{"n":"R22084B2","id":"000030_00019_33118H1","a":"\"Los Angeles Region, RWQCB","s":"22084    ,Valley Federal Savings","c":"SPT","op":"\"Meredith/Boli & Associates,","e":118.2,"d":72.0},"geometry":{"type":"Point","coordinates":[-118.0282,33.91681]}},{"type":"Feature","properties":{"n":"R23582B2","id":"000030_00020_33118H1","a":"\"Los Angeles Region, RWQCB","s":"23582    ,Hollings EAD/Galleher","c":"SPT","op":"Kinworthy/Patton","e":70.0,"d":59.0},"geometry":{"type":"Point","coordinates":[-118.03771,33.89531]}},{"type":"Feature","properties":{"n":"(unnamed)","id":"CDT1","a":"CA Dept of Transportation","c":"SPT","e":12.0,"d":80.0},"geometry":{"type":"Point","coordinates":[-118.09148,33.78516]}},{"type":"Feature","properties":{"n":"(unnamed)","id":"CDT10","a":"CA Dept of Transportation","c":"SPT","e":7.6,"d":85.0},"geometry":{"type":"Point","coordinates":[-118.0904,33.77993]}},{"type":"Feature","properties":{"n":"55-291-B1","id":"CDT100","a":"CA Dept of Transportation","c":"SPT","e":155.0,"d":65.0},"geometry":{"type":"Point","coordinates":[-117.92336,33.85409]}},{"type":"Feature","properties":{"n":"55-375-B2","id":"CDT101","a":"CA Dept of Transportation","c":"SPT","e":89.4,"d":71.0},"geometry":{"type":"Point","coordinates":[-117.9212,33.76713]}},{"type":"Feature","properties":{"n":"55-376-B1","id":"CDT103","a":"CA Dept of Transportation","c":"SPT","e":90.6,"d":71.0},"geometry":{"type":"Point","coordinates":[-117.91956,33.7677]}},{"type":"Feature","properties":{"n":"55-278-B2","id":"CDT104","a":"CA Dept of Transportation","c":"SPT","e":159.7,"d":60.0},"geometry":{"type":"Point","coordinates":[-117.91891,33.85386]}},{"type":"Feature","properties":{"n":"55-169-B2","id":"CDT106","a":"CA Dept of Transportation","c":"STRA","op":"T ,","e":143.1,"d":55.0},"geometry":{"type":"Point","coordinates":[-117.91757,33.8183]}},{"type":"Feature","properties":{"n":"55-170-B2","id":"CDT107","a":"CA Dept of Transportation","c":"STRA","op":"T ,","e":144.9,"d":51.0},"geometry":{"type":"Point","coordinates":[-117.91455,33.8153]}},{"type":"Feature","properties":{"n":"55-411-B1","id":"CDT108","a":"CA Dept of Transportation","c":"SPT","e":102.0,"d":74.0},"geometry":{"type":"Point","coordinates":[-117.9132,33.77012]}},{"type":"Feature","properties":{"n":"55-216-B5","id":"CDT109","a":"CA Dept of Transportation","c":"SPT","e":167.1,"d":75.0},"geometry":{"type":"Point","coordinates":[-117.91034,33.85357]}},{"type":"Feature","properties":{"n":"(unnamed)","id":"CDT11","a":"CA Dept of Transportation","c":"SPT","e":11.7,"d":76.0},"geometry":{"type":"Point","coordinates":[-118.08966,33.7864]}},{"type":"Feature","properties":{"n":"55-131-B6","id":"CDT111","a":"CA Dept of Transportation","c":"SPT","e":141.9,"d":75.0},"geometry":{"type":"Point","coordinates":[-117.90516,33.80636]}},{"type":"Feature","properties":{"n":"55-245-B4","id":"CDT112","a":"CA Dept of Transportation","c":"SPT","e":171.2,"d":60.0},"geometry":{"type":"Point","coordinates":[-117.9059,33.85362]}},{"type":"Feature","properties":{"n":"(unnamed)","id":"CDT113","a":"CA Dept of Transportation","c":"SPT","e":111.0,"d":80.0},"geometry":{"type":"Point","coordinates":[-117.9039,33.77465]}},{"type":"Feature","properties":{"n":"55-341-B1","id":"CDT116","a":"CA Dept of Transportation","c":"SPT","e":118.3,"d":72.0},"geometry":{"type":"Point","coordinates":[-117.89575,33.77845]}},{"type":"Feature","properties":{"n":"55-218-B2","id":"CDT117","a":"CA Dept of Transportation","c":"STRA","op":"T ,","e":179.4,"d":46.0},"geometry":{"type":"Point","coordinates":[-117.89718,33.85374]}},{"type":"Feature","properties":{"n":"(unnamed)","id":"CDT118","a":"CA Dept of Transportation","c":"STRA","op":"T ,","e":179.6,"d":44.0},"geometry":{"type":"Point","coordinates":[-117.89718,33.85381]}},{"type":"Feature","properties":{"n":"(unnamed)","id":"CDT119","a":"CA Dept of Transportation","c":"SPT","e":119.0,"d":67.0},"geometry":{"type":"Point","coordinates":[-117.89575,33.77847]}},{"type":"Feature","properties":{"n":"(unnamed)","id":"CDT12","a":"CA Dept of Transportation","c":"SPT","e":14.2,"d":95.0},"geometry":{"type":"Point","coordinates":[-118.08314,33.73043]}},{"type":"Feature","properties":{"n":"55-592-B5","id":"CDT121","a":"CA Dept of Transportation","c":"SPT","e":136.5,"d":66.0},"geometry":{"type":"Point","coordinates":[-117.88981,33.79089]}},{"type":"Feature","properties":{"n":"(unnamed)","id":"CDT122","a":"CA Dept of Transportation","c":"SPT","e":137.9,"d":81.0},"geometry":{"type":"Point","coordinates":[-117.88963,33.79213]}},{"type":"Feature","properties":{"n":"55-187-B9","id":"CDT127","a":"CA Dept of Transportation","c":"SPT","e":132.5,"d":96.0},"geometry":{"type":"Point","coordinates":[-117.88874,33.79063]}},{"type":"Feature","properties":{"n":"55-340-B8","id":"CDT129","a":"CA Dept of Transportation","c":"SPT","e":110.1,"d":61.0},"geometry":{"type":"Point","coordinates":[-117.88836,33.77916]}},{"type":"Feature","properties":{"n":"(unnamed)","id":"CDT13","a":"CA Dept of Transportation","c":"SPT","e":19.3,"d":75.0},"geometry":{"type":"Point","coordinates":[-118.08084,33.80308]}},{"type":"Feature","properties":{"n":"(unnamed)","id":"CDT130","a":"CA Dept of Transportation","c":"SPT","e":112.8,"d":55.0},"geometry":{"type":"Point","coordinates":[-117.888,33.77927]}},{"type":"Feature","properties":{"n":"55-217-B1","id":"CDT135","a":"CA Dept of Transportation","c":"STRA","op":"T ,","e":188.6,"d":48.0},"geometry":{"type":"Point","coordinates":[-117.88845,33.854]}},{"type":"Feature","properties":{"n":"55-342-B3","id":"CDT138","a":"CA Dept of Transportation","c":"SPT","e":112.3,"d":75.0},"geometry":{"type":"Point","coordinates":[-117.88556,33.77914]}},{"type":"Feature","properties":{"n":"(unnamed)","id":"CDT139","a":"CA Dept of Transportation","c":"SPT","e":0.0,"d":65.0},"geometry":{"type":"Point","coordinates":[-117.88503,33.75167]}},{"type":"Feature","properties":{"n":"(unnamed)","id":"CDT14","a":"CA Dept of Transportation","c":"SPT","e":26.9,"d":74.0},"geometry":{"type":"Point","coordinates":[-118.08052,33.80619]}},{"type":"Feature","properties":{"n":"55-188-B1","id":"CDT140","a":"CA Dept of Transportation","c":"SPT","e":136.1,"d":69.0},"geometry":{"type":"Point","coordinates":[-117.88541,33.78848]}},{"type":"Feature","properties":{"n":"(unnamed)","id":"CDT142","a":"CA Dept of Transportation","c":"SPT","e":135.8,"d":65.0},"geometry":{"type":"Point","coordinates":[-117.88507,33.78822]}},{"type":"Feature","properties":{"n":"55-133-B1","id":"CDT143","a":"CA Dept of Transportation","c":"STRA","op":"T ,","e":134.1,"d":58.0},"geometry":{"type":"Point","coordinates":[-117.88374,33.78713]}},{"type":"Feature","properties":{"n":"(unnamed)","id":"CDT144","a":"CA Dept of Transportation","c":"SPT","e":124.5,"d":64.0},"geometry":{"type":"Point","coordinates":[-117.8829,33.7517]}},{"type":"Feature","properties":{"n":"55-343-B2","id":"CDT145","a":"CA Dept of Transportation","c":"SPT","e":123.5,"d":75.0},"geometry":{"type":"Point","coordinates":[-117.88342,33.7789]}},{"type":"Feature","properties":{"n":"55-297-B3","id":"CDT146","a":"CA Dept of Transportation","c":"SPT","e":199.4,"d":40.0},"geometry":{"type":"Point","coordinates":[-117.88399,33.8535]}},{"type":"Feature","properties":{"n":"55-56-B2","id":"CDT147","a":"CA Dept of Transportation","c":"SPT","e":142.2,"d":85.0},"geometry":{"type":"Point","coordinates":[-117.88202,33.78412]}},{"type":"Feature","properties":{"n":"(unnamed)","id":"CDT148","a":"CA Dept of Transportation","c":"STRA","op":"T ,","e":140.8,"d":47.0},"geometry":{"type":"Point","coordinates":[-117.88169,33.78386]}},{"type":"Feature","properties":{"n":"55-355-B2","id":"CDT149","a":"CA Dept of Transportation","c":"SPT","e":129.4,"d":52.0},"geometry":{"type":"Point","coordinates":[-117.88035,33.78251]}},{"type":"Feature","properties":{"n":"(unnamed)","id":"CDT15","a":"CA Dept of Transportation","c":"SPT","e":15.0,"d":85.0},"geometry":{"type":"Point","coordinates":[-118.07418,33.77434]}},{"type":"Feature","properties":{"n":"(unnamed)","id":"CDT151","a":"CA Dept of Transportation","c":"SPT","e":339.4,"d":55.0},"geometry":{"type":"Point","coordinates":[-117.88269,33.91072]}},{"type":"Feature","properties":{"n":"55-171-B6","id":"CDT152","a":"CA Dept of Transportation","c":"SPT","e":139.0,"d":86.0},"geometry":{"type":"Point","coordinates":[-117.87906,33.78784]}},{"type":"Feature","properties":{"n":"55-401-B2","id":"CDT153","a":"CA Dept of Transportation","c":"SPT","e":158.0,"d":70.0},"geometry":{"type":"Point","coordinates":[-117.87933,33.80605]}},{"type":"Feature","properties":{"n":"(unnamed)","id":"CDT154","a":"CA Dept of Transportation","c":"SPT","e":288.8,"d":55.0},"geometry":{"type":"Point","coordinates":[-117.88101,33.90709]}},{"type":"Feature","properties":{"n":"55-399-B6","id":"CDT155","a":"CA Dept of Transportation","c":"SPT","e":155.2,"d":76.0},"geometry":{"type":"Point","coordinates":[-117.87871,33.80292]}},{"type":"Feature","properties":{"n":"55-354-B1","id":"CDT157","a":"CA Dept of Transportation","c":"SPT","e":130.4,"d":75.0},"geometry":{"type":"Point","coordinates":[-117.87814,33.77869]}},{"type":"Feature","properties":{"n":"(unnamed)","id":"CDT158","a":"CA Dept of Transportation","c":"SPT","e":268.0,"d":29.0},"geometry":{"type":"Point","coordinates":[-117.88005,33.89661]}},{"type":"Feature","properties":{"n":"(unnamed)","id":"CDT159","a":"CA Dept of Transportation","c":"SPT","e":367.4,"d":54.0},"geometry":{"type":"Point","coordinates":[-117.88007,33.90352]}},{"type":"Feature","properties":{"n":"(unnamed)","id":"CDT16","a":"CA Dept of Transportation","c":"STRA","op":"T ,","e":32.6,"d":55.0},"geometry":{"type":"Point","coordinates":[-118.06171,33.83153]}},{"type":"Feature","properties":{"n":"(unnamed)","id":"CDT160","a":"CA Dept of Transportation","c":"SPT","e":224.1,"d":51.0},"geometry":{"type":"Point","coordinates":[-117.87951,33.87414]}},{"type":"Feature","properties":{"n":"55-350-B1","id":"CDT161","a":"CA Dept of Transportation","c":"SPT","e":128.9,"d":56.0},"geometry":{"type":"Point","coordinates":[-117.87769,33.78191]}},{"type":"Feature","properties":{"n":"(unnamed)","id":"CDT162","a":"CA Dept of Transportation","c":"SPT","e":269.8,"d":61.0},"geometry":{"type":"Point","coordinates":[-117.87969,33.88901]}},{"type":"Feature","properties":{"n":"(unnamed)","id":"CDT163","a":"CA Dept of Transportation","c":"SPT","e":234.4,"d":57.0},"geometry":{"type":"Point","coordinates":[-117.87947,33.87808]}},{"type":"Feature","properties":{"n":"(unnamed)","id":"CDT164","a":"CA Dept of Transportation","c":"SPT","e":358.7,"d":41.0},"geometry":{"type":"Point","coordinates":[-117.87864,33.84374]}},{"type":"Feature","properties":{"n":"(unnamed)","id":"CDT165","a":"CA Dept of Transportation","c":"SPT","e":214.4,"d":41.0},"geometry":{"type":"Point","coordinates":[-117.87911,33.87044]}},{"type":"Feature","properties":{"n":"55-425-B1","id":"CDT166","a":"CA Dept of Transportation","c":"SPT","e":197.2,"d":51.0},"geometry":{"type":"Point","coordinates":[-117.8785,33.8511]}},{"type":"Feature","properties":{"n":"55-183-B2","id":"CDT167","a":"CA Dept of Transportation","c":"STRA","op":"T ,","e":130.3,"d":72.0},"geometry":{"type":"Point","coordinates":[-117.87702,33.78036]}},{"type":"Feature","properties":{"n":"55-337-B1","id":"CDT168","a":"CA Dept of Transportation","c":"SPT","e":168.8,"d":80.0},"geometry":{"type":"Point","coordinates":[-117.87731,33.81204]}},{"type":"Feature","properties":{"n":"(unnamed)","id":"CDT169","a":"CA Dept of Transportation","c":"SPT","e":168.4,"d":90.0},"geometry":{"type":"Point","coordinates":[-117.87731,33.81204]}},{"type":"Feature","properties":{"n":"(unnamed)","id":"CDT17","a":"CA Dept of Transportation","c":"SPT","e":21.3,"d":76.0},"geometry":{"type":"Point","coordinates":[-118.0408,33.77454]}},{"type":"Feature","properties":{"n":"55-481-B1","id":"CDT170","a":"CA Dept of Transportation","c":"SPT","e":145.1,"d":47.0},"geometry":{"type":"Point","coordinates":[-117.87696,33.79574]}},{"type":"Feature","properties":{"n":"(unnamed)","id":"CDT171","a":"CA Dept of Transportation","c":"SPT","e":370.7,"d":46.0},"geometry":{"type":"Point","coordinates":[-117.8793,33.92133]}},{"type":"Feature","properties":{"n":"(unnamed)","id":"CDT172","a":"CA Dept of Transportation","c":"SPT","e":210.9,"d":31.0},"geometry":{"type":"Point","coordinates":[-117.87823,33.8675]}},{"type":"Feature","properties":{"n":"55-400-B2","id":"CDT173","a":"CA Dept of Transportation","c":"SPT","e":135.2,"d":50.0},"geometry":{"type":"Point","coordinates":[-117.87691,33.7993]}},{"type":"Feature","properties":{"n":"(unnamed)","id":"CDT174","a":"CA Dept of Transportation","c":"SPT","e":424.4,"d":46.0},"geometry":{"type":"Point","coordinates":[-117.87926,33.92525]}},{"type":"Feature","properties":{"n":"(unnamed)","id":"CDT175","a":"CA Dept of Transportation","c":"SPT","e":134.4,"d":66.0},"geometry":{"type":"Point","coordinates":[-117.87628,33.78036]}},{"type":"Feature","properties":{"n":"(unnamed)","id":"CDT176","a":"CA Dept of Transportation","c":"SPT","e":207.7,"d":36.0},"geometry":{"type":"Point","coordinates":[-117.87783,33.86619]}},{"type":"Feature","properties":{"n":"(unnamed)","id":"CDT177","a":"CA Dept of Transportation","c":"SPT","e":200.6,"d":41.0},"geometry":{"type":"Point","coordinates":[-117.87734,33.86454]}},{"type":"Feature","properties":{"n":"(unnamed)","id":"CDT178","a":"CA Dept of Transportation","c":"SPT","e":130.4,"d":76.0},"geometry":{"type":"Point","coordinates":[-117.87563,33.77652]}},{"type":"Feature","properties":{"n":"(unnamed)","id":"CDT18","a":"CA Dept of Transportation","c":"SPT","e":47.1,"d":66.0},"geometry":{"type":"Point","coordinates":[-118.04095,33.8618]}},{"type":"Feature","properties":{"n":"(unnamed)","id":"CDT181","a":"CA Dept of Transportation","c":"SPT","e":202.6,"d":41.0},"geometry":{"type":"Point","coordinates":[-117.87636,33.86128]}},{"type":"Feature","properties":{"n":"55-524-B5","id":"CDT183","a":"CA Dept of Transportation","c":"SPT","e":178.2,"d":72.0},"geometry":{"type":"Point","coordinates":[-117.87539,33.81806]}},{"type":"Feature","properties":{"n":"(unnamed)","id":"CDT184","a":"CA Dept of Transportation","c":"SPT","e":136.8,"d":89.0},"geometry":{"type":"Point","coordinates":[-117.87385,33.75155]}},{"type":"Feature","properties":{"n":"(unnamed)","id":"CDT185","a":"CA Dept of Transportation","c":"SPT","e":142.0,"d":80.0},"geometry":{"type":"Point","coordinates":[-117.87383,33.75155]}},{"type":"Feature","properties":{"n":"(unnamed)","id":"CDT186","a":"CA Dept of Transportation","c":"SPT","e":187.2,"d":78.0},"geometry":{"type":"Point","coordinates":[-117.8752,33.82535]}},{"type":"Feature","properties":{"n":"55-515-B-1","id":"CDT187","a":"CA Dept of Transportation","c":"SPT","e":0.0,"d":71.0},"geometry":{"type":"Point","coordinates":[-117.87519,33.82536]}},{"type":"Feature","properties":{"n":"(unnamed)","id":"CDT188","a":"CA Dept of Transportation","c":"SPT","e":199.0,"d":35.0},"geometry":{"type":"Point","coordinates":[-117.87552,33.84723]}},{"type":"Feature","properties":{"n":"55-448-B1","id":"CDT189","a":"CA Dept of Transportation","c":"SPT","e":186.7,"d":51.0},"geometry":{"type":"Point","coordinates":[-117.87552,33.84725]}},{"type":"Feature","properties":{"n":"(unnamed)","id":"CDT19","a":"CA Dept of Transportation","c":"SPT","e":21.9,"d":70.0},"geometry":{"type":"Point","coordinates":[-118.03847,33.77319]}},{"type":"Feature","properties":{"n":"55-516-B5","id":"CDT191","a":"CA Dept of Transportation","c":"SPT","e":191.0,"d":55.0},"geometry":{"type":"Point","coordinates":[-117.87518,33.83262]}},{"type":"Feature","properties":{"n":"55-525-B1","id":"CDT192","a":"CA Dept of Transportation","c":"SPT","e":197.4,"d":55.0},"geometry":{"type":"Point","coordinates":[-117.87517,33.83779]}},{"type":"Feature","properties":{"n":"(unnamed)","id":"CDT193","a":"CA Dept of Transportation","c":"SPT","e":197.8,"d":55.0},"geometry":{"type":"Point","coordinates":[-117.87516,33.83777]}},{"type":"Feature","properties":{"n":"(unnamed)","id":"CDT194","a":"CA Dept of Transportation","c":"SPT","e":134.1,"d":47.0},"geometry":{"type":"Point","coordinates":[-117.87401,33.77791]}},{"type":"Feature","properties":{"n":"55-526-B1","id":"CDT195","a":"CA Dept of Transportation","c":"SPT","e":196.1,"d":56.0},"geometry":{"type":"Point","coordinates":[-117.87515,33.84362]}},{"type":"Feature","properties":{"n":"55-470-B5","id":"CDT196","a":"CA Dept of Transportation","c":"SPT","e":199.7,"d":35.0},"geometry":{"type":"Point","coordinates":[-117.87498,33.8473]}},{"type":"Feature","properties":{"n":"(unnamed)","id":"CDT197","a":"CA Dept of Transportation","c":"SPT","e":199.4,"d":41.0},"geometry":{"type":"Point","coordinates":[-117.87497,33.84914]}},{"type":"Feature","properties":{"n":"(unnamed)","id":"CDT198","a":"CA Dept of Transportation","c":"SPT","e":202.8,"d":40.0},"geometry":{"type":"Point","coordinates":[-117.87496,33.84914]}},{"type":"Feature","properties":{"n":"(unnamed)","id":"CDT199","a":"CA Dept of Transportation","c":"SPT","e":199.7,"d":41.0},"geometry":{"type":"Point","coordinates":[-117.87493,33.84973]}},{"type":"Feature","properties":{"n":"(unnamed)","id":"CDT2","a":"CA Dept of Transportation","c":"SPT","e":6.4,"d":75.0},"geometry":{"type":"Point","coordinates":[-118.09148,33.78518]}},{"type":"Feature","properties":{"n":"(unnamed)","id":"CDT20","a":"CA Dept of Transportation","c":"SPT","e":46.8,"d":66.0},"geometry":{"type":"Point","coordinates":[-118.03913,33.86114]}},{"type":"Feature","properties":{"n":"(unnamed)","id":"CDT200","a":"CA Dept of Transportation","c":"SPT","e":201.0,"d":40.0},"geometry":{"type":"Point","coordinates":[-117.87506,33.85739]}},{"type":"Feature","properties":{"n":"(unnamed)","id":"CDT201","a":"CA Dept of Transportation","c":"SPT","e":199.0,"d":41.0},"geometry":{"type":"Point","coordinates":[-117.87488,33.85032]}},{"type":"Feature","properties":{"n":"(unnamed)","id":"CDT202","a":"CA Dept of Transportation","c":"SPT","e":200.2,"d":46.0},"geometry":{"type":"Point","coordinates":[-117.87463,33.854]}},{"type":"Feature","properties":{"n":"(unnamed)","id":"CDT209","a":"CA Dept of Transportation","c":"SPT","e":204.6,"d":50.0},"geometry":{"type":"Point","coordinates":[-117.87025,33.84763]}},{"type":"Feature","properties":{"n":"(unnamed)","id":"CDT21","a":"CA Dept of Transportation","c":"SPT","e":23.0,"d":66.0},"geometry":{"type":"Point","coordinates":[-118.03718,33.77446]}},{"type":"Feature","properties":{"n":"(unnamed)","id":"CDT22","a":"CA Dept of Transportation","c":"SPT","e":47.9,"d":52.0},"geometry":{"type":"Point","coordinates":[-118.03682,33.86022]}},{"type":"Feature","properties":{"n":"(unnamed)","id":"CDT23","a":"CA Dept of Transportation","c":"SPT","e":47.8,"d":51.0},"geometry":{"type":"Point","coordinates":[-118.0368,33.8602]}},{"type":"Feature","properties":{"n":"(unnamed)","id":"CDT24","a":"CA Dept of Transportation","c":"SPT","e":51.7,"d":52.0},"geometry":{"type":"Point","coordinates":[-118.03315,33.8586]}},{"type":"Feature","properties":{"n":"(unnamed)","id":"CDT25","a":"CA Dept of Transportation","c":"SPT","e":53.8,"d":56.0},"geometry":{"type":"Point","coordinates":[-118.02784,33.85648]}},{"type":"Feature","properties":{"n":"(unnamed)","id":"CDT26","a":"CA Dept of Transportation","c":"SPT","e":29.4,"d":81.0},"geometry":{"type":"Point","coordinates":[-118.02408,33.76118]}},{"type":"Feature","properties":{"n":"(unnamed)","id":"CDT27","a":"CA Dept of Transportation","c":"SPT","e":28.0,"d":76.0},"geometry":{"type":"Point","coordinates":[-118.02167,33.75883]}},{"type":"Feature","properties":{"n":"(unnamed)","id":"CDT28","a":"CA Dept of Transportation","c":"SPT","e":32.3,"d":66.0},"geometry":{"type":"Point","coordinates":[-118.01974,33.77401]}},{"type":"Feature","properties":{"n":"(unnamed)","id":"CDT29","a":"CA Dept of Transportation","c":"SPT","e":62.6,"d":61.0},"geometry":{"type":"Point","coordinates":[-118.01926,33.85579]}},{"type":"Feature","properties":{"n":"(unnamed)","id":"CDT3","a":"CA Dept of Transportation","c":"SPT","e":3.0,"d":81.0},"geometry":{"type":"Point","coordinates":[-118.09083,33.77449]}},{"type":"Feature","properties":{"n":"(unnamed)","id":"CDT30","a":"CA Dept of Transportation","c":"SPT","e":28.8,"d":64.0},"geometry":{"type":"Point","coordinates":[-118.01455,33.75333]}},{"type":"Feature","properties":{"n":"(unnamed)","id":"CDT31","a":"CA Dept of Transportation","c":"SPT","e":28.4,"d":69.0},"geometry":{"type":"Point","coordinates":[-118.0117,33.75104]}},{"type":"Feature","properties":{"n":"(unnamed)","id":"CDT32","a":"CA Dept of Transportation","c":"SPT","e":29.2,"d":61.0},"geometry":{"type":"Point","coordinates":[-118.01169,33.75104]}},{"type":"Feature","properties":{"n":"(unnamed)","id":"CDT33","a":"CA Dept of Transportation","c":"SPT","e":70.2,"d":59.0},"geometry":{"type":"Point","coordinates":[-118.01037,33.85577]}},{"type":"Feature","properties":{"n":"(unnamed)","id":"CDT34","a":"CA Dept of Transportation","c":"SPT","e":45.4,"d":81.0},"geometry":{"type":"Point","coordinates":[-118.0069,33.7742]}},{"type":"Feature","properties":{"n":"(unnamed)","id":"CDT35","a":"CA Dept of Transportation","c":"SPT","e":63.2,"d":102.0},"geometry":{"type":"Point","coordinates":[-118.00825,33.87339]}},{"type":"Feature","properties":{"n":"(unnamed)","id":"CDT36","a":"CA Dept of Transportation","c":"SPT","e":45.9,"d":75.0},"geometry":{"type":"Point","coordinates":[-118.00525,33.77354]}},{"type":"Feature","properties":{"n":"(unnamed)","id":"CDT37","a":"CA Dept of Transportation","c":"SPT","e":26.9,"d":74.0},"geometry":{"type":"Point","coordinates":[-118.00404,33.74633]}},{"type":"Feature","properties":{"n":"(unnamed)","id":"CDT38","a":"CA Dept of Transportation","c":"SPT","e":27.2,"d":73.0},"geometry":{"type":"Point","coordinates":[-118.00352,33.74469]}},{"type":"Feature","properties":{"n":"(unnamed)","id":"CDT39","a":"CA Dept of Transportation","c":"SPT","e":72.8,"d":80.0},"geometry":{"type":"Point","coordinates":[-118.00164,33.85589]}},{"type":"Feature","properties":{"n":"(unnamed)","id":"CDT4","a":"CA Dept of Transportation","c":"SPT","e":11.3,"d":65.0},"geometry":{"type":"Point","coordinates":[-118.09097,33.78686]}},{"type":"Feature","properties":{"n":"(unnamed)","id":"CDT40","a":"CA Dept of Transportation","c":"SPT","e":71.4,"d":54.0},"geometry":{"type":"Point","coordinates":[-118.00159,33.8699]}},{"type":"Feature","properties":{"n":"(unnamed)","id":"CDT41","a":"CA Dept of Transportation","c":"SPT","e":27.4,"d":72.0},"geometry":{"type":"Point","coordinates":[-117.99797,33.73942]}},{"type":"Feature","properties":{"n":"(unnamed)","id":"CDT42","a":"CA Dept of Transportation","c":"SPT","e":28.9,"d":65.0},"geometry":{"type":"Point","coordinates":[-117.99797,33.73942]}},{"type":"Feature","properties":{"n":"55-338-B1","id":"CDT43","a":"CA Dept of Transportation","c":"SPT","e":46.8,"d":71.0},"geometry":{"type":"Point","coordinates":[-117.99798,33.77267]}},{"type":"Feature","properties":{"n":"(unnamed)","id":"CDT44","a":"CA Dept of Transportation","c":"SPT","e":46.0,"d":61.0},"geometry":{"type":"Point","coordinates":[-117.99796,33.77267]}},{"type":"Feature","properties":{"n":"55-303-B2","id":"CDT45","a":"CA Dept of Transportation","c":"SPT","e":75.2,"d":121.0},"geometry":{"type":"Point","coordinates":[-117.99683,33.84663]}},{"type":"Feature","properties":{"n":"55-161-B3","id":"CDT46","a":"CA Dept of Transportation","c":"SPT","e":74.9,"d":65.0},"geometry":{"type":"Point","coordinates":[-117.99722,33.86612]}},{"type":"Feature","properties":{"n":"(unnamed)","id":"CDT47","a":"CA Dept of Transportation","c":"SPT","e":74.4,"d":59.0},"geometry":{"type":"Point","coordinates":[-117.99722,33.86612]}},{"type":"Feature","properties":{"n":"55-268-B2","id":"CDT48","a":"CA Dept of Transportation","c":"SPT","e":27.3,"d":89.0},"geometry":{"type":"Point","coordinates":[-117.9943,33.73685]}},{"type":"Feature","properties":{"n":"55-368-B2","id":"CDT49","a":"CA Dept of Transportation","c":"SPT","e":49.1,"d":65.0},"geometry":{"type":"Point","coordinates":[-117.99137,33.77111]}},{"type":"Feature","properties":{"n":"(unnamed)","id":"CDT5","a":"CA Dept of Transportation","c":"SPT","e":12.1,"d":71.0},"geometry":{"type":"Point","coordinates":[-118.09073,33.78418]}},{"type":"Feature","properties":{"n":"(unnamed)","id":"CDT50","a":"CA Dept of Transportation","c":"SPT","e":74.3,"d":71.0},"geometry":{"type":"Point","coordinates":[-117.9925,33.82745]}},{"type":"Feature","properties":{"n":"55-301-B3","id":"CDT51","a":"CA Dept of Transportation","c":"SPT","e":78.2,"d":63.0},"geometry":{"type":"Point","coordinates":[-117.9929,33.85615]}},{"type":"Feature","properties":{"n":"55-212-B4","id":"CDT52","a":"CA Dept of Transportation","c":"SPT","e":78.8,"d":94.0},"geometry":{"type":"Point","coordinates":[-117.99289,33.86371]}},{"type":"Feature","properties":{"n":"55-267-B1","id":"CDT53","a":"CA Dept of Transportation","c":"SPT","e":27.7,"d":70.0},"geometry":{"type":"Point","coordinates":[-117.9883,33.73268]}},{"type":"Feature","properties":{"n":"(unnamed)","id":"CDT54","a":"CA Dept of Transportation","c":"SPT","e":28.0,"d":68.0},"geometry":{"type":"Point","coordinates":[-117.98828,33.73268]}},{"type":"Feature","properties":{"n":"55-266-B5","id":"CDT55","a":"CA Dept of Transportation","c":"SPT","e":26.3,"d":66.0},"geometry":{"type":"Point","coordinates":[-117.98488,33.73018]}},{"type":"Feature","properties":{"n":"55-162-B7","id":"CDT56","a":"CA Dept of Transportation","c":"SPT","e":87.2,"d":106.0},"geometry":{"type":"Point","coordinates":[-117.98423,33.85888]}},{"type":"Feature","properties":{"n":"55-265-B3","id":"CDT57","a":"CA Dept of Transportation","c":"SPT","e":26.7,"d":70.0},"geometry":{"type":"Point","coordinates":[-117.97978,33.72664]}},{"type":"Feature","properties":{"n":"55-348-B3","id":"CDT58","a":"CA Dept of Transportation","c":"SPT","e":59.1,"d":71.0},"geometry":{"type":"Point","coordinates":[-117.98017,33.77045]}},{"type":"Feature","properties":{"n":"55-503-B6","id":"CDT59","a":"CA Dept of Transportation","c":"SPT","e":88.5,"d":61.0},"geometry":{"type":"Point","coordinates":[-117.97857,33.85581]}},{"type":"Feature","properties":{"n":"(unnamed)","id":"CDT6","a":"CA Dept of Transportation","c":"SPT","e":20.2,"d":76.0},"geometry":{"type":"Point","coordinates":[-118.09073,33.78418]}},{"type":"Feature","properties":{"n":"55-369-B1","id":"CDT60","a":"CA Dept of Transportation","c":"SPT","e":58.3,"d":75.0},"geometry":{"type":"Point","coordinates":[-117.97584,33.76776]}},{"type":"Feature","properties":{"n":"(unnamed)","id":"CDT61","a":"CA Dept of Transportation","c":"SPT","e":87.4,"d":68.0},"geometry":{"type":"Point","coordinates":[-117.9776,33.85676]}},{"type":"Feature","properties":{"n":"55-293-B3","id":"CDT62","a":"CA Dept of Transportation","c":"SPT","e":92.2,"d":51.0},"geometry":{"type":"Point","coordinates":[-117.9776,33.85678]}},{"type":"Feature","properties":{"n":"(unnamed)","id":"CDT63","a":"CA Dept of Transportation","c":"SPT","e":90.7,"d":56.0},"geometry":{"type":"Point","coordinates":[-117.9776,33.8568]}},{"type":"Feature","properties":{"n":"(unnamed)","id":"CDT64","a":"CA Dept of Transportation","c":"SPT","e":0.0,"d":64.0},"geometry":{"type":"Point","coordinates":[-117.97759,33.85678]}},{"type":"Feature","properties":{"n":"55-407-B1","id":"CDT65","a":"CA Dept of Transportation","c":"SPT","e":30.2,"d":65.0},"geometry":{"type":"Point","coordinates":[-117.97424,33.72265]}},{"type":"Feature","properties":{"n":"(unnamed)","id":"CDT66","a":"CA Dept of Transportation","c":"SPT","e":58.2,"d":56.0},"geometry":{"type":"Point","coordinates":[-117.9742,33.76668]}},{"type":"Feature","properties":{"n":"55-370-B1","id":"CDT67","a":"CA Dept of Transportation","c":"SPT","e":58.8,"d":86.0},"geometry":{"type":"Point","coordinates":[-117.97417,33.76668]}},{"type":"Feature","properties":{"n":"55-296-B3","id":"CDT68","a":"CA Dept of Transportation","c":"SPT","e":94.7,"d":116.0},"geometry":{"type":"Point","coordinates":[-117.9753,33.85695]}},{"type":"Feature","properties":{"n":"55-264-B1","id":"CDT69","a":"CA Dept of Transportation","c":"SPT","e":29.4,"d":81.0},"geometry":{"type":"Point","coordinates":[-117.97101,33.71996]}},{"type":"Feature","properties":{"n":"(unnamed)","id":"CDT7","a":"CA Dept of Transportation","c":"SPT","e":8.8,"d":91.0},"geometry":{"type":"Point","coordinates":[-118.09068,33.78341]}},{"type":"Feature","properties":{"n":"(unnamed)","id":"CDT70","a":"CA Dept of Transportation","c":"SPT","e":28.8,"d":85.0},"geometry":{"type":"Point","coordinates":[-117.97101,33.71996]}},{"type":"Feature","properties":{"n":"55-349-B1","id":"CDT71","a":"CA Dept of Transportation","c":"SPT","e":60.1,"d":76.0},"geometry":{"type":"Point","coordinates":[-117.97152,33.7659]}},{"type":"Feature","properties":{"n":"55-263-B6","id":"CDT72","a":"CA Dept of Transportation","c":"SPT","e":23.4,"d":71.0},"geometry":{"type":"Point","coordinates":[-117.96617,33.7159]}},{"type":"Feature","properties":{"n":"55-287-B3","id":"CDT73","a":"CA Dept of Transportation","c":"SPT","e":101.3,"d":77.0},"geometry":{"type":"Point","coordinates":[-117.96702,33.85445]}},{"type":"Feature","properties":{"n":"55-386-B1","id":"CDT74","a":"CA Dept of Transportation","c":"SPT","e":62.9,"d":50.0},"geometry":{"type":"Point","coordinates":[-117.96462,33.76599]}},{"type":"Feature","properties":{"n":"(unnamed)","id":"CDT76","a":"CA Dept of Transportation","c":"STRA","op":"T ,","e":112.4,"d":50.0},"geometry":{"type":"Point","coordinates":[-117.96129,33.84779]}},{"type":"Feature","properties":{"n":"55-280-B3","id":"CDT78","a":"CA Dept of Transportation","c":"SPT","e":109.7,"d":58.0},"geometry":{"type":"Point","coordinates":[-117.95828,33.85374]}},{"type":"Feature","properties":{"n":"55-89-B5","id":"CDT79","a":"CA Dept of Transportation","c":"SPT","e":117.9,"d":65.0},"geometry":{"type":"Point","coordinates":[-117.95811,33.84583]}},{"type":"Feature","properties":{"n":"(unnamed)","id":"CDT8","a":"CA Dept of Transportation","c":"SPT","e":31.5,"d":111.0},"geometry":{"type":"Point","coordinates":[-118.09063,33.78402]}},{"type":"Feature","properties":{"n":"(unnamed)","id":"CDT80","a":"CA Dept of Transportation","c":"STRA","op":"T ,","e":115.8,"d":59.0},"geometry":{"type":"Point","coordinates":[-117.95793,33.84435]}},{"type":"Feature","properties":{"n":"(unnamed)","id":"CDT81","a":"CA Dept of Transportation","c":"SPT","e":118.9,"d":50.0},"geometry":{"type":"Point","coordinates":[-117.95785,33.84566]}},{"type":"Feature","properties":{"n":"55-371-B3","id":"CDT83","a":"CA Dept of Transportation","c":"SPT","e":69.5,"d":75.0},"geometry":{"type":"Point","coordinates":[-117.95409,33.76587]}},{"type":"Feature","properties":{"n":"(unnamed)","id":"CDT86","a":"CA Dept of Transportation","c":"SPT","e":77.0,"d":60.0},"geometry":{"type":"Point","coordinates":[-117.94125,33.76618]}},{"type":"Feature","properties":{"n":"55-279-B3","id":"CDT87","a":"CA Dept of Transportation","c":"SPT","e":131.8,"d":70.0},"geometry":{"type":"Point","coordinates":[-117.94081,33.85398]}},{"type":"Feature","properties":{"n":"(unnamed)","id":"CDT88","a":"CA Dept of Transportation","c":"STRA","op":"T ,","e":128.0,"d":48.0},"geometry":{"type":"Point","coordinates":[-117.94012,33.83531]}},{"type":"Feature","properties":{"n":"55-219-B2","id":"CDT89","a":"CA Dept of Transportation","c":"SPT","e":130.6,"d":62.0},"geometry":{"type":"Point","coordinates":[-117.93845,33.83395]}},{"type":"Feature","properties":{"n":"(unnamed)","id":"CDT9","a":"CA Dept of Transportation","c":"SPT","e":7.1,"d":91.0},"geometry":{"type":"Point","coordinates":[-118.09041,33.77993]}},{"type":"Feature","properties":{"n":"55-373-B1","id":"CDT90","a":"CA Dept of Transportation","c":"SPT","e":80.7,"d":61.0},"geometry":{"type":"Point","coordinates":[-117.93697,33.76609]}},{"type":"Feature","properties":{"n":"55-172-B3","id":"CDT93","a":"CA Dept of Transportation","c":"SPT","e":139.3,"d":65.0},"geometry":{"type":"Point","coordinates":[-117.90214,33.80338]}},{"type":"Feature","properties":{"n":"55-166-B2","id":"CDT94","a":"CA Dept of Transportation","c":"STRA","op":"T ,","e":136.0,"d":53.0},"geometry":{"type":"Point","coordinates":[-117.93135,33.83267]}},{"type":"Feature","properties":{"n":"55-374-B8","id":"CDT95","a":"CA Dept of Transportation","c":"SPT","e":84.6,"d":60.0},"geometry":{"type":"Point","coordinates":[-117.92809,33.76622]}},{"type":"Feature","properties":{"n":"55-167-B1","id":"CDT96","a":"CA Dept of Transportation","c":"STRA","op":"T ,","e":139.0,"d":50.0},"geometry":{"type":"Point","coordinates":[-117.928,33.8297]}},{"type":"Feature","properties":{"n":"(unnamed)","id":"CDT97","a":"CA Dept of Transportation","c":"SPT","e":305.8,"d":47.0},"geometry":{"type":"Point","coordinates":[-117.92824,33.90183]}},{"type":"Feature","properties":{"n":"(unnamed)","id":"CDT98","a":"CA Dept of Transportation","c":"STRA","op":"T ,","e":139.2,"d":54.0},"geometry":{"type":"Point","coordinates":[-117.92632,33.82793]}},{"type":"Feature","properties":{"n":"55-168-B1","id":"CDT99","a":"CA Dept of Transportation","c":"STRA","op":"T ,","e":137.9,"d":43.0},"geometry":{"type":"Point","coordinates":[-117.92615,33.82767]}},{"type":"Feature","properties":{"n":"(unnamed)","id":"OSA1","a":"CA Office of St. Architect","c":"STRA","op":"T ,","e":57.0,"d":14.0},"geometry":{"type":"Point","coordinates":[-118.006,33.81507]}},{"type":"Feature","properties":{"n":"(unnamed)","id":"OSA10","a":"CA Office of St. Architect","c":"SPT","e":142.0,"d":51.0},"geometry":{"type":"Point","coordinates":[-117.93344,33.8475]}},{"type":"Feature","properties":{"n":"(unnamed)","id":"OSA11","a":"CA Office of St. Architect","c":"STRA","op":"T ,","e":142.0,"d":41.0},"geometry":{"type":"Point","coordinates":[-117.93295,33.84756]}},{"type":"Feature","properties":{"n":"(unnamed)","id":"OSA12","a":"CA Office of St. Architect","c":"STRA","op":"T ,","e":142.0,"d":16.0},"geometry":{"type":"Point","coordinates":[-117.93247,33.84805]}},{"type":"Feature","properties":{"n":"(unnamed)","id":"OSA15","a":"CA Office of St. Architect","c":"STRA","op":"T ,","e":129.0,"d":30.0},"geometry":{"type":"Point","coordinates":[-117.8885,33.78666]}},{"type":"Feature","properties":{"n":"(unnamed)","id":"OSA17","a":"CA Office of St. Architect","c":"STRA","op":"T ,","e":131.0,"d":31.0},"geometry":{"type":"Point","coordinates":[-117.88819,33.78789]}},{"type":"Feature","properties":{"n":"(unnamed)","id":"OSA18","a":"CA Office of St. Architect","c":"STRA","op":"T ,","e":130.0,"d":40.0},"geometry":{"type":"Point","coordinates":[-117.88786,33.78749]}},{"type":"Feature","properties":{"n":"(unnamed)","id":"OSA19","a":"CA Office of St. Architect","c":"STRA","op":"T ,","e":131.0,"d":41.0},"geometry":{"type":"Point","coordinates":[-117.88787,33.78831]}},{"type":"Feature","properties":{"n":"(unnamed)","id":"OSA2","a":"CA Office of St. Architect","c":"SPT","e":57.0,"d":40.0},"geometry":{"type":"Point","coordinates":[-118.00592,33.81502]}},{"type":"Feature","properties":{"n":"(unnamed)","id":"OSA20","a":"CA Office of St. Architect","c":"STRA","op":"T ,","e":130.0,"d":59.0},"geometry":{"type":"Point","coordinates":[-117.88654,33.78751]}},{"type":"Feature","properties":{"n":"(unnamed)","id":"OSA21","a":"CA Office of St. Architect","c":"STRA","op":"T ,","e":43.0,"d":20.0},"geometry":{"type":"Point","coordinates":[-117.88403,33.71512]}},{"type":"Feature","properties":{"n":"(unnamed)","id":"OSA22","a":"CA Office of St. Architect","c":"STRA","op":"T ,","e":43.0,"d":10.0},"geometry":{"type":"Point","coordinates":[-117.88387,33.7154]}},{"type":"Feature","properties":{"n":"(unnamed)","id":"OSA23","a":"CA Office of St. Architect","c":"STRA","op":"T ,","e":129.0,"d":14.0},"geometry":{"type":"Point","coordinates":[-117.8852,33.78629]}},{"type":"Feature","properties":{"n":"(unnamed)","id":"OSA24","a":"CA Office of St. Architect","c":"STRA","op":"T ,","e":43.0,"d":10.0},"geometry":{"type":"Point","coordinates":[-117.88311,33.71472]}},{"type":"Feature","properties":{"n":"(unnamed)","id":"OSA25","a":"CA Office of St. Architect","c":"STRA","op":"T ,","e":43.0,"d":20.0},"geometry":{"type":"Point","coordinates":[-117.88288,33.71555]}},{"type":"Feature","properties":{"n":"(unnamed)","id":"OSA9","a":"CA Office of St. Architect","c":"STRA","op":"T ,","e":142.0,"d":46.0},"geometry":{"type":"Point","coordinates":[-117.9336,33.84736]}}]}