{"type":"FeatureCollection","features":[{"type":"Feature","properties":{"e":10,"ix":0},"geometry":{"type":"LineString","coordinates":[[-118.24977,33.78705],[-118.24826,33.78334],[-118.24751,33.78204],[-118.24676,33.78168],[-118.246,33.782],[-118.24525,33.78263],[-118.24014,33.78821],[-118.23923,33.78878],[-118.23697,33.78885],[-118.23546,33.7886],[-118.23344,33.78693],[-118.23245,33.78668],[-118.23094,33.78694],[-118.21814,33.79071],[-118.21663,33.79028],[-118.21402,33.78821],[-118.21287,33.78757],[-118.21061,33.78715],[-118.20609,33.78693],[-118.20308,33.78557],[-118.20057,33.78523],[-118.20012,33.78481],[-118.20108,33.78311],[-118.20518,33.78013],[-118.20559,33.77928],[-118.20497,33.77843],[-118.20157,33.77638],[-118.20082,33.77572],[-118.20006,33.77448],[-118.19875,33.77036],[-118.1978,33.76966],[-118.19562,33.76908],[-118.19479,33.76862],[-118.19328,33.76668],[-118.19178,33.76417],[-118.1916,33.76356],[-118.19178,33.76317],[-118.19253,33.76268],[-118.19328,33.76246],[-118.19352,33.76271],[-118.1933,33.76398],[-118.19357,33.76483],[-118.19442,33.76568],[-118.19554,33.76635],[-118.19705,33.76644],[-118.19879,33.76568],[-118.20232,33.76341],[-118.20383,33.7627],[-118.20684,33.7617],[-118.21226,33.76058],[-118.21331,33.75973],[-118.21423,33.75718],[-118.21483,33.75633],[-118.22088,33.7515]]}},{"type":"Feature","properties":{"e":10,"ix":0},"geometry":{"type":"LineString","coordinates":[[-118.02458,33.71623],[-118.02571,33.71681],[-118.02575,33.71766],[-118.02458,33.72033],[-118.02383,33.72117],[-118.02307,33.7215],[-118.02157,33.72154],[-118.0178,33.72117],[-118.01451,33.72063],[-118.01344,33.71978],[-118.01244,33.71766],[-118.01243,33.71723],[-118.01331,33.71681],[-118.01637,33.71638],[-118.02232,33.71599],[-118.02458,33.71623]]}},{"type":"Feature","properties":{"e":10,"ix":0},"geometry":{"type":"LineString","coordinates":[[-118.07429,33.7236],[-118.10215,33.72895],[-118.13505,33.73466],[-118.15335,33.73806],[-118.16052,33.73976],[-118.16161,33.74018],[-118.16209,33.74061],[-118.16205,33.74103],[-118.14995,33.75846],[-118.14934,33.75888],[-118.14885,33.75897],[-118.14584,33.75891],[-118.14433,33.75915],[-118.14358,33.75954],[-118.14299,33.76016],[-118.14243,33.76186],[-118.1411,33.76356],[-118.137,33.77163],[-118.13605,33.77267],[-118.13529,33.77277],[-118.13454,33.77246],[-118.13379,33.77178],[-118.1259,33.76228],[-118.12475,33.76151],[-118.12399,33.76136],[-118.12249,33.76173],[-118.12174,33.7622],[-118.11722,33.76578],[-118.11646,33.76604],[-118.11345,33.76633],[-118.1095,33.76738],[-118.10666,33.76866],[-118.10291,33.77102],[-118.10215,33.77115],[-118.1014,33.77104],[-118.09989,33.77049],[-118.0991,33.76993],[-118.09688,33.76723],[-118.09613,33.76678],[-118.09538,33.7669],[-118.09492,33.76781],[-118.09464,33.76908],[-118.09446,33.77333],[-118.09275,33.77588],[-118.09223,33.77758],[-118.09223,33.77843],[-118.09245,33.77886],[-118.09312,33.77935],[-118.09829,33.78141],[-118.09846,33.78183],[-118.09312,33.78337],[-118.09086,33.78351],[-118.0901,33.78327],[-118.08935,33.78259],[-118.08466,33.77503],[-118.08408,33.77286],[-118.08152,33.76951],[-118.07805,33.76438],[-118.07623,33.76228],[-118.07597,33.76186],[-118.07555,33.75973],[-118.07504,33.75915],[-118.07388,33.75846],[-118.07297,33.75761],[-118.06356,33.74061],[-118.06281,33.73891],[-118.06278,33.73763],[-118.06337,33.73551],[-118.06839,33.72403],[-118.06874,33.72361],[-118.06977,33.7233],[-118.07429,33.7236]]}},{"type":"Feature","properties":{"e":10,"ix":0},"geometry":{"type":"LineString","coordinates":[[-118.08257,33.72826],[-118.08107,33.72831],[-118.08031,33.72899],[-118.08007,33.72998],[-118.07871,33.74783],[-118.07847,33.75633],[-118.07858,33.75718],[-118.07886,33.75761],[-118.07965,33.75803],[-118.08107,33.75811],[-118.08709,33.7568],[-118.08935,33.75677],[-118.09094,33.75718],[-118.09303,33.75803],[-118.09402,33.75888],[-118.09472,33.76016],[-118.09538,33.76055],[-118.09717,33.76101],[-118.10065,33.76251],[-118.10215,33.76242],[-118.10743,33.76104],[-118.11044,33.76088],[-118.11103,33.76058],[-118.11129,33.75973],[-118.11127,33.75633],[-118.10814,33.75208],[-118.10667,33.75058],[-118.10517,33.74942],[-118.10215,33.74827],[-118.10065,33.74818],[-118.09688,33.74866],[-118.09538,33.74826],[-118.09462,33.74769],[-118.09312,33.74592],[-118.09161,33.74337],[-118.09009,33.73976],[-118.08969,33.73806],[-118.08973,33.73678],[-118.0901,33.73605],[-118.09086,33.73538],[-118.09597,33.73211],[-118.09631,33.73168],[-118.09614,33.73126],[-118.09532,33.73083],[-118.09197,33.72998],[-118.08257,33.72826]]}},{"type":"Feature","properties":{"e":10,"ix":0},"geometry":{"type":"LineString","coordinates":[[-118.10441,33.74169],[-118.10366,33.74164],[-118.10179,33.74231],[-118.1012,33.74273],[-118.10104,33.74316],[-118.10118,33.74358],[-118.10215,33.74433],[-118.10291,33.7445],[-118.10366,33.74434],[-118.1045,33.74316],[-118.10466,33.74231],[-118.10441,33.74169]]}},{"type":"Feature","properties":{"e":10,"ix":0},"geometry":{"type":"LineString","coordinates":[[-117.88675,33.74954],[-117.88751,33.75001],[-117.88841,33.75208],[-117.88832,33.75293],[-117.88751,33.75326],[-117.88675,33.75284],[-117.88651,33.75208],[-117.88644,33.75123],[-117.88675,33.74954]]}},{"type":"Feature","properties":{"e":10,"ix":0},"geometry":{"type":"LineString","coordinates":[[-118.12625,33.75715],[-118.1255,33.75725],[-118.12444,33.75803],[-118.12424,33.75888],[-118.12456,33.75931],[-118.12475,33.75944],[-118.1255,33.75931],[-118.12661,33.75846],[-118.12703,33.75761],[-118.12625,33.75715]]}},{"type":"Feature","properties":{"e":20,"ix":0},"geometry":{"type":"LineString","coordinates":[[-118.03139,33.71553],[-118.03153,33.71681],[-118.02952,33.72361],[-118.02952,33.72573],[-118.03889,33.75027],[-118.0404,33.75346],[-118.04115,33.75415],[-118.0419,33.75395],[-118.04265,33.75297],[-118.04341,33.75151],[-118.05675,33.72148],[-118.05698,33.72106],[-118.05772,33.72053],[-118.05998,33.72037],[-118.06525,33.72097],[-118.09457,33.72616],[-118.11559,33.72949]]}},{"type":"Feature","properties":{"e":20,"ix":0},"geometry":{"type":"LineString","coordinates":[[-118.25278,33.83613],[-118.25203,33.83576],[-118.25052,33.83541],[-118.2442,33.83496],[-118.24308,33.83453],[-118.24275,33.83411],[-118.24265,33.83283],[-118.24299,33.83115],[-118.24484,33.82688],[-118.24525,33.82661],[-118.24826,33.8274],[-118.24901,33.82688],[-118.2491,33.82646],[-118.24906,33.82476],[-118.24826,33.81992],[-118.24751,33.81652],[-118.24676,33.81459],[-118.246,33.81395],[-118.2445,33.81418],[-118.24299,33.81411],[-118.23847,33.81274],[-118.23697,33.81251],[-118.23546,33.81276],[-118.2317,33.81431],[-118.23094,33.81442],[-118.23046,33.81413],[-118.23009,33.81371],[-118.22718,33.80701],[-118.22657,33.80436],[-118.22614,33.80351],[-118.21964,33.79662],[-118.21326,33.78948],[-118.21211,33.78847],[-118.21061,33.78798],[-118.20835,33.78796],[-118.20383,33.78895],[-118.20266,33.78948],[-118.19507,33.80011],[-118.19328,33.80299],[-118.19253,33.80349],[-118.19178,33.80245],[-118.19161,33.80181],[-118.19017,33.79246],[-118.18952,33.7912],[-118.1877,33.78906],[-118.18723,33.78821],[-118.18761,33.78778],[-118.18801,33.78773],[-118.19103,33.78813],[-118.19253,33.788],[-118.19328,33.78764],[-118.19479,33.7864],[-118.19735,33.78353],[-118.19834,33.78141],[-118.19889,33.77928],[-118.1979,33.77206],[-118.19748,33.77078],[-118.19699,33.77036],[-118.19427,33.76951],[-118.19103,33.76714],[-118.18952,33.76651],[-118.18768,33.76611],[-118.18688,33.76568],[-118.18593,33.76483],[-118.185,33.76449],[-118.16542,33.76355],[-118.16316,33.7636],[-118.16156,33.76398],[-118.16088,33.76483],[-118.15892,33.77036],[-118.15789,33.77177],[-118.15638,33.7725],[-118.14584,33.77622],[-118.14479,33.77673],[-118.14434,33.77716],[-118.14416,33.77843],[-118.14501,33.78481],[-118.14493,33.78608],[-118.14433,33.78693],[-118.14132,33.7893],[-118.14034,33.79033],[-118.13991,33.79118],[-118.13906,33.79421],[-118.1383,33.79534],[-118.1368,33.79671],[-118.13529,33.79748],[-118.13454,33.79814],[-118.13363,33.80011],[-118.13291,33.80266],[-118.13228,33.80343],[-118.12927,33.8039],[-118.12625,33.80507],[-118.12475,33.80523],[-118.12174,33.80514],[-118.12023,33.80478],[-118.11825,33.80393],[-118.11722,33.8039],[-118.11345,33.80612],[-118.11194,33.80654],[-118.11044,33.80666],[-118.10592,33.80653],[-118.09538,33.80535],[-118.09387,33.80481],[-118.09312,33.80372],[-118.09133,33.79926],[-118.09086,33.79845],[-118.0901,33.79796],[-118.08924,33.79841],[-118.08709,33.80122],[-118.08634,33.80182],[-118.08483,33.80254],[-118.08332,33.80284],[-118.08107,33.80297],[-118.07827,33.80266],[-118.07752,33.80223],[-118.07702,33.80096],[-118.07618,33.79968],[-118.07127,33.79415],[-118.07052,33.79361],[-118.06901,33.79302],[-118.06374,33.79248],[-118.06224,33.79196],[-118.06148,33.79146],[-118.04578,33.77588],[-118.04569,33.77546],[-118.04611,33.77503],[-118.0475,33.77461],[-118.0567,33.77333],[-118.05772,33.77305],[-118.05847,33.77259],[-118.05954,33.77121],[-118.06547,33.76186],[-118.0659,33.76101],[-118.06579,33.76058],[-118.06496,33.76016],[-118.06148,33.75961],[-118.03964,33.75815],[-118.03814,33.75782],[-118.03663,33.75662],[-118.02383,33.74479],[-118.01705,33.73973],[-118.0115,33.73508],[-118.00952,33.73406],[-117.99973,33.73025],[-117.99563,33.72786],[-117.99481,33.72701],[-117.99324,33.72446],[-117.99113,33.71978],[-117.99045,33.71893],[-117.98843,33.71814],[-117.98448,33.71723],[-117.98398,33.71681],[-117.98711,33.71638],[-118.00575,33.71579],[-118.00798,33.71552]]}},{"type":"Feature","properties":{"e":20,"ix":0},"geometry":{"type":"LineString","coordinates":[[-118.08483,33.7366],[-118.08408,33.73655],[-118.08392,33.73678],[-118.08336,33.73806],[-118.08308,33.73933],[-118.08121,33.75463],[-118.0812,33.75591],[-118.0814,33.75633],[-118.08182,33.75661],[-118.08257,33.7567],[-118.08709,33.75588],[-118.0886,33.75579],[-118.09387,33.75675],[-118.09572,33.75676],[-118.09622,33.75633],[-118.09583,33.75506],[-118.08709,33.73963],[-118.08558,33.73732],[-118.08483,33.7366]]}},{"type":"Feature","properties":{"e":20,"ix":0},"geometry":{"type":"LineString","coordinates":[[-117.88675,33.74042],[-117.88826,33.74352],[-117.89235,33.75336],[-117.89252,33.75421],[-117.89239,33.75463],[-117.89178,33.75506],[-117.88826,33.75578],[-117.88751,33.75567],[-117.88675,33.75505],[-117.886,33.75368],[-117.88551,33.75123],[-117.88565,33.74316],[-117.886,33.74042],[-117.88675,33.74042]]}},{"type":"Feature","properties":{"e":20,"ix":0},"geometry":{"type":"LineString","coordinates":[[-118.12399,33.76468],[-118.12324,33.76453],[-118.12249,33.76473],[-118.12098,33.76576],[-118.11646,33.76955],[-118.10721,33.77376],[-118.10593,33.77461],[-118.10564,33.77503],[-118.10546,33.77588],[-118.10543,33.78013],[-118.10592,33.78126],[-118.1078,33.78438],[-118.10892,33.78566],[-118.10968,33.78593],[-118.11119,33.78596],[-118.11948,33.78508],[-118.12249,33.78592],[-118.12324,33.78595],[-118.12399,33.78571],[-118.1257,33.78438],[-118.1348,33.77588],[-118.13497,33.77546],[-118.13483,33.77503],[-118.1318,33.77291],[-118.1255,33.76597],[-118.12399,33.76468]]}},{"type":"Feature","properties":{"e":20,"ix":0},"geometry":{"type":"LineString","coordinates":[[-118.05998,33.80435],[-118.06148,33.80478],[-118.06206,33.80521],[-118.06286,33.80606],[-118.06308,33.80648],[-118.06297,33.80691],[-118.06148,33.80735],[-118.05696,33.80743],[-118.05471,33.80676],[-118.05367,33.80606],[-118.05345,33.80563],[-118.05354,33.80521],[-118.05471,33.80467],[-118.0575,33.80436],[-118.05998,33.80435]]}},{"type":"Feature","properties":{"e":30,"ix":0},"geometry":{"type":"LineString","coordinates":[[-118.03741,33.71553],[-118.03697,33.71808],[-118.03719,33.71978],[-118.03889,33.72411],[-118.03964,33.72559],[-118.0404,33.72647],[-118.04115,33.72651],[-118.0419,33.72573],[-118.04567,33.71789],[-118.04644,33.71723],[-118.04794,33.71681]]}},{"type":"Feature","properties":{"e":30,"ix":0},"geometry":{"type":"LineString","coordinates":[[-118.25278,33.84751],[-118.25173,33.84303],[-118.25116,33.84133],[-118.25052,33.84036],[-118.24977,33.83993],[-118.24902,33.83978],[-118.24073,33.83956],[-118.23847,33.83968],[-118.23667,33.84048],[-118.23094,33.84466],[-118.23019,33.84498],[-118.22868,33.84517],[-118.22751,33.84473],[-118.22492,33.84111],[-118.22341,33.83982],[-118.2219,33.8389],[-118.2091,33.83397],[-118.20835,33.8339],[-118.20759,33.83412],[-118.20684,33.83475],[-118.20475,33.83793],[-118.20422,33.83836],[-118.20232,33.83838],[-118.20164,33.83793],[-118.20382,33.82816],[-118.20377,33.82731],[-118.20279,33.82561],[-118.20286,33.82476],[-118.20383,33.8242],[-118.20533,33.82396],[-118.20684,33.82397],[-118.2091,33.82451],[-118.21136,33.82422],[-118.21211,33.82391],[-118.21396,33.82221],[-118.21575,33.82093],[-118.21622,33.82008],[-118.21637,33.81923],[-118.21625,33.81753],[-118.21583,33.81541],[-118.21599,33.81413],[-118.21733,33.81116],[-118.22173,33.80351],[-118.22193,33.80223],[-118.22117,33.80053],[-118.21996,33.79883],[-118.21202,33.78948],[-118.21061,33.78861],[-118.20835,33.7885],[-118.20533,33.78933],[-118.20355,33.79033],[-118.19845,33.79756],[-118.19726,33.79968],[-118.19687,33.80096],[-118.19713,33.80223],[-118.20332,33.81073],[-118.20407,33.81201],[-118.20418,33.81286],[-118.20383,33.81302],[-118.20232,33.81262],[-118.19554,33.80934],[-118.19404,33.80824],[-118.19253,33.80677],[-118.18983,33.80478],[-118.18881,33.80351],[-118.18844,33.80266],[-118.18746,33.79543],[-118.18693,33.79373],[-118.18594,33.79246],[-118.17959,33.78566],[-118.17835,33.78396],[-118.17839,33.78353],[-118.17897,33.78336],[-118.18048,33.78349],[-118.19027,33.78588],[-118.19178,33.78606],[-118.19253,33.78592],[-118.19404,33.78498],[-118.19554,33.78353],[-118.19649,33.78226],[-118.19746,33.78013],[-118.19777,33.77843],[-118.19743,33.77418],[-118.19683,33.77121],[-118.1963,33.7707],[-118.19382,33.76993],[-118.19027,33.76796],[-118.18801,33.76743],[-118.18425,33.76743],[-118.18048,33.76698],[-118.17672,33.76684],[-118.17423,33.76696],[-118.17295,33.76747],[-118.17233,33.76866],[-118.16854,33.77971],[-118.16761,33.78141],[-118.1609,33.78751],[-118.14734,33.79733],[-118.14584,33.79865],[-118.14543,33.79968],[-118.14531,33.80053],[-118.1458,33.80606],[-118.14558,33.80733],[-118.14013,33.81328],[-118.13898,33.81498],[-118.13723,33.81838],[-118.13605,33.81964],[-118.13454,33.82029],[-118.13228,33.82072],[-118.13153,33.82064],[-118.12875,33.81966],[-118.12701,33.81934],[-118.11722,33.81816],[-118.11496,33.81829],[-118.10968,33.82038],[-118.10441,33.82187],[-118.09688,33.82435],[-118.09462,33.82461],[-118.08935,33.82449],[-118.08709,33.82463],[-118.08031,33.82617],[-118.07953,33.82646],[-118.0784,33.82731],[-118.07579,33.83162],[-118.07504,33.83246],[-118.07429,33.83276],[-118.07278,33.83231],[-118.06744,33.82858],[-118.06676,33.82798],[-118.06644,33.82731],[-118.06643,33.82646],[-118.06676,33.82514],[-118.07023,33.81796],[-118.07025,33.81668],[-118.06995,33.81456],[-118.0696,33.81371],[-118.06901,33.81301],[-118.06826,33.81264],[-118.066,33.81231],[-118.05998,33.81183],[-118.05772,33.81196],[-118.05705,33.81243],[-118.0569,33.81286],[-118.05677,33.81583],[-118.05644,33.81711],[-118.05621,33.8175],[-118.05546,33.81755],[-118.05395,33.81666],[-118.05094,33.81437],[-118.04943,33.81378],[-118.04717,33.81331],[-118.04642,33.8129],[-118.04603,33.81243],[-118.04557,33.81158],[-118.04508,33.80988],[-118.04417,33.80436],[-118.04417,33.80351],[-118.04475,33.80223],[-118.04475,33.80181],[-118.0404,33.79642],[-118.02478,33.77503],[-118.02458,33.77418],[-118.02478,33.77376],[-118.02684,33.77191],[-118.02726,33.77121],[-118.02728,33.77078],[-118.02689,33.76951],[-118.02533,33.76612],[-118.02383,33.76361],[-118.02307,33.76272],[-118.01931,33.76014],[-118.01479,33.75558],[-118.01027,33.75192],[-118.0079,33.75081],[-118.00274,33.74938],[-118.00198,33.74898],[-117.99897,33.74552],[-117.99596,33.74314],[-117.99219,33.7392],[-117.98793,33.73551],[-117.98692,33.73491],[-117.98316,33.73369],[-117.98014,33.73147],[-117.97864,33.7301],[-117.97788,33.72909],[-117.97499,33.72361],[-117.97416,33.72276],[-117.97346,33.72233],[-117.97186,33.72161],[-117.97035,33.72136],[-117.96583,33.7225],[-117.96433,33.72253],[-117.96085,33.72106],[-117.94524,33.71723],[-117.94392,33.71681],[-117.94357,33.71638],[-117.94579,33.71596],[-117.95228,33.7156],[-117.97537,33.71511]]}},{"type":"Feature","properties":{"e":30,"ix":0},"geometry":{"type":"LineString","coordinates":[[-117.886,33.73091],[-117.88751,33.73379],[-117.89623,33.75463],[-117.89658,33.75591],[-117.89647,33.75633],[-117.89591,33.75676],[-117.88826,33.75817],[-117.88751,33.75789],[-117.88675,33.75698],[-117.886,33.75532],[-117.88525,33.75289],[-117.88506,33.75166],[-117.88486,33.74231],[-117.88525,33.73162],[-117.886,33.73091]]}},{"type":"Feature","properties":{"e":30,"ix":0},"geometry":{"type":"LineString","coordinates":[[-118.08558,33.742],[-118.08483,33.74269],[-118.08416,33.74571],[-118.08318,33.75336],[-118.08313,33.75421],[-118.08332,33.75505],[-118.08408,33.7554],[-118.08784,33.75502],[-118.09236,33.75543],[-118.09312,33.75521],[-118.09329,33.75463],[-118.09298,33.75378],[-118.0886,33.74586],[-118.08709,33.74342],[-118.08634,33.74246],[-118.08558,33.742]]}},{"type":"Feature","properties":{"e":30,"ix":0},"geometry":{"type":"LineString","coordinates":[[-118.04943,33.75972],[-118.04265,33.75932],[-118.03964,33.75945],[-118.0306,33.76045],[-118.02723,33.76101],[-118.02617,33.76143],[-118.02615,33.76186],[-118.02668,33.76228],[-118.03889,33.76851],[-118.04115,33.76926],[-118.04265,33.76929],[-118.05019,33.76838],[-118.05194,33.76781],[-118.0532,33.76638],[-118.05607,33.76186],[-118.05641,33.76101],[-118.05599,33.76058],[-118.0542,33.76016],[-118.04943,33.75972]]}},{"type":"Feature","properties":{"e":30,"ix":0},"geometry":{"type":"LineString","coordinates":[[-118.12324,33.76705],[-118.12249,33.76696],[-118.12174,33.76723],[-118.11722,33.77089],[-118.1098,33.77418],[-118.10869,33.77503],[-118.10836,33.77631],[-118.10841,33.77928],[-118.11003,33.78226],[-118.11117,33.78353],[-118.1127,33.78384],[-118.11872,33.78322],[-118.12023,33.78332],[-118.12174,33.78369],[-118.12249,33.78374],[-118.12324,33.78352],[-118.12487,33.78226],[-118.13148,33.77588],[-118.13162,33.77546],[-118.13149,33.77503],[-118.12936,33.77333],[-118.12475,33.76828],[-118.12324,33.76705]]}},{"type":"Feature","properties":{"e":30,"ix":0},"geometry":{"type":"LineString","coordinates":[[-118.00198,33.82167],[-118.00277,33.82221],[-118.00358,33.82476],[-118.0035,33.82646],[-118.00274,33.82688],[-118.00198,33.82663],[-118.00048,33.82563],[-118.00003,33.82476],[-118.00048,33.82323],[-118.00123,33.8221],[-118.00198,33.82167]]}},{"type":"Feature","properties":{"e":30,"ix":0},"geometry":{"type":"LineString","coordinates":[[-118.23847,33.82457],[-118.23772,33.82461],[-118.23621,33.82536],[-118.23476,33.82646],[-118.23415,33.82731],[-118.23418,33.82816],[-118.23457,33.82901],[-118.23546,33.8306],[-118.23621,33.83141],[-118.23697,33.83158],[-118.23847,33.83093],[-118.23998,33.82952],[-118.24087,33.82816],[-118.24075,33.82731],[-118.23998,33.82556],[-118.23923,33.82484],[-118.23847,33.82457]]}},{"type":"Feature","properties":{"e":40,"ix":0},"geometry":{"type":"LineString","coordinates":[[-118.25278,33.85841],[-118.25203,33.85932],[-118.25128,33.85911],[-118.24998,33.84643],[-118.24977,33.84566],[-118.24917,33.84473],[-118.24826,33.84423],[-118.24149,33.84399],[-118.23923,33.84407],[-118.23756,33.84473],[-118.23245,33.8484],[-118.23094,33.84878],[-118.22718,33.84871],[-118.21136,33.84694],[-118.20985,33.84699],[-118.20684,33.84767],[-118.2034,33.84728],[-118.20243,33.84686],[-118.20278,33.84643],[-118.20647,33.84516],[-118.20699,33.84473],[-118.20706,33.84431],[-118.20628,33.84303],[-118.20359,33.84048],[-118.20232,33.83991],[-118.20157,33.83991],[-118.20025,33.84048],[-118.19705,33.84255],[-118.19657,33.84218],[-118.19705,33.84048],[-118.1994,33.83581],[-118.20035,33.83326],[-118.20141,33.82816],[-118.20156,33.82688],[-118.20147,33.82518],[-118.20171,33.82433],[-118.20232,33.82382],[-118.20436,33.82306],[-118.20582,33.82221],[-118.20779,33.82008],[-118.20814,33.81923],[-118.20797,33.81881],[-118.20684,33.81806],[-118.19554,33.81225],[-118.19404,33.81084],[-118.19178,33.80808],[-118.18944,33.80691],[-118.18835,33.80606],[-118.18605,33.80351],[-118.18529,33.80223],[-118.18451,33.79713],[-118.18382,33.79543],[-118.1737,33.78425],[-118.17295,33.78364],[-118.1722,33.78338],[-118.17144,33.78343],[-118.16994,33.78402],[-118.16843,33.78484],[-118.16692,33.78603],[-118.15563,33.8005],[-118.15061,33.80648],[-118.14163,33.82561],[-118.14081,33.82688],[-118.13981,33.82772],[-118.12776,33.83189],[-118.12625,33.83226],[-118.12475,33.83202],[-118.11797,33.82848],[-118.11571,33.82773],[-118.1142,33.82782],[-118.1127,33.82816],[-118.09807,33.83198],[-118.09464,33.83326],[-118.09421,33.83368],[-118.0941,33.83411],[-118.09672,33.84176],[-118.09799,33.84431],[-118.09786,33.84516],[-118.09737,33.84558],[-118.09448,33.84643],[-118.08483,33.84797],[-118.07429,33.85025],[-118.06977,33.85007],[-118.066,33.8489],[-118.05471,33.84257],[-118.04642,33.83822],[-118.04416,33.83648],[-118.04064,33.83538],[-118.04,33.83496],[-118.03964,33.83448],[-118.0394,33.83368],[-118.03908,33.82986],[-118.03856,33.82773],[-118.03286,33.81711],[-118.03185,33.81286],[-118.03117,33.81116],[-118.02464,33.79883],[-118.02184,33.79288],[-118.01386,33.78183],[-118.01355,33.78098],[-118.0132,33.77801],[-118.01208,33.77291],[-118.00998,33.76738],[-118.00952,33.76678],[-118.00876,33.7664],[-118.00402,33.76653],[-118.00274,33.76628],[-118.00176,33.76568],[-117.99685,33.76143],[-117.99445,33.75808],[-117.99226,33.75633],[-117.98636,33.74953],[-117.98273,33.74613],[-117.98165,33.74531],[-117.97864,33.74392],[-117.97461,33.74103],[-117.97359,33.73976],[-117.97111,33.73561],[-117.9696,33.73397],[-117.96809,33.73306],[-117.96659,33.73271],[-117.96282,33.73341],[-117.96131,33.73327],[-117.95981,33.73242],[-117.9568,33.73009],[-117.95454,33.72925],[-117.90312,33.71681],[-117.89995,33.71596],[-117.8979,33.71511]]}},{"type":"Feature","properties":{"e":40,"ix":0},"geometry":{"type":"LineString","coordinates":[[-117.88525,33.72147],[-117.886,33.72251],[-117.88751,33.72582],[-117.90026,33.75633],[-117.90062,33.75761],[-117.90054,33.75803],[-117.90007,33.75846],[-117.89504,33.75919],[-117.88901,33.76054],[-117.88826,33.7605],[-117.88751,33.76007],[-117.88675,33.7589],[-117.88525,33.75442],[-117.88464,33.75081],[-117.8841,33.72871],[-117.88449,33.72208],[-117.88525,33.72147]]}},{"type":"Feature","properties":{"e":40,"ix":0},"geometry":{"type":"LineString","coordinates":[[-118.08709,33.74771],[-118.08634,33.7477],[-118.08558,33.74948],[-118.08512,33.75251],[-118.08529,33.75378],[-118.08634,33.75421],[-118.0901,33.7541],[-118.09061,33.75378],[-118.09065,33.75336],[-118.09033,33.75251],[-118.0886,33.7495],[-118.08709,33.74771]]}},{"type":"Feature","properties":{"e":40,"ix":0},"geometry":{"type":"LineString","coordinates":[[-118.04341,33.76012],[-118.04046,33.76016],[-118.03835,33.76058],[-118.03719,33.76101],[-118.03708,33.76143],[-118.03964,33.76289],[-118.0419,33.76351],[-118.04501,33.76313],[-118.04585,33.76271],[-118.04689,33.76143],[-118.04693,33.76101],[-118.04627,33.76058],[-118.04341,33.76012]]}},{"type":"Feature","properties":{"e":40,"ix":0},"geometry":{"type":"LineString","coordinates":[[-118.18877,33.76822],[-118.18726,33.76816],[-118.18274,33.7686],[-118.18123,33.76896],[-118.18036,33.76951],[-118.1756,33.77801],[-118.17531,33.77886],[-118.17555,33.77971],[-118.17747,33.78051],[-118.19103,33.78395],[-118.19253,33.78387],[-118.19404,33.78296],[-118.1958,33.78098],[-118.19646,33.77971],[-118.19684,33.77843],[-118.19692,33.77588],[-118.19631,33.77163],[-118.19554,33.77091],[-118.19328,33.77016],[-118.19027,33.76864],[-118.18877,33.76822]]}},{"type":"Feature","properties":{"e":40,"ix":0},"geometry":{"type":"LineString","coordinates":[[-118.12249,33.76943],[-118.12174,33.76939],[-118.12098,33.7697],[-118.11786,33.77206],[-118.11315,33.77418],[-118.11178,33.77503],[-118.11147,33.77546],[-118.11127,33.77631],[-118.11138,33.77843],[-118.11255,33.78056],[-118.11342,33.78141],[-118.11496,33.7817],[-118.11872,33.78136],[-118.12174,33.78155],[-118.12249,33.78136],[-118.12399,33.78026],[-118.12814,33.77631],[-118.12853,33.77546],[-118.12834,33.77503],[-118.1265,33.77333],[-118.12376,33.77036],[-118.12249,33.76943]]}},{"type":"Feature","properties":{"e":40,"ix":0},"geometry":{"type":"LineString","coordinates":[[-118.20985,33.78903],[-118.20835,33.78897],[-118.20684,33.78932],[-118.20543,33.78991],[-118.20432,33.79076],[-118.20082,33.79589],[-118.19999,33.79756],[-118.19976,33.79883],[-118.20001,33.79968],[-118.20058,33.80053],[-118.20835,33.81085],[-118.20985,33.81223],[-118.21061,33.81237],[-118.21136,33.81194],[-118.21287,33.80983],[-118.21807,33.80096],[-118.21839,33.79968],[-118.21774,33.79798],[-118.21588,33.79535],[-118.21136,33.78998],[-118.21061,33.78934],[-118.20985,33.78903]]}},{"type":"Feature","properties":{"e":40,"ix":0},"geometry":{"type":"LineString","coordinates":[[-118.16918,33.80678],[-118.16959,33.80691],[-118.17,33.80733],[-118.17006,33.80861],[-118.1698,33.80988],[-118.16918,33.81081],[-118.16843,33.81107],[-118.16768,33.81103],[-118.16692,33.81067],[-118.16663,33.81031],[-118.16624,33.80946],[-118.16622,33.80861],[-118.16692,33.80765],[-118.16843,33.80689],[-118.16918,33.80678]]}},{"type":"Feature","properties":{"e":40,"ix":0},"geometry":{"type":"LineString","coordinates":[[-118.00274,33.8182],[-118.00349,33.81886],[-118.00424,33.82039],[-118.00524,33.82476],[-118.00569,33.82816],[-118.00557,33.82901],[-118.005,33.82991],[-118.00424,33.82993],[-118.00349,33.82961],[-118.00198,33.82865],[-117.99897,33.82633],[-117.99844,33.82561],[-117.99835,33.82518],[-117.99882,33.82348],[-118.00048,33.81978],[-118.00123,33.81865],[-118.00198,33.81811],[-118.00274,33.8182]]}},{"type":"Feature","properties":{"e":50,"ix":1},"geometry":{"type":"LineString","coordinates":[[-118.25278,33.86727],[-118.25128,33.87142],[-118.25052,33.87277],[-118.24977,33.87053],[-118.24919,33.85366],[-118.24902,33.85171],[-118.24853,33.84983],[-118.24793,33.84898],[-118.2468,33.84856],[-118.24149,33.8484],[-118.23998,33.84848],[-118.23847,33.84898],[-118.23471,33.85169],[-118.23322,33.85238],[-118.22944,33.85235],[-118.22793,33.85275],[-118.22567,33.85496],[-118.22492,33.85551],[-118.22416,33.85574],[-118.22266,33.8555],[-118.21663,33.85373],[-118.21437,33.8533],[-118.20985,33.85303],[-118.20835,33.85345],[-118.20684,33.85455],[-118.20548,33.85621],[-118.2043,33.86216],[-118.20082,33.86817],[-118.20006,33.86878],[-118.19931,33.86904],[-118.19705,33.86926],[-118.19554,33.86964],[-118.19195,33.87193],[-118.19103,33.87223],[-118.19027,33.87228],[-118.18877,33.87194],[-118.18761,33.87108],[-118.18575,33.86538],[-118.185,33.86382],[-118.18425,33.86286],[-118.18274,33.8619],[-118.18048,33.86181],[-118.1722,33.86263],[-118.16768,33.86345],[-118.16692,33.86306],[-118.16617,33.86167],[-118.16533,33.85918],[-118.16585,33.85791],[-118.16741,33.85621],[-118.16733,33.85578],[-118.16692,33.85545],[-118.16582,33.85493],[-118.16391,33.85439],[-118.16241,33.85447],[-118.15939,33.85593],[-118.15713,33.85671],[-118.15487,33.85715],[-118.15261,33.8572],[-118.15111,33.85688],[-118.14207,33.85408],[-118.14056,33.85322],[-118.13755,33.85093],[-118.13605,33.85052],[-118.13454,33.8504],[-118.13228,33.8505],[-118.12776,33.85231],[-118.12098,33.85399],[-118.11119,33.85454],[-118.10065,33.85772],[-118.09914,33.85763],[-118.09688,33.85688],[-118.09538,33.85704],[-118.09462,33.85751],[-118.09407,33.85833],[-118.09452,33.85961],[-118.09413,33.86003],[-118.09086,33.86023],[-118.0886,33.86089],[-118.08408,33.86329],[-118.08107,33.86467],[-118.07429,33.86843],[-118.07278,33.86844],[-118.06977,33.86779],[-118.06876,33.86726],[-118.06676,33.86543],[-118.066,33.86503],[-118.0645,33.86476],[-118.03964,33.86534],[-118.03782,33.86513],[-118.03738,33.86493],[-118.03682,33.86428],[-118.03566,33.86216],[-118.03389,33.86046],[-118.03396,33.85961],[-118.03469,33.85833],[-118.03457,33.85748],[-118.03411,33.85663],[-118.03261,33.85451],[-118.02834,33.84946],[-118.02643,33.84643],[-118.02649,33.84516],[-118.02778,33.84133],[-118.02895,33.83878],[-118.03087,33.83538],[-118.03091,33.83368],[-118.03019,33.83156],[-118.02834,33.8286],[-118.02609,33.82561],[-118.02232,33.82131],[-118.01746,33.81626],[-118.01412,33.81243],[-118.01255,33.81031],[-118.00801,33.80169],[-118.00303,33.79033],[-117.99295,33.77524],[-117.99027,33.77078],[-117.98767,33.76571],[-117.98692,33.76471],[-117.98333,33.76271],[-117.9824,33.762],[-117.97638,33.75558],[-117.97035,33.75185],[-117.96734,33.74784],[-117.96433,33.74485],[-117.96282,33.74414],[-117.95981,33.74429],[-117.9583,33.74394],[-117.95471,33.74146],[-117.95228,33.73921],[-117.95011,33.73806],[-117.947,33.73714],[-117.89202,33.72397],[-117.89127,33.72426],[-117.89112,33.72488],[-117.89127,33.72614],[-117.89196,33.72828],[-117.90412,33.75761],[-117.90467,33.75931],[-117.90461,33.75973],[-117.90422,33.76016],[-117.90332,33.76043],[-117.89805,33.76095],[-117.88977,33.76284],[-117.88826,33.7627],[-117.88751,33.7621],[-117.88675,33.7608],[-117.88525,33.75577],[-117.88443,33.75208],[-117.88316,33.72573],[-117.88267,33.72233],[-117.8822,33.72108]]}},{"type":"Feature","properties":{"e":50,"ix":1},"geometry":{"type":"LineString","coordinates":[[-118.18952,33.76897],[-118.18801,33.76883],[-118.18541,33.76908],[-118.18349,33.76949],[-118.18267,33.76993],[-118.182,33.77078],[-118.17871,33.77673],[-118.17841,33.77758],[-118.17863,33.77843],[-118.18048,33.77921],[-118.19103,33.78188],[-118.19253,33.78182],[-118.19404,33.78092],[-118.1954,33.77928],[-118.19606,33.77758],[-118.19622,33.77546],[-118.19582,33.77206],[-118.19561,33.77163],[-118.19509,33.77121],[-118.18952,33.76897]]}},{"type":"Feature","properties":{"e":50,"ix":1},"geometry":{"type":"LineString","coordinates":[[-118.12174,33.77181],[-118.12098,33.77182],[-118.12023,33.77214],[-118.11833,33.77333],[-118.11564,33.77461],[-118.11451,33.77546],[-118.11421,33.77631],[-118.11425,33.77716],[-118.11454,33.77801],[-118.11513,33.77886],[-118.11571,33.7793],[-118.11646,33.77952],[-118.12098,33.77943],[-118.12249,33.77878],[-118.12475,33.77673],[-118.12541,33.77588],[-118.12547,33.77546],[-118.12527,33.77503],[-118.12281,33.77248],[-118.12174,33.77181]]}},{"type":"Feature","properties":{"e":50,"ix":1},"geometry":{"type":"LineString","coordinates":[[-118.1722,33.78685],[-118.17144,33.78671],[-118.17069,33.78687],[-118.16918,33.78761],[-118.16768,33.78879],[-118.1539,33.80691],[-118.15362,33.80776],[-118.15377,33.80818],[-118.15578,33.80988],[-118.15606,33.81031],[-118.15611,33.81116],[-118.15186,33.82089],[-118.14902,33.82901],[-118.14873,33.83028],[-118.14895,33.83113],[-118.14985,33.83241],[-118.15772,33.84218],[-118.15939,33.84376],[-118.16078,33.84431],[-118.16241,33.84463],[-118.1737,33.84649],[-118.17596,33.84663],[-118.17672,33.84645],[-118.17747,33.84598],[-118.18096,33.84218],[-118.18199,33.8415],[-118.18425,33.84115],[-118.19178,33.84101],[-118.19328,33.84031],[-118.19404,33.83963],[-118.1963,33.83636],[-118.19863,33.83198],[-118.19976,33.82858],[-118.20035,33.82476],[-118.20065,33.82391],[-118.20103,33.82348],[-118.20361,33.82178],[-118.20435,33.82093],[-118.20469,33.82008],[-118.20448,33.81966],[-118.20384,33.81923],[-118.1999,33.81753],[-118.1963,33.81563],[-118.19479,33.81431],[-118.19207,33.81031],[-118.19126,33.80946],[-118.19027,33.80891],[-118.18801,33.80826],[-118.18687,33.80733],[-118.18238,33.80223],[-118.182,33.80138],[-118.18154,33.79883],[-118.18098,33.79756],[-118.17672,33.79275],[-118.17325,33.78778],[-118.1722,33.78685]]}},{"type":"Feature","properties":{"e":50,"ix":1},"geometry":{"type":"LineString","coordinates":[[-118.20835,33.78947],[-118.20668,33.78991],[-118.20533,33.79086],[-118.20308,33.79444],[-118.20262,33.79628],[-118.20316,33.79756],[-118.20759,33.80342],[-118.2091,33.80477],[-118.20985,33.80488],[-118.21061,33.80443],[-118.21211,33.8023],[-118.21462,33.79798],[-118.21486,33.79671],[-118.21441,33.79543],[-118.21362,33.79418],[-118.21061,33.79039],[-118.20985,33.78977],[-118.20835,33.78947]]}},{"type":"Feature","properties":{"e":50,"ix":1},"geometry":{"type":"LineString","coordinates":[[-118.17069,33.80554],[-118.17134,33.80606],[-118.17148,33.80691],[-118.1711,33.80988],[-118.17069,33.81132],[-118.17002,33.81201],[-118.16918,33.81225],[-118.16768,33.81226],[-118.1668,33.81201],[-118.16617,33.81153],[-118.16573,33.81073],[-118.16542,33.80903],[-118.16555,33.80818],[-118.16624,33.80733],[-118.16843,33.80598],[-118.16994,33.80551],[-118.17069,33.80554]]}},{"type":"Feature","properties":{"e":50,"ix":1},"geometry":{"type":"LineString","coordinates":[[-118.00274,33.81477],[-118.0037,33.81541],[-118.00482,33.81668],[-118.00542,33.81796],[-118.00595,33.82008],[-118.00761,33.82943],[-118.00737,33.83198],[-118.00721,33.83241],[-118.0065,33.83303],[-118.00575,33.83293],[-118.005,33.83257],[-118.00349,33.83158],[-117.99789,33.82731],[-117.99681,33.82603],[-117.99682,33.82518],[-117.9971,33.82433],[-118.00048,33.81637],[-118.00123,33.81524],[-118.00198,33.81472],[-118.00274,33.81477]]}},{"type":"Feature","properties":{"e":50,"ix":1},"geometry":{"type":"LineString","coordinates":[[-118.18877,33.87687],[-118.18906,33.87746],[-118.18889,33.87788],[-118.18801,33.87808],[-118.18781,33.87746],[-118.18801,33.87706],[-118.18877,33.87687]]}},{"type":"Feature","properties":{"e":60,"ix":0},"geometry":{"type":"LineString","coordinates":[[-118.25278,33.87561],[-118.25143,33.87916],[-118.25052,33.87989],[-118.24977,33.87938],[-118.24902,33.87799],[-118.24843,33.87576],[-118.24815,33.85918],[-118.24792,33.85621],[-118.24751,33.85428],[-118.24676,33.85325],[-118.246,33.85298],[-118.24149,33.85284],[-118.23998,33.85305],[-118.23923,33.85335],[-118.23621,33.85543],[-118.23471,33.8561],[-118.2332,33.85617],[-118.23019,33.85586],[-118.22944,33.85594],[-118.22868,33.8563],[-118.22738,33.85791],[-118.22341,33.86447],[-118.22266,33.86517],[-118.2219,33.8655],[-118.2204,33.86532],[-118.21663,33.86424],[-118.21588,33.86411],[-118.21513,33.86423],[-118.21485,33.86513],[-118.21502,33.86641],[-118.21722,33.87236],[-118.21738,33.87321],[-118.21663,33.87494],[-118.21437,33.87855],[-118.21287,33.88051],[-118.21211,33.8809],[-118.21136,33.88096],[-118.20609,33.88004],[-118.20383,33.88014],[-118.20232,33.88071],[-118.2004,33.88213],[-118.19554,33.88498],[-118.19404,33.88554],[-118.19328,33.88531],[-118.19103,33.88347],[-118.19027,33.88321],[-118.18952,33.88325],[-118.18838,33.88383],[-118.18771,33.88468],[-118.1877,33.88596],[-118.18855,33.88851],[-118.18801,33.88886],[-118.18593,33.88766],[-118.185,33.88733],[-118.18199,33.88701],[-118.17899,33.88596],[-118.17483,33.88426],[-118.17144,33.88227],[-118.16768,33.8814],[-118.16466,33.88011],[-118.16282,33.87873],[-118.15979,33.87491],[-118.15864,33.87413],[-118.15713,33.874],[-118.15487,33.87466],[-118.15303,33.87576],[-118.15111,33.87779],[-118.15036,33.87798],[-118.14885,33.87792],[-118.14779,33.87746],[-118.14508,33.87544],[-118.14358,33.87474],[-118.14056,33.87449],[-118.13529,33.87227],[-118.12927,33.87109],[-118.12475,33.8695],[-118.12249,33.86934],[-118.11797,33.8698],[-118.11571,33.86981],[-118.1142,33.86958],[-118.11044,33.8682],[-118.10893,33.86787],[-118.10743,33.86805],[-118.1014,33.87002],[-118.09989,33.87009],[-118.09688,33.86967],[-118.09462,33.87021],[-118.09236,33.87051],[-118.09086,33.87115],[-118.08653,33.87363],[-118.08483,33.87594],[-118.08408,33.87642],[-118.08332,33.87632],[-118.08107,33.87512],[-118.07881,33.87489],[-118.07203,33.87568],[-118.06374,33.87562],[-118.05546,33.87744],[-118.04793,33.87809],[-118.03889,33.87813],[-118.03286,33.87771],[-118.03196,33.87788],[-118.02985,33.8792],[-118.0291,33.87905],[-118.02834,33.87829],[-118.02719,33.87661],[-118.02609,33.8759],[-118.02232,33.87477],[-118.01855,33.87415],[-118.01782,33.87363],[-118.01648,33.87023],[-118.01501,33.86853],[-118.01473,33.86641],[-118.01452,33.86598],[-118.01328,33.86498],[-118.01272,33.86386],[-118.01268,33.86216],[-118.01301,33.86003],[-118.01332,33.85918],[-118.01404,33.85845],[-118.01554,33.85792],[-118.01705,33.85792],[-118.01768,33.85833],[-118.01855,33.85975],[-118.01931,33.85971],[-118.02081,33.85813],[-118.02159,33.85663],[-118.02155,33.85578],[-118.02081,33.85419],[-118.01596,33.84771],[-118.01544,33.84686],[-118.0152,33.84601],[-118.0153,33.84176],[-118.01711,33.83581],[-118.01746,33.83326],[-118.0173,33.83198],[-118.0164,33.83071],[-118.01371,33.82773],[-118.01102,33.82511],[-118.01027,33.82469],[-118.00977,33.82518],[-118.00957,33.82603],[-118.00986,33.83113],[-118.0094,33.83453],[-118.0089,33.83581],[-118.00801,33.83619],[-118.0065,33.83559],[-118.005,33.83456],[-117.99615,33.82773],[-117.99533,33.82688],[-117.99515,33.82603],[-117.99535,33.82518],[-117.99993,33.81286],[-118.00098,33.81073],[-118.00112,33.80988],[-117.99767,33.80436],[-117.98049,33.77291],[-117.97939,33.77135],[-117.97802,33.77036],[-117.97262,33.76738],[-117.97034,33.76526],[-117.96604,33.76271],[-117.96056,33.75708],[-117.95919,33.75591],[-117.95529,33.75458],[-117.95002,33.75081],[-117.947,33.74785],[-117.94475,33.74665],[-117.94173,33.7456],[-117.90558,33.73686],[-117.90031,33.7354],[-117.89956,33.73541],[-117.89922,33.73593],[-117.89921,33.73678],[-117.89956,33.73828],[-117.90106,33.74229],[-117.90833,33.75973],[-117.90863,33.76058],[-117.90869,33.76143],[-117.90834,33.76186],[-117.90709,33.76223],[-117.90106,33.76272],[-117.89127,33.76502],[-117.88901,33.76515],[-117.88826,33.76484],[-117.88751,33.764],[-117.88675,33.76252],[-117.88625,33.76101],[-117.88421,33.75251],[-117.88299,33.73228],[-117.88223,33.72607],[-117.88148,33.72393]]}},{"type":"Feature","properties":{"e":60,"ix":0},"geometry":{"type":"LineString","coordinates":[[-118.18877,33.7695],[-118.18571,33.76993],[-118.18479,33.77036],[-118.18435,33.77078],[-118.18172,33.77546],[-118.18142,33.77673],[-118.18199,33.77737],[-118.18349,33.77791],[-118.19027,33.77965],[-118.19178,33.77987],[-118.19253,33.77977],[-118.19404,33.77885],[-118.19513,33.77716],[-118.19551,33.77503],[-118.19517,33.77206],[-118.19486,33.77163],[-118.19406,33.77121],[-118.19103,33.76995],[-118.18877,33.7695]]}},{"type":"Feature","properties":{"e":60,"ix":0},"geometry":{"type":"LineString","coordinates":[[-118.12098,33.77417],[-118.11948,33.77441],[-118.11797,33.77521],[-118.11738,33.77588],[-118.11752,33.77673],[-118.11797,33.77717],[-118.11948,33.77744],[-118.12087,33.77716],[-118.12161,33.77673],[-118.12236,33.77588],[-118.12242,33.77546],[-118.12182,33.77461],[-118.12098,33.77417]]}},{"type":"Feature","properties":{"e":60,"ix":0},"geometry":{"type":"LineString","coordinates":[[-118.20835,33.79017],[-118.20742,33.79033],[-118.20636,33.79118],[-118.2057,33.79246],[-118.20548,33.79373],[-118.20607,33.79501],[-118.20759,33.79679],[-118.20835,33.79731],[-118.2091,33.7974],[-118.20985,33.79692],[-118.21067,33.79586],[-118.21133,33.79458],[-118.21135,33.79373],[-118.21061,33.7921],[-118.20985,33.79104],[-118.2091,33.79035],[-118.20835,33.79017]]}},{"type":"Feature","properties":{"e":60,"ix":0},"geometry":{"type":"LineString","coordinates":[[-118.17144,33.79007],[-118.16994,33.79042],[-118.16918,33.79088],[-118.16798,33.79203],[-118.15688,33.80691],[-118.15684,33.80776],[-118.15864,33.80915],[-118.16025,33.81073],[-118.16165,33.81147],[-118.16316,33.81176],[-118.16391,33.81169],[-118.16444,33.81116],[-118.16465,33.81031],[-118.16468,33.80861],[-118.16493,33.80776],[-118.16577,33.80691],[-118.16768,33.80562],[-118.16994,33.80453],[-118.17144,33.80431],[-118.1722,33.80444],[-118.17261,33.80478],[-118.17286,33.80563],[-118.17219,33.81073],[-118.17168,33.81243],[-118.17069,33.81331],[-118.16924,33.81371],[-118.16855,33.81413],[-118.16617,33.819],[-118.16466,33.82136],[-118.16391,33.82209],[-118.16165,33.82277],[-118.1609,33.82355],[-118.16008,33.82518],[-118.15827,33.83028],[-118.15808,33.83113],[-118.15825,33.83198],[-118.16015,33.83451],[-118.16165,33.83583],[-118.16316,33.83637],[-118.16542,33.83671],[-118.16692,33.83664],[-118.16918,33.83545],[-118.17069,33.8352],[-118.18877,33.83527],[-118.19027,33.83515],[-118.19178,33.8347],[-118.19404,33.83317],[-118.1963,33.83066],[-118.19798,33.82773],[-118.19935,33.82348],[-118.20088,33.82178],[-118.20128,33.82093],[-118.20106,33.82051],[-118.20039,33.82008],[-118.19705,33.8187],[-118.19554,33.81774],[-118.19479,33.81692],[-118.19187,33.81201],[-118.19103,33.81097],[-118.18968,33.81031],[-118.18719,33.80988],[-118.18634,33.80946],[-118.18539,33.80861],[-118.17961,33.80223],[-118.17825,33.79968],[-118.17596,33.79632],[-118.17295,33.79121],[-118.1722,33.79041],[-118.17144,33.79007]]}},{"type":"Feature","properties":{"e":70,"ix":0},"geometry":{"type":"LineString","coordinates":[[-118.25278,33.88293],[-118.25203,33.88367],[-118.25128,33.88382],[-118.25052,33.8834],[-118.24902,33.88131],[-118.24751,33.87703],[-118.2472,33.87491],[-118.24699,33.86216],[-118.24676,33.85988],[-118.24643,33.85876],[-118.246,33.85791],[-118.24525,33.85745],[-118.24224,33.85726],[-118.24073,33.85744],[-118.23998,33.85771],[-118.23769,33.85918],[-118.23621,33.85981],[-118.23471,33.85986],[-118.23094,33.85932],[-118.23019,33.85937],[-118.22944,33.8597],[-118.22868,33.86045],[-118.22712,33.86301],[-118.22221,33.87236],[-118.22183,33.87363],[-118.22148,33.87873],[-118.22188,33.88086],[-118.22252,33.88256],[-118.22341,33.88364],[-118.22642,33.88591],[-118.22866,33.88851],[-118.22901,33.88936],[-118.22906,33.89233],[-118.22944,33.89337],[-118.23019,33.89376],[-118.23245,33.89409],[-118.23471,33.89476],[-118.23621,33.89557],[-118.23792,33.89701],[-118.23825,33.89786],[-118.23811,33.89828],[-118.23697,33.89951],[-118.23621,33.89986],[-118.23471,33.89977],[-118.2332,33.8991],[-118.23222,33.89828],[-118.23019,33.89545],[-118.22944,33.8947],[-118.22868,33.89462],[-118.22793,33.89499],[-118.22095,33.90041],[-118.21964,33.90113],[-118.21889,33.90131],[-118.21362,33.90105],[-118.20835,33.89996],[-118.20609,33.8997],[-118.1978,33.90036],[-118.19328,33.90024],[-118.19027,33.89967],[-118.18952,33.89932],[-118.18877,33.89867],[-118.18811,33.89743],[-118.18789,33.89531],[-118.18726,33.89376],[-118.18651,33.893],[-118.185,33.89259],[-118.18349,33.89292],[-118.17904,33.89531],[-118.17784,33.89616],[-118.17672,33.89743],[-118.17446,33.89775],[-118.17144,33.89771],[-118.16994,33.8974],[-118.16768,33.89653],[-118.16466,33.89608],[-118.1609,33.89496],[-118.15713,33.8942],[-118.15261,33.89176],[-118.14358,33.88942],[-118.14056,33.88907],[-118.13454,33.88948],[-118.13303,33.88936],[-118.13185,33.88893],[-118.12927,33.88729],[-118.12851,33.88701],[-118.12324,33.88647],[-118.11345,33.88468],[-118.10517,33.8826],[-118.1014,33.88322],[-118.0901,33.88356],[-118.08935,33.88373],[-118.0886,33.88419],[-118.08709,33.88576],[-118.08634,33.88608],[-118.08332,33.88557],[-118.0773,33.886],[-118.0645,33.88552],[-118.06224,33.88578],[-118.05169,33.88836],[-118.05019,33.88836],[-118.04717,33.88758],[-118.04491,33.88772],[-118.04117,33.88851],[-118.04023,33.88893],[-118.03949,33.88978],[-118.03781,33.89361],[-118.03738,33.89405],[-118.03663,33.89416],[-118.03437,33.89334],[-118.02684,33.88953],[-118.01629,33.88709],[-118.01554,33.88666],[-118.01377,33.88468],[-118.01173,33.88298],[-118.00958,33.88001],[-118.00575,33.87538],[-118.00356,33.87406],[-118.00303,33.87321],[-118.00252,33.87023],[-118.00304,33.86811],[-118.00378,33.86131],[-118.00413,33.85961],[-118.005,33.85843],[-118.00876,33.85648],[-118.00927,33.85578],[-118.00914,33.85536],[-118.00856,33.85493],[-118.005,33.85343],[-118.00424,33.8528],[-118.00374,33.85196],[-118.00239,33.84813],[-118.00213,33.84686],[-118.00303,33.84346],[-118.00307,33.84176],[-118.00115,33.83538],[-117.99973,33.83325],[-117.99408,33.82816],[-117.99337,33.82731],[-117.99323,33.82603],[-117.99377,33.82391],[-117.99404,33.82178],[-117.9937,33.81992],[-117.98767,33.8085],[-117.97505,33.78268],[-117.97381,33.78056],[-117.97233,33.77928],[-117.96131,33.7726],[-117.95378,33.76633],[-117.9455,33.76029],[-117.94249,33.75708],[-117.94098,33.75605],[-117.93646,33.75408],[-117.91462,33.74875],[-117.90784,33.74658],[-117.90726,33.74698],[-117.90714,33.74741],[-117.90747,33.74911],[-117.90859,33.7523],[-117.91253,33.76186],[-117.91276,33.76271],[-117.91273,33.76313],[-117.91246,33.76356],[-117.91085,33.76402],[-117.90558,33.76432],[-117.90332,33.76462],[-117.8915,33.76738],[-117.88977,33.76749],[-117.88901,33.7674],[-117.88826,33.76701],[-117.88751,33.76601],[-117.886,33.76193],[-117.88415,33.75378],[-117.88377,33.75123],[-117.88299,33.73822],[-117.88238,33.73253],[-117.88148,33.72817],[-117.88073,33.72695]]}},{"type":"Feature","properties":{"e":70,"ix":0},"geometry":{"type":"LineString","coordinates":[[-118.19027,33.77027],[-118.18801,33.77037],[-118.18693,33.77078],[-118.18642,33.77121],[-118.18454,33.77461],[-118.18444,33.77546],[-118.18471,33.77588],[-118.18651,33.77661],[-118.19178,33.77781],[-118.19253,33.77771],[-118.19328,33.77737],[-118.19395,33.77673],[-118.19443,33.77588],[-118.19475,33.77461],[-118.19474,33.77291],[-118.19446,33.77206],[-118.19328,33.77131],[-118.19027,33.77027]]}},{"type":"Feature","properties":{"e":70,"ix":0},"geometry":{"type":"LineString","coordinates":[[-118.17144,33.79349],[-118.17069,33.79342],[-118.16994,33.79371],[-118.16843,33.79511],[-118.1599,33.80691],[-118.16008,33.80776],[-118.16157,33.80946],[-118.16241,33.80988],[-118.16316,33.80979],[-118.16419,33.80733],[-118.16579,33.80606],[-118.16918,33.80397],[-118.17069,33.80341],[-118.1722,33.80318],[-118.1737,33.80335],[-118.17427,33.80393],[-118.17425,33.80563],[-118.17299,33.81286],[-118.17257,33.81371],[-118.17095,33.81583],[-118.16747,33.82348],[-118.16623,33.82688],[-118.16608,33.82773],[-118.16622,33.82858],[-118.16692,33.82906],[-118.16843,33.82921],[-118.18726,33.8294],[-118.18952,33.82906],[-118.19178,33.82818],[-118.19404,33.82648],[-118.1963,33.8244],[-118.19773,33.82221],[-118.19778,33.82136],[-118.19389,33.81796],[-118.19178,33.81386],[-118.19103,33.81277],[-118.19027,33.81211],[-118.18952,33.81179],[-118.18575,33.81126],[-118.185,33.81087],[-118.18392,33.80988],[-118.17736,33.80266],[-118.17575,33.80011],[-118.17295,33.79499],[-118.1722,33.79401],[-118.17144,33.79349]]}},{"type":"Feature","properties":{"e":80,"ix":0},"geometry":{"type":"LineString","coordinates":[[-118.25278,33.88808],[-118.25203,33.8878],[-118.25128,33.88722],[-118.24977,33.88538],[-118.24826,33.88272],[-118.24744,33.88043],[-118.24614,33.87533],[-118.246,33.8681],[-118.24573,33.86471],[-118.24525,33.8628],[-118.24471,33.86216],[-118.24375,33.86174],[-118.24149,33.86183],[-118.23772,33.86351],[-118.23621,33.86353],[-118.2317,33.86276],[-118.23094,33.8628],[-118.22983,33.86343],[-118.22856,33.86513],[-118.22462,33.87236],[-118.22427,33.87363],[-118.22446,33.87448],[-118.22642,33.87836],[-118.22895,33.88426],[-118.22976,33.88553],[-118.23094,33.8866],[-118.23402,33.88851],[-118.23731,33.89276],[-118.24186,33.89701],[-118.2421,33.89786],[-118.2398,33.90126],[-118.23796,33.90508],[-118.23697,33.90631],[-118.22703,33.91231],[-118.22642,33.91301],[-118.22514,33.91571],[-118.2219,33.92009],[-118.22115,33.92086],[-118.21964,33.92192],[-118.21814,33.92227],[-118.21527,33.92166],[-118.2091,33.91988],[-118.20609,33.91951],[-118.20082,33.91747],[-118.19705,33.91698],[-118.18952,33.91522],[-118.18643,33.91401],[-118.18543,33.91316],[-118.18504,33.91146],[-118.18529,33.91018],[-118.18651,33.90755],[-118.18754,33.90423],[-118.18734,33.90296],[-118.18651,33.90191],[-118.18575,33.90188],[-118.185,33.9025],[-118.18426,33.90381],[-118.1841,33.90551],[-118.18452,33.91103],[-118.18425,33.91122],[-118.18381,33.91273],[-118.18314,33.91358],[-118.18274,33.91375],[-118.18199,33.91369],[-118.17672,33.91133],[-118.17521,33.91114],[-118.16768,33.91361],[-118.16617,33.91401],[-118.16466,33.91417],[-118.16316,33.91389],[-118.16003,33.91273],[-118.15943,33.91231],[-118.15765,33.91018],[-118.15638,33.90942],[-118.15261,33.90777],[-118.15036,33.90642],[-118.14241,33.89998],[-118.14056,33.89914],[-118.13906,33.8989],[-118.13454,33.89893],[-118.12701,33.89823],[-118.11496,33.89769],[-118.10517,33.89682],[-118.09914,33.89676],[-118.09086,33.89586],[-118.08634,33.89668],[-118.07881,33.89664],[-118.07429,33.89736],[-118.0645,33.89665],[-118.06148,33.89675],[-118.05621,33.89757],[-118.05577,33.89786],[-118.05595,33.89956],[-118.05557,33.89998],[-118.0532,33.90021],[-118.05107,33.89998],[-118.05017,33.89956],[-118.04914,33.89828],[-118.04763,33.89573],[-118.04717,33.89523],[-118.04642,33.895],[-118.04567,33.89557],[-118.04435,33.89913],[-118.04412,33.89956],[-118.04341,33.90013],[-118.0419,33.90033],[-118.03889,33.90008],[-118.03663,33.89979],[-118.03512,33.89928],[-118.0306,33.89662],[-118.02417,33.89318],[-118.02232,33.8926],[-118.01705,33.89146],[-118.01554,33.89092],[-118.01479,33.89029],[-118.01404,33.88912],[-118.01291,33.88638],[-118.01232,33.88553],[-118.00952,33.88368],[-118.00498,33.88171],[-118.00389,33.88086],[-118.00192,33.87873],[-118.00123,33.87845],[-118.00048,33.87842],[-117.99747,33.87896],[-117.99671,33.87884],[-117.99596,33.87801],[-117.99345,33.87066],[-117.99124,33.86556],[-117.99045,33.86428],[-117.98918,33.86295],[-117.98872,33.86216],[-117.98884,33.86131],[-117.99037,33.85833],[-117.99077,33.85706],[-117.99038,33.85493],[-117.99013,33.84983],[-117.9878,33.84176],[-117.98737,33.83963],[-117.98728,33.83666],[-117.98771,33.83113],[-117.98748,33.82943],[-117.98622,33.82646],[-117.96945,33.79203],[-117.96831,33.78991],[-117.96764,33.78906],[-117.96657,33.78821],[-117.95755,33.78272],[-117.95136,33.77758],[-117.94249,33.77096],[-117.93797,33.76632],[-117.93646,33.76513],[-117.93119,33.76262],[-117.92366,33.76058],[-117.91688,33.758],[-117.91613,33.75782],[-117.91537,33.75796],[-117.9152,33.75846],[-117.91537,33.76],[-117.91683,33.76441],[-117.91681,33.76483],[-117.91655,33.76526],[-117.91613,33.7655],[-117.91462,33.7658],[-117.90633,33.76638],[-117.89202,33.76969],[-117.88977,33.76974],[-117.88901,33.76959],[-117.88826,33.76911],[-117.88751,33.76804],[-117.88675,33.76613],[-117.88556,33.76186],[-117.88393,33.75421],[-117.88347,33.75123],[-117.88235,33.73721],[-117.88165,33.73338],[-117.88148,33.73266],[-117.88073,33.73113],[-117.87947,33.73027]]}},{"type":"Feature","properties":{"e":80,"ix":0},"geometry":{"type":"LineString","coordinates":[[-118.19178,33.7712],[-118.19027,33.77097],[-118.18912,33.77121],[-118.18851,33.77163],[-118.18793,33.77248],[-118.18744,33.77376],[-118.18746,33.77418],[-118.18775,33.77461],[-118.18952,33.77531],[-118.19178,33.77574],[-118.19253,33.77563],[-118.19328,33.77516],[-118.19392,33.77376],[-118.19389,33.77248],[-118.19328,33.77183],[-118.19178,33.7712]]}},{"type":"Feature","properties":{"e":80,"ix":0},"geometry":{"type":"LineString","coordinates":[[-118.17144,33.79698],[-118.17069,33.79683],[-118.16994,33.79716],[-118.16918,33.79788],[-118.16542,33.80313],[-118.1647,33.80436],[-118.16466,33.80507],[-118.16542,33.80495],[-118.16994,33.80269],[-118.1735,33.80181],[-118.17398,33.80138],[-118.17385,33.80053],[-118.17295,33.79883],[-118.1722,33.79769],[-118.17144,33.79698]]}},{"type":"Feature","properties":{"e":80,"ix":0},"geometry":{"type":"LineString","coordinates":[[-118.17672,33.80621],[-118.17596,33.80678],[-118.17521,33.80919],[-118.17424,33.81371],[-118.1728,33.81668],[-118.17153,33.82008],[-118.17128,33.82178],[-118.17151,33.82263],[-118.1722,33.82312],[-118.1737,33.82335],[-118.18575,33.82352],[-118.18877,33.82293],[-118.19027,33.82243],[-118.19178,33.82154],[-118.19297,33.82051],[-118.19318,33.81966],[-118.19196,33.81753],[-118.19116,33.81498],[-118.19027,33.81379],[-118.18877,33.81314],[-118.18524,33.81286],[-118.18391,33.81243],[-118.17822,33.80724],[-118.17672,33.80621]]}},{"type":"Feature","properties":{"e":90,"ix":0},"geometry":{"type":"LineString","coordinates":[[-118.25278,33.8918],[-118.25128,33.89041],[-118.25013,33.88893],[-118.24797,33.88553],[-118.24721,33.88383],[-118.2451,33.87576],[-118.24458,33.86853],[-118.24435,33.86768],[-118.24375,33.86661],[-118.24299,33.86625],[-118.24224,33.86625],[-118.23998,33.86704],[-118.23847,33.86725],[-118.23245,33.86621],[-118.2317,33.86624],[-118.23057,33.86683],[-118.2288,33.86938],[-118.2267,33.87321],[-118.22643,33.87406],[-118.22673,33.87533],[-118.22809,33.87788],[-118.22989,33.88213],[-118.23094,33.88371],[-118.2332,33.88515],[-118.23546,33.88601],[-118.23923,33.8866],[-118.24057,33.88723],[-118.24142,33.88851],[-118.24408,33.89446],[-118.24592,33.89701],[-118.24605,33.89786],[-118.24073,33.91075],[-118.23973,33.91273],[-118.23847,33.91418],[-118.23458,33.91656],[-118.23352,33.91741],[-118.23042,33.92208],[-118.23034,33.92251],[-118.23082,33.92336],[-118.2345,33.92676],[-118.23471,33.92718],[-118.23447,33.92761],[-118.23289,33.92803],[-118.22176,33.92931]]}},{"type":"Feature","properties":{"e":90,"ix":0},"geometry":{"type":"LineString","coordinates":[[-118.2195,33.92939],[-118.21405,33.92973]]}},{"type":"Feature","properties":{"e":90,"ix":0},"geometry":{"type":"LineString","coordinates":[[-118.20534,33.92973],[-118.20308,33.92907],[-118.20082,33.92896],[-118.19769,33.92931],[-118.19573,33.93016]]}},{"type":"Feature","properties":{"e":90,"ix":0},"geometry":{"type":"LineString","coordinates":[[-118.17333,33.93058],[-118.17299,33.92973],[-118.17162,33.92846],[-118.16165,33.92179],[-118.16015,33.92126],[-118.15412,33.92002],[-118.15111,33.91859],[-118.15036,33.91802],[-118.1496,33.9171],[-118.14783,33.91273],[-118.14734,33.91213],[-118.14659,33.91175],[-118.14243,33.91146],[-118.13906,33.90983],[-118.1368,33.90958],[-118.12936,33.91231],[-118.12906,33.91401],[-118.12851,33.91491],[-118.12806,33.91528],[-118.12701,33.91567],[-118.1255,33.91579],[-118.12399,33.91549],[-118.12203,33.91443],[-118.12112,33.91358],[-118.12094,33.91316],[-118.12097,33.91231],[-118.12072,33.91188],[-118.11972,33.91146],[-118.11646,33.91066],[-118.10743,33.90937],[-118.10592,33.90936],[-118.10517,33.90966],[-118.10481,33.91018],[-118.10384,33.91358],[-118.10291,33.91423],[-118.10215,33.91433],[-118.1014,33.91415],[-118.10065,33.9137],[-118.09979,33.91273],[-118.09971,33.91188],[-118.10003,33.91061],[-118.10002,33.90976],[-118.09975,33.90933],[-118.09914,33.90895],[-118.09538,33.90797],[-118.08935,33.90702],[-118.08408,33.90556],[-118.06751,33.90456],[-118.06299,33.90547],[-118.05772,33.90511],[-118.04943,33.9051],[-118.04416,33.90591],[-118.04341,33.90583],[-118.04115,33.90503],[-118.03461,33.90423],[-118.03286,33.9036],[-118.02641,33.89956],[-118.02157,33.8969],[-118.02006,33.89629],[-118.01629,33.8954],[-118.01479,33.89469],[-118.01404,33.8938],[-118.01328,33.89224],[-118.0114,33.88681],[-118.01063,33.88596],[-118.00876,33.88475],[-118.0065,33.88382],[-117.99973,33.882],[-117.99822,33.88187],[-117.99596,33.88236],[-117.99521,33.88198],[-117.99418,33.88001],[-117.99155,33.87151],[-117.98854,33.86641],[-117.98692,33.8645],[-117.98139,33.86003],[-117.97989,33.85791],[-117.97795,33.85621],[-117.97768,33.85578],[-117.97759,33.85451],[-117.97949,33.83708],[-117.97953,33.83538],[-117.97936,33.83411],[-117.97754,33.83028],[-117.97668,33.82773],[-117.96342,33.80053],[-117.96207,33.79822],[-117.96056,33.79698],[-117.95386,33.79288],[-117.94851,33.7885],[-117.94173,33.78342],[-117.93937,33.78098],[-117.93596,33.77588],[-117.93345,33.77336],[-117.93194,33.77256],[-117.92667,33.77048],[-117.9214,33.76807],[-117.91989,33.76777],[-117.91763,33.76771],[-117.9101,33.76803],[-117.89353,33.77188],[-117.89052,33.77204],[-117.88901,33.77176],[-117.88826,33.77117],[-117.88751,33.77004],[-117.88675,33.76815],[-117.88514,33.76186],[-117.88331,33.75251],[-117.88223,33.74102],[-117.88148,33.73714],[-117.88073,33.73548],[-117.87997,33.73476],[-117.87847,33.73409]]}},{"type":"Feature","properties":{"e":90,"ix":0},"geometry":{"type":"LineString","coordinates":[[-118.19178,33.77201],[-118.19101,33.77206],[-118.19059,33.77248],[-118.19056,33.77291],[-118.1909,33.77333],[-118.19178,33.77355],[-118.19253,33.77324],[-118.19263,33.77248],[-118.19178,33.77201]]}},{"type":"Feature","properties":{"e":90,"ix":0},"geometry":{"type":"LineString","coordinates":[[-118.17973,33.81282],[-118.17897,33.81273],[-118.17822,33.81291],[-118.17747,33.81357],[-118.17673,33.81498],[-118.17694,33.81626],[-118.17747,33.81692],[-118.17822,33.81731],[-118.18199,33.81769],[-118.18425,33.81761],[-118.18801,33.81677],[-118.18877,33.8164],[-118.18916,33.81583],[-118.18916,33.81541],[-118.18877,33.81495],[-118.18349,33.8143],[-118.17973,33.81282]]}},{"type":"Feature","properties":{"e":100,"ix":1},"geometry":{"type":"LineString","coordinates":[[-118.15128,33.93058],[-118.15292,33.92888],[-118.15311,33.92803],[-118.15284,33.92718],[-118.15125,33.92548],[-118.14851,33.92378],[-118.14584,33.92166],[-118.14508,33.92132],[-118.14358,33.92143],[-118.13657,33.92378],[-118.13529,33.92406],[-118.13153,33.92388],[-118.1255,33.9241],[-118.12174,33.92444],[-118.12023,33.92413],[-118.11646,33.92218],[-118.11044,33.91966],[-118.10893,33.91938],[-118.10592,33.91941],[-118.10441,33.91919],[-118.10366,33.91874],[-118.10226,33.91741],[-118.1014,33.917],[-118.09989,33.91685],[-118.09613,33.91796],[-118.09462,33.918],[-118.08257,33.91482],[-118.07412,33.91188],[-118.0645,33.91084],[-118.05772,33.90938],[-118.05094,33.9093],[-118.04793,33.91031],[-118.04567,33.91022],[-118.04491,33.91037],[-118.0419,33.91222],[-118.04115,33.91247],[-118.0404,33.91237],[-118.03738,33.90963],[-118.03588,33.90915],[-118.03286,33.90874],[-118.03136,33.90829],[-118.02006,33.90126],[-118.0178,33.90008],[-118.01479,33.89895],[-118.01404,33.89826],[-118.0131,33.89658],[-118.01015,33.88766],[-118.00952,33.88686],[-118.00876,33.88639],[-118.00726,33.88581],[-118.005,33.88543],[-117.99671,33.88609],[-117.99521,33.88576],[-117.99445,33.88528],[-117.99378,33.88426],[-117.99347,33.88341],[-117.99036,33.87278],[-117.98843,33.86937],[-117.98658,33.86683],[-117.98466,33.8652],[-117.97638,33.85919],[-117.97487,33.85871],[-117.97035,33.85921],[-117.9694,33.85876],[-117.96911,33.85791],[-117.96857,33.85451],[-117.97005,33.85196],[-117.97038,33.85068],[-117.97134,33.84176],[-117.97108,33.83836],[-117.97061,33.83708],[-117.96789,33.83198],[-117.96748,33.82986],[-117.96714,33.82901],[-117.95755,33.80933],[-117.95641,33.80733],[-117.95529,33.80624],[-117.95002,33.80294],[-117.94023,33.79518],[-117.93646,33.79054],[-117.93285,33.78438],[-117.93033,33.78141],[-117.92893,33.78044],[-117.92366,33.77828],[-117.91839,33.77565],[-117.91688,33.77429],[-117.91506,33.77121],[-117.91429,33.77036],[-117.91311,33.77004],[-117.91085,33.77026],[-117.89428,33.77417],[-117.88977,33.77426],[-117.88901,33.77405],[-117.88864,33.77376],[-117.88826,33.77342],[-117.88692,33.77078],[-117.88571,33.76653],[-117.88323,33.75421],[-117.88223,33.74564],[-117.88148,33.74165],[-117.88073,33.7399],[-117.87997,33.73911],[-117.87772,33.73804]]}},{"type":"Feature","properties":{"e":100,"ix":1},"geometry":{"type":"LineString","coordinates":[[-118.23395,33.86976],[-118.23245,33.86967],[-118.23132,33.87023],[-118.23019,33.87164],[-118.22868,33.87448],[-118.22878,33.87576],[-118.23075,33.88001],[-118.23158,33.88128],[-118.23245,33.88204],[-118.23395,33.88277],[-118.23546,33.88317],[-118.23847,33.88344],[-118.24073,33.88333],[-118.24375,33.88192],[-118.24444,33.88086],[-118.24448,33.87958],[-118.2436,33.87363],[-118.24299,33.87151],[-118.24224,33.87094],[-118.23923,33.87082],[-118.23395,33.86976]]}},{"type":"Feature","properties":{"e":100,"ix":1},"geometry":{"type":"LineString","coordinates":[[-118.24375,33.91839],[-118.24299,33.91897],[-118.24195,33.92038],[-118.24034,33.92208],[-118.23995,33.92293],[-118.24007,33.92336],[-118.24099,33.92421],[-118.24299,33.92491],[-118.2445,33.92476],[-118.24502,33.92421],[-118.24511,33.92378],[-118.2445,33.91932],[-118.24375,33.91839]]}},{"type":"Feature","properties":{"e":110,"ix":0},"geometry":{"type":"LineString","coordinates":[[-118.12734,33.93058],[-118.1166,33.92931],[-118.11194,33.92846],[-118.09688,33.9277],[-118.09161,33.92776],[-118.08935,33.92741],[-118.08723,33.92676],[-118.08332,33.92444],[-118.0778,33.92208],[-118.07353,33.92102],[-118.06977,33.91975],[-118.06676,33.91928],[-118.06525,33.9188],[-118.05847,33.91433],[-118.05696,33.91375],[-118.05546,33.91348],[-118.05395,33.9134],[-118.05245,33.91359],[-118.04943,33.91539],[-118.04793,33.91529],[-118.04567,33.91469],[-118.04416,33.91492],[-118.04265,33.91596],[-118.03964,33.91857],[-118.03814,33.91924],[-118.03738,33.91912],[-118.03268,33.91401],[-118.02834,33.91219],[-118.01554,33.90399],[-118.01404,33.90283],[-118.01328,33.90181],[-118.01253,33.9002],[-118.00911,33.88936],[-118.00876,33.88849],[-118.00801,33.88767],[-118.0065,33.8873],[-118.005,33.88733],[-117.99822,33.88841],[-117.99596,33.88778],[-117.99303,33.88596],[-117.99219,33.88447],[-117.98939,33.87448],[-117.98727,33.87066],[-117.98617,33.86911],[-117.98518,33.86811],[-117.97788,33.86263],[-117.97562,33.86138],[-117.97412,33.86133],[-117.96131,33.86476],[-117.95981,33.86497],[-117.95845,33.86471],[-117.95805,33.86386],[-117.95789,33.86216],[-117.95813,33.85451],[-117.95843,33.85366],[-117.95905,33.85281],[-117.96207,33.84965],[-117.96283,33.84856],[-117.96317,33.84643],[-117.96286,33.84303],[-117.96216,33.84091],[-117.95807,33.83326],[-117.95791,33.83113],[-117.95759,33.83028],[-117.95077,33.81648],[-117.94982,33.81541],[-117.94625,33.81305],[-117.94098,33.80895],[-117.93872,33.80676],[-117.93345,33.79986],[-117.92968,33.79288],[-117.92667,33.78895],[-117.92516,33.78798],[-117.91839,33.78496],[-117.91537,33.78309],[-117.91387,33.78155],[-117.91161,33.77806],[-117.91053,33.77716],[-117.90655,33.77503],[-117.90483,33.77465],[-117.90182,33.77499],[-117.89428,33.77652],[-117.88977,33.77651],[-117.88901,33.77635],[-117.88815,33.77588],[-117.88725,33.77461],[-117.88571,33.76951],[-117.88414,33.76186],[-117.88148,33.74611],[-117.88073,33.74434],[-117.87997,33.74353],[-117.87847,33.74256],[-117.87696,33.74188]]}},{"type":"Feature","properties":{"e":110,"ix":0},"geometry":{"type":"LineString","coordinates":[[-118.23395,33.87311],[-118.2332,33.87311],[-118.23208,33.87363],[-118.23105,33.87491],[-118.23084,33.87576],[-118.23121,33.87703],[-118.23218,33.87873],[-118.2332,33.87965],[-118.23395,33.87998],[-118.23621,33.88024],[-118.23772,33.87984],[-118.2407,33.87703],[-118.24149,33.87582],[-118.24149,33.87533],[-118.2412,33.87491],[-118.24044,33.87448],[-118.23395,33.87311]]}},{"type":"Feature","properties":{"e":110,"ix":0},"geometry":{"type":"LineString","coordinates":[[-118.03588,33.9201],[-118.03611,33.92038],[-118.03512,33.9205],[-118.03487,33.92038],[-118.03512,33.92006],[-118.03588,33.9201]]}},{"type":"Feature","properties":{"e":120,"ix":0},"geometry":{"type":"LineString","coordinates":[[-118.10964,33.93058],[-118.10215,33.93003],[-118.08483,33.92921],[-118.08031,33.92869],[-118.075,33.92761],[-118.0676,33.92591],[-118.06496,33.92506],[-118.05546,33.91866],[-118.05395,33.91813],[-118.0532,33.91825],[-118.05094,33.91946],[-118.04943,33.91993],[-118.04793,33.91984],[-118.04491,33.91909],[-118.04416,33.91916],[-118.04341,33.91946],[-118.04144,33.92081],[-118.04015,33.92123],[-118.03663,33.92184],[-118.03512,33.92181],[-118.03362,33.92144],[-118.03256,33.92081],[-118.02848,33.91698],[-118.01253,33.90493],[-118.01166,33.90338],[-118.00829,33.89233],[-118.00726,33.89021],[-118.0065,33.88974],[-118.00575,33.88968],[-118.00048,33.89075],[-117.99897,33.89063],[-117.99596,33.88919],[-117.99172,33.88638],[-117.9909,33.88511],[-117.98826,33.87576],[-117.98617,33.87206],[-117.98508,33.87066],[-117.98391,33.86957],[-117.97713,33.86458],[-117.97562,33.8639],[-117.97412,33.86391],[-117.95152,33.87023],[-117.95002,33.87037],[-117.94884,33.86981],[-117.94824,33.86896],[-117.9481,33.86811],[-117.95009,33.85451],[-117.95071,33.85323],[-117.95517,33.84771],[-117.95567,33.84686],[-117.95587,33.84601],[-117.95529,33.84473],[-117.95127,33.84006],[-117.94861,33.83538],[-117.94821,33.83411],[-117.94836,33.83283],[-117.94822,33.83198],[-117.94508,33.82561],[-117.94399,33.82428],[-117.94069,33.82178],[-117.93872,33.81999],[-117.93269,33.81234],[-117.93044,33.8091],[-117.92592,33.80046],[-117.92366,33.79717],[-117.9229,33.79638],[-117.91688,33.79341],[-117.91311,33.79102],[-117.91161,33.78978],[-117.90935,33.78694],[-117.90408,33.78406],[-117.90106,33.78131],[-117.89971,33.78056],[-117.89654,33.77963],[-117.89504,33.7797],[-117.88977,33.78205],[-117.88901,33.78198],[-117.88717,33.78056],[-117.88502,33.77971],[-117.88477,33.77928],[-117.88487,33.77886],[-117.88567,33.77801],[-117.88589,33.77716],[-117.88543,33.77546],[-117.88522,33.77333],[-117.88404,33.76696],[-117.88148,33.75055],[-117.88073,33.74878],[-117.87997,33.74797],[-117.87772,33.74652],[-117.87546,33.74551]]}},{"type":"Feature","properties":{"e":130,"ix":0},"geometry":{"type":"LineString","coordinates":[[-118.09162,33.93058],[-118.07956,33.92984],[-118.07401,33.92931],[-118.06897,33.92846],[-118.06133,33.92676],[-118.05797,33.92591],[-118.05703,33.92548],[-118.05671,33.92506],[-118.05648,33.92421],[-118.0561,33.92378],[-118.05395,33.92224],[-118.05245,33.92161],[-118.04793,33.92229],[-118.04491,33.92243],[-118.04115,33.92231],[-118.03738,33.92256],[-118.03437,33.9223],[-118.0324,33.92166],[-118.02458,33.91617],[-118.01102,33.90591],[-118.01021,33.90466],[-118.00726,33.89515],[-118.00656,33.89361],[-118.00617,33.89318],[-118.00575,33.89284],[-118.005,33.89268],[-118.00198,33.89312],[-118.00123,33.89309],[-117.99973,33.89264],[-117.99671,33.89095],[-117.99044,33.88681],[-117.98956,33.88553],[-117.98712,33.87703],[-117.98517,33.87363],[-117.98316,33.87146],[-117.97788,33.86755],[-117.97638,33.86667],[-117.97487,33.8664],[-117.97336,33.86668],[-117.95378,33.87227],[-117.95002,33.87372],[-117.94926,33.87355],[-117.94851,33.87296],[-117.9409,33.86641],[-117.94012,33.86513],[-117.94003,33.86428],[-117.94021,33.86301],[-117.94281,33.85196],[-117.94023,33.84195],[-117.93872,33.83365],[-117.93828,33.83283],[-117.92824,33.81966],[-117.9229,33.80931],[-117.9201,33.80478],[-117.91914,33.80383],[-117.91537,33.80184],[-117.9101,33.79842],[-117.90709,33.79583],[-117.90332,33.7941],[-117.90182,33.79276],[-117.8986,33.78906],[-117.8973,33.78793],[-117.89504,33.78703],[-117.89278,33.78656],[-117.89127,33.78661],[-117.88826,33.78713],[-117.88675,33.78689],[-117.886,33.78645],[-117.88574,33.78608],[-117.88526,33.78311],[-117.88473,33.78226],[-117.88374,33.7818],[-117.88223,33.7815],[-117.87922,33.78192],[-117.8787,33.78141],[-117.87841,33.77928],[-117.8769,33.77716],[-117.87661,33.77588],[-117.87708,33.76781],[-117.8787,33.75251],[-117.8784,33.75166],[-117.87744,33.75081],[-117.87621,33.75008],[-117.8747,33.7495]]}},{"type":"Feature","properties":{"e":140,"ix":0},"geometry":{"type":"LineString","coordinates":[[-118.07482,33.93058],[-118.06676,33.92978],[-118.06224,33.9291],[-118.04956,33.92633],[-118.04642,33.9252],[-118.04416,33.92487],[-118.04115,33.92353],[-118.03588,33.92317],[-118.03286,33.92264],[-118.03136,33.92204],[-118.02709,33.91953],[-118.02212,33.91613],[-118.01328,33.90934],[-118.00943,33.90678],[-118.00863,33.90551],[-118.00597,33.89743],[-118.005,33.89597],[-118.00424,33.89565],[-118.00198,33.8952],[-118.00048,33.89451],[-117.99039,33.88808],[-117.98873,33.88681],[-117.98807,33.88553],[-117.98615,33.87873],[-117.98542,33.87714],[-117.98426,33.87533],[-117.98221,33.87321],[-117.97788,33.87001],[-117.97638,33.86918],[-117.97487,33.86897],[-117.97336,33.86928],[-117.95529,33.87447],[-117.95234,33.87576],[-117.95077,33.87731],[-117.95002,33.87766],[-117.94926,33.87727],[-117.94851,33.87649],[-117.94582,33.87321],[-117.94173,33.86976],[-117.94023,33.86877],[-117.93797,33.86821],[-117.93721,33.86779],[-117.93426,33.86258],[-117.9335,33.86046],[-117.93353,33.85918],[-117.93455,33.85408],[-117.93431,33.85026],[-117.93463,33.84771],[-117.9342,33.84556],[-117.93345,33.84395],[-117.93194,33.84173],[-117.93044,33.83888],[-117.92742,33.8311],[-117.92667,33.83006],[-117.92516,33.82883],[-117.92441,33.82791],[-117.91929,33.81711],[-117.91743,33.81371],[-117.91626,33.81201],[-117.91529,33.81116],[-117.90633,33.80537],[-117.90116,33.80308],[-117.89504,33.79574],[-117.89415,33.79501],[-117.89278,33.7944],[-117.88977,33.79382],[-117.88751,33.79406],[-117.88525,33.79509],[-117.87847,33.79921],[-117.87772,33.7993],[-117.87734,33.79883],[-117.87731,33.79798],[-117.87772,33.79727],[-117.88298,33.79458],[-117.88419,33.79373],[-117.88448,33.79331],[-117.88441,33.79288],[-117.88383,33.79246],[-117.88073,33.79151],[-117.87997,33.79105],[-117.87847,33.78951],[-117.87772,33.78915],[-117.87621,33.78884],[-117.87587,33.78821],[-117.87429,33.78353],[-117.87364,33.77928],[-117.87347,33.77673],[-117.87371,33.76993],[-117.8736,33.76908],[-117.87332,33.76859]]}},{"type":"Feature","properties":{"e":140,"ix":0},"geometry":{"type":"LineString","coordinates":[[-117.8747,33.82797],[-117.8747,33.82964],[-117.87446,33.82943],[-117.87441,33.82901],[-117.8747,33.82797]]}},{"type":"Feature","properties":{"e":150,"ix":1},"geometry":{"type":"LineString","coordinates":[[-118.06036,33.93058],[-118.05395,33.92945],[-118.04265,33.92705],[-118.04115,33.92648],[-118.0396,33.92506],[-118.03873,33.92463],[-118.03286,33.92403],[-118.03136,33.92369],[-118.02684,33.92098],[-118.02092,33.91698],[-118.01253,33.91064],[-118.00782,33.90763],[-118.00705,33.90636],[-118.00483,33.89956],[-118.00424,33.89843],[-118.00371,33.89786],[-117.98918,33.88853],[-117.98744,33.88723],[-117.98672,33.88596],[-117.98501,33.88001],[-117.98365,33.87746],[-117.98165,33.87525],[-117.97713,33.87201],[-117.97562,33.87153],[-117.97412,33.87168],[-117.9568,33.87673],[-117.95395,33.87788],[-117.95303,33.87849],[-117.95228,33.87948],[-117.95152,33.88108],[-117.95077,33.88195],[-117.95002,33.8817],[-117.94926,33.88095],[-117.94475,33.87496],[-117.94023,33.87116],[-117.93872,33.87048],[-117.93495,33.8704],[-117.9342,33.87015],[-117.9274,33.85748],[-117.92694,33.85578],[-117.92704,33.85366],[-117.92667,33.85155],[-117.92317,33.84303],[-117.9214,33.83993],[-117.91895,33.83666],[-117.91566,33.82901],[-117.91007,33.81711],[-117.90859,33.81571],[-117.89928,33.80946],[-117.89686,33.80818],[-117.8909,33.80563],[-117.88932,33.80478],[-117.88845,33.80393],[-117.88675,33.80164],[-117.88525,33.8006],[-117.88374,33.80017],[-117.88223,33.80026],[-117.87997,33.80116],[-117.87772,33.80281],[-117.87696,33.80298],[-117.87621,33.80213],[-117.87549,33.80011],[-117.87398,33.79331],[-117.87346,33.78991],[-117.87291,33.78879]]}},{"type":"Feature","properties":{"e":150,"ix":1},"geometry":{"type":"LineString","coordinates":[[-117.8747,33.82655],[-117.87535,33.82773],[-117.87522,33.82986],[-117.87471,33.83198],[-117.87395,33.83294],[-117.87345,33.83241],[-117.87328,33.83156],[-117.87351,33.82858],[-117.87395,33.82705],[-117.8747,33.82655]]}},{"type":"Feature","properties":{"e":160,"ix":0},"geometry":{"type":"LineString","coordinates":[[-118.04806,33.93058],[-118.03814,33.92813],[-118.03706,33.92761],[-118.03588,33.92671],[-118.03512,33.92642],[-118.0306,33.92583],[-118.02941,33.92506],[-118.02719,33.92293],[-118.01793,33.91656],[-118.01253,33.91247],[-118.0065,33.90875],[-118.00565,33.90763],[-118.00368,33.90126],[-118.00248,33.89913],[-118.00116,33.89786],[-117.99891,33.89616],[-117.98615,33.88766],[-117.98537,33.88638],[-117.98388,33.88128],[-117.98273,33.87916],[-117.9809,33.87715],[-117.97713,33.87449],[-117.97562,33.87407],[-117.97412,33.87427],[-117.96131,33.87792],[-117.95529,33.8802],[-117.95412,33.88086],[-117.9534,33.88171],[-117.95228,33.88506],[-117.95152,33.88636],[-117.95077,33.88616],[-117.95002,33.88543],[-117.94354,33.87661],[-117.93947,33.87314],[-117.93872,33.87267],[-117.93721,33.8723],[-117.93269,33.87258],[-117.93093,33.87236],[-117.93051,33.87193],[-117.93018,33.87023],[-117.92981,33.86938],[-117.92516,33.86116],[-117.92366,33.85922],[-117.9188,33.85451],[-117.91387,33.84626],[-117.90841,33.83538],[-117.90183,33.82136],[-117.90059,33.81923],[-117.89911,33.81796],[-117.89278,33.81371],[-117.88989,33.81201],[-117.88643,33.81031],[-117.87997,33.80765],[-117.87922,33.80754],[-117.87696,33.80818],[-117.87621,33.80786],[-117.87533,33.80648],[-117.87244,33.80002]]}},{"type":"Feature","properties":{"e":160,"ix":0},"geometry":{"type":"LineString","coordinates":[[-117.8747,33.82534],[-117.87546,33.82616],[-117.8758,33.82731],[-117.87558,33.83071],[-117.8747,33.83302],[-117.87395,33.8342],[-117.8732,33.83468],[-117.87287,33.83411],[-117.87274,33.83326],[-117.87305,33.82816],[-117.87395,33.82589],[-117.8747,33.82534]]}},{"type":"Feature","properties":{"e":170,"ix":0},"geometry":{"type":"LineString","coordinates":[[-118.03739,33.93058],[-118.03211,33.92853],[-118.02985,33.92798],[-118.0291,33.92758],[-118.02601,33.92421],[-118.02335,33.92208],[-118.01178,33.91378],[-118.005,33.90968],[-118.00414,33.90848],[-118.00246,33.90253],[-118.00123,33.90053],[-117.99825,33.89743],[-117.99624,33.89573],[-117.98488,33.88808],[-117.98421,33.88723],[-117.98273,33.88256],[-117.98165,33.88062],[-117.98014,33.87905],[-117.97713,33.87697],[-117.97562,33.87661],[-117.97336,33.87706],[-117.96321,33.88001],[-117.95529,33.88315],[-117.95454,33.88378],[-117.95404,33.88468],[-117.95303,33.88926],[-117.95228,33.8908],[-117.95152,33.89064],[-117.95077,33.88991],[-117.94274,33.87873],[-117.94173,33.87763],[-117.93947,33.8757],[-117.93797,33.87463],[-117.93646,33.87421],[-117.92893,33.87474],[-117.92742,33.87452],[-117.92706,33.87406],[-117.92702,33.87236],[-117.92667,33.87112],[-117.92516,33.86863],[-117.92441,33.86783],[-117.92366,33.86752],[-117.9214,33.86801],[-117.92064,33.8679],[-117.91085,33.86545],[-117.90558,33.86506],[-117.90284,33.86386],[-117.90182,33.8636],[-117.89805,33.86393],[-117.8973,33.86383],[-117.89682,33.86343],[-117.89667,33.86301],[-117.8973,33.86162],[-117.89805,33.86104],[-117.8988,33.86075],[-117.90182,33.85992],[-117.90332,33.85868],[-117.90671,33.85408],[-117.90685,33.85323],[-117.90654,33.85238],[-117.90257,33.8447],[-117.89332,33.82518],[-117.89142,33.82178],[-117.88945,33.82008],[-117.88223,33.81553],[-117.87922,33.81401],[-117.87621,33.8132],[-117.87468,33.81243],[-117.8732,33.81116],[-117.87219,33.80946],[-117.87169,33.80903]]}},{"type":"Feature","properties":{"e":170,"ix":0},"geometry":{"type":"LineString","coordinates":[[-117.8747,33.82382],[-117.87546,33.82438],[-117.87565,33.82476],[-117.87625,33.82688],[-117.87632,33.82816],[-117.87597,33.83113],[-117.87556,33.83241],[-117.87395,33.83522],[-117.8732,33.83616],[-117.87244,33.83609],[-117.87207,33.83368],[-117.87257,33.82773],[-117.87358,33.82476],[-117.87395,33.82414],[-117.8747,33.82382]]}},{"type":"Feature","properties":{"e":180,"ix":0},"geometry":{"type":"LineString","coordinates":[[-117.87169,33.82791],[-117.87199,33.82518],[-117.87169,33.82299]]}},{"type":"Feature","properties":{"e":180,"ix":0},"geometry":{"type":"LineString","coordinates":[[-118.02897,33.93058],[-118.0248,33.92548],[-118.02335,33.92421],[-118.0113,33.91528],[-118.00349,33.91044],[-118.00274,33.90914],[-118.00145,33.90423],[-118.00048,33.90251],[-117.99347,33.89531],[-117.99061,33.89318],[-117.98417,33.88893],[-117.98317,33.88808],[-117.98268,33.88723],[-117.98165,33.88396],[-117.9809,33.88256],[-117.97939,33.88095],[-117.97713,33.87947],[-117.97638,33.87923],[-117.97487,33.87928],[-117.96734,33.88138],[-117.96433,33.88241],[-117.95604,33.88574],[-117.95529,33.88641],[-117.95473,33.88766],[-117.95378,33.8936],[-117.95303,33.89526],[-117.95228,33.89511],[-117.95077,33.89345],[-117.94122,33.88001],[-117.93947,33.87831],[-117.93721,33.87658],[-117.93571,33.87612],[-117.9342,33.87615],[-117.9229,33.87705],[-117.91537,33.87842],[-117.91387,33.87836],[-117.91311,33.87801],[-117.9114,33.87661],[-117.90362,33.87108],[-117.89805,33.8676],[-117.89654,33.86618],[-117.89463,33.86386],[-117.89445,33.86301],[-117.89482,33.86088],[-117.89578,33.85706],[-117.89655,33.85493],[-117.89728,33.85366],[-117.89738,33.85323],[-117.89719,33.85238],[-117.89428,33.84832],[-117.89292,33.84601],[-117.88481,33.82901],[-117.88192,33.82391],[-117.88038,33.82263],[-117.87696,33.8206],[-117.87546,33.82032],[-117.87432,33.82093],[-117.87409,33.82136],[-117.87557,33.82221],[-117.87607,33.82263],[-117.87655,33.82348],[-117.87702,33.82731],[-117.87682,33.82986],[-117.87653,33.83156],[-117.87601,33.83283],[-117.87439,33.83538],[-117.8732,33.83812],[-117.87244,33.83867],[-117.87169,33.83853],[-117.87107,33.83751],[-117.87178,33.83028],[-117.87169,33.82841]]}},{"type":"Feature","properties":{"e":190,"ix":0},"geometry":{"type":"LineString","coordinates":[[-118.02551,33.93058],[-118.02549,33.92973],[-118.02488,33.92846],[-118.02359,33.92676],[-118.02232,33.92557],[-118.01554,33.92054],[-118.01083,33.91783],[-118.00965,33.91613],[-118.0086,33.91528],[-118.00245,33.91146],[-118.0016,33.91018],[-118.00046,33.90593],[-117.99914,33.90381],[-117.99011,33.89446],[-117.98799,33.89276],[-117.98188,33.88851],[-117.98134,33.88766],[-117.98014,33.88456],[-117.97939,33.88356],[-117.97788,33.88235],[-117.97638,33.88177],[-117.97562,33.88175],[-117.97336,33.88226],[-117.96809,33.88383],[-117.9568,33.88834],[-117.95604,33.88904],[-117.95533,33.89106],[-117.95445,33.89828],[-117.95378,33.89973],[-117.95303,33.89959],[-117.95077,33.8969],[-117.94004,33.88171],[-117.93872,33.88031],[-117.93646,33.87854],[-117.93495,33.87804],[-117.93345,33.87804],[-117.92064,33.87907],[-117.91839,33.87944],[-117.91387,33.88069],[-117.91161,33.88071],[-117.91016,33.88043],[-117.90957,33.88001],[-117.90882,33.87873],[-117.90786,33.87788],[-117.89967,33.87193],[-117.89564,33.86938],[-117.89481,33.86853],[-117.89353,33.86621],[-117.89278,33.86546],[-117.88862,33.86343],[-117.88819,33.86258],[-117.88753,33.85791],[-117.88745,33.85663],[-117.88766,33.85536],[-117.88793,33.85493],[-117.88863,33.85451],[-117.89451,33.85323],[-117.89505,33.85281],[-117.89502,33.85196],[-117.8945,33.85111],[-117.89299,33.84941],[-117.87882,33.83453],[-117.87772,33.83359],[-117.87696,33.83345],[-117.87621,33.83378],[-117.87546,33.83451],[-117.87451,33.83623],[-117.87395,33.83807],[-117.87244,33.84126],[-117.87169,33.84192],[-117.87094,33.84205]]}},{"type":"Feature","properties":{"e":200,"ix":1},"geometry":{"type":"LineString","coordinates":[[-118.02,33.93058],[-118.02232,33.92913],[-118.02243,33.92846],[-118.0219,33.92761],[-118.01931,33.92558],[-118.01629,33.92382],[-118.00801,33.92083],[-118.00718,33.92038],[-118.0068,33.91953],[-118.00747,33.91698],[-118.00714,33.91613],[-118.00123,33.91227],[-118.00041,33.91103],[-117.99929,33.90721],[-117.99822,33.90559],[-117.98673,33.89361],[-117.98472,33.89191],[-117.98059,33.88893],[-117.97998,33.88808],[-117.97896,33.88596],[-117.97788,33.88488],[-117.97713,33.88449],[-117.97562,33.88432],[-117.97261,33.88507],[-117.96888,33.88638],[-117.95755,33.89093],[-117.9568,33.89168],[-117.95615,33.89361],[-117.95529,33.90244],[-117.95454,33.90419],[-117.95378,33.90406],[-117.95152,33.90138],[-117.93885,33.88341],[-117.93773,33.88213],[-117.93571,33.8805],[-117.93495,33.88013],[-117.93345,33.87991],[-117.92592,33.88053],[-117.92215,33.88046],[-117.91914,33.88089],[-117.91462,33.88241],[-117.91236,33.88291],[-117.90935,33.88288],[-117.90666,33.88256],[-117.90593,33.88213],[-117.90546,33.88043],[-117.90485,33.87958],[-117.89324,33.87108],[-117.89099,33.86853],[-117.88525,33.86613],[-117.8801,33.86471],[-117.87921,33.86428],[-117.8787,33.86343],[-117.87877,33.86216],[-117.88074,33.85748],[-117.881,33.85578],[-117.88073,33.85535],[-117.87716,33.85536],[-117.87621,33.85497],[-117.87546,33.85393],[-117.8747,33.85189],[-117.87448,33.85068],[-117.8747,33.84864],[-117.87546,33.84892],[-117.87596,33.84983],[-117.87724,33.85111],[-117.88223,33.85381],[-117.88374,33.85388],[-117.89202,33.8529],[-117.89353,33.85247],[-117.89382,33.85196],[-117.89321,33.85068],[-117.8917,33.84898],[-117.88027,33.83751],[-117.87772,33.83517],[-117.87696,33.83477],[-117.87621,33.83477],[-117.87546,33.83541],[-117.87487,33.83666],[-117.87429,33.83878],[-117.87369,33.84176],[-117.87297,33.84388],[-117.87294,33.84473],[-117.87244,33.84527],[-117.87094,33.84559]]}},{"type":"Feature","properties":{"e":210,"ix":0},"geometry":{"type":"LineString","coordinates":[[-118.01352,33.93058],[-118.01686,33.92888],[-118.01729,33.92846],[-118.01711,33.92803],[-118.01518,33.92718],[-118.005,33.92372],[-118.00349,33.92296],[-118.00326,33.92251],[-118.00328,33.92166],[-118.00511,33.91741],[-118.00503,33.91656],[-118.00411,33.91571],[-118.00067,33.91358],[-117.99973,33.91277],[-117.99924,33.91188],[-117.99822,33.90872],[-117.99715,33.90721],[-117.98333,33.89276],[-117.97922,33.88936],[-117.97788,33.88765],[-117.97713,33.88708],[-117.97562,33.8869],[-117.97336,33.88753],[-117.95981,33.89281],[-117.95821,33.89361],[-117.95749,33.89446],[-117.95688,33.89658],[-117.95604,33.90688],[-117.95529,33.90865],[-117.95454,33.90854],[-117.95228,33.90586],[-117.93766,33.88511],[-117.93646,33.8837],[-117.93495,33.88247],[-117.9342,33.88207],[-117.93269,33.88182],[-117.92667,33.88228],[-117.92215,33.882],[-117.91914,33.88254],[-117.91387,33.88445],[-117.91161,33.88503],[-117.90935,33.88514],[-117.90558,33.88493],[-117.90332,33.88471],[-117.90257,33.88446],[-117.902,33.88383],[-117.90185,33.88171],[-117.90129,33.88086],[-117.89606,33.87703],[-117.88977,33.87197],[-117.88826,33.87111],[-117.87997,33.86787],[-117.87847,33.86703],[-117.8767,33.86556],[-117.87454,33.86301],[-117.87221,33.85791],[-117.87094,33.85606]]}},{"type":"Feature","properties":{"e":210,"ix":0},"geometry":{"type":"LineString","coordinates":[[-117.87696,33.83558],[-117.87621,33.8356],[-117.87561,33.83623],[-117.87525,33.83708],[-117.87475,33.83963],[-117.8746,33.84346],[-117.87505,33.84643],[-117.87763,33.84983],[-117.87847,33.85055],[-117.87997,33.85139],[-117.88223,33.85234],[-117.88374,33.85273],[-117.88826,33.85261],[-117.89127,33.85227],[-117.89234,33.85196],[-117.89267,33.85153],[-117.89262,33.85111],[-117.89102,33.84898],[-117.8795,33.83751],[-117.87772,33.83598],[-117.87696,33.83558]]}},{"type":"Feature","properties":{"e":220,"ix":0},"geometry":{"type":"LineString","coordinates":[[-118.00691,33.93058],[-118.00822,33.92931],[-118.00806,33.92888],[-118.0065,33.92815],[-118.00048,33.92602],[-117.99973,33.92532],[-117.99965,33.92463],[-118.00004,33.92336],[-118.00273,33.91783],[-118.00284,33.91698],[-118.00261,33.91656],[-117.99893,33.91401],[-117.99822,33.9131],[-117.99709,33.91018],[-117.99596,33.90868],[-117.98165,33.89376],[-117.97939,33.89159],[-117.97713,33.88987],[-117.97638,33.88963],[-117.97562,33.88966],[-117.97412,33.89011],[-117.96056,33.89539],[-117.95906,33.89612],[-117.9586,33.89658],[-117.95812,33.89743],[-117.95763,33.89956],[-117.9568,33.91131],[-117.95604,33.91313],[-117.95529,33.91305],[-117.95454,33.91234],[-117.95303,33.91035],[-117.93646,33.8868],[-117.93544,33.88553],[-117.9342,33.88444],[-117.93345,33.88402],[-117.93194,33.88373],[-117.92667,33.88401],[-117.9229,33.8835],[-117.91989,33.88399],[-117.91311,33.88648],[-117.9101,33.88724],[-117.90784,33.88732],[-117.90182,33.88698],[-117.89988,33.88681],[-117.8988,33.88649],[-117.89831,33.88596],[-117.8982,33.88553],[-117.89823,33.88298],[-117.89773,33.88213],[-117.88901,33.87543],[-117.88751,33.87474],[-117.88073,33.87284],[-117.87696,33.87044],[-117.87621,33.87045],[-117.8747,33.87085],[-117.87395,33.87001],[-117.87094,33.86216]]}},{"type":"Feature","properties":{"e":220,"ix":0},"geometry":{"type":"LineString","coordinates":[[-117.87772,33.83664],[-117.87696,33.83631],[-117.87621,33.83649],[-117.87565,33.83751],[-117.87523,33.83963],[-117.87512,33.84303],[-117.87531,33.84516],[-117.87571,33.84643],[-117.878,33.84941],[-117.87997,33.85076],[-117.88223,33.85171],[-117.88374,33.85207],[-117.88751,33.85201],[-117.89052,33.85166],[-117.89127,33.85141],[-117.89155,33.85111],[-117.89139,33.85026],[-117.89003,33.84856],[-117.8802,33.83878],[-117.87772,33.83664]]}},{"type":"Feature","properties":{"e":220,"ix":0},"geometry":{"type":"LineString","coordinates":[[-117.97186,33.90649],[-117.97217,33.90721],[-117.97205,33.90891],[-117.97058,33.91656],[-117.96995,33.91741],[-117.96885,33.91803],[-117.96734,33.91827],[-117.96583,33.91792],[-117.96532,33.91741],[-117.96548,33.91698],[-117.96722,33.91528],[-117.97035,33.90885],[-117.97186,33.90649]]}},{"type":"Feature","properties":{"e":230,"ix":0},"geometry":{"type":"LineString","coordinates":[[-117.99961,33.93058],[-117.99951,33.93016],[-117.99912,33.92973],[-117.99651,33.92846],[-117.99607,33.92761],[-117.99671,33.92548],[-118.00034,33.91826],[-118.00058,33.91741],[-118.00049,33.91698],[-117.99973,33.9162],[-117.99747,33.91457],[-117.99596,33.91163],[-117.99521,33.91064],[-117.98843,33.90354],[-117.98391,33.89905],[-117.98165,33.89745],[-117.9809,33.89746],[-117.98014,33.899],[-117.97676,33.91613],[-117.97629,33.91698],[-117.97456,33.91826],[-117.97411,33.91868],[-117.97397,33.91911],[-117.97412,33.91954],[-117.97588,33.92166],[-117.97611,33.92208],[-117.97605,33.92251],[-117.97468,33.92251],[-117.96734,33.92031],[-117.96282,33.91921],[-117.95981,33.91879],[-117.95895,33.91826],[-117.95886,33.91783],[-117.96207,33.91723],[-117.96433,33.91633],[-117.96541,33.91571],[-117.96643,33.91443],[-117.97312,33.89828],[-117.97397,33.89488],[-117.97382,33.89403],[-117.97336,33.89364],[-117.97261,33.89368],[-117.97111,33.89415],[-117.96131,33.89797],[-117.95981,33.89872],[-117.9591,33.89956],[-117.95858,33.90126],[-117.95831,33.90338],[-117.9577,33.91698],[-117.9568,33.91702],[-117.95443,33.91613],[-117.95343,33.91528],[-117.94926,33.90848],[-117.93557,33.88893],[-117.9342,33.88714],[-117.93269,33.88597],[-117.93119,33.88563],[-117.92742,33.88576],[-117.92441,33.88512],[-117.9229,33.88504],[-117.92064,33.88543],[-117.91161,33.88877],[-117.90859,33.88945],[-117.90558,33.88947],[-117.89579,33.88879],[-117.895,33.88851],[-117.89449,33.88766],[-117.89466,33.88468],[-117.89447,33.88383],[-117.89417,33.88341],[-117.88817,33.87873],[-117.88675,33.87784],[-117.88525,33.87742],[-117.88148,33.87687],[-117.87847,33.87595],[-117.87757,33.87618],[-117.87546,33.8785],[-117.8747,33.8786],[-117.87395,33.87741],[-117.87183,33.86981],[-117.87094,33.86736]]}},{"type":"Feature","properties":{"e":230,"ix":0},"geometry":{"type":"LineString","coordinates":[[-117.87696,33.83703],[-117.87621,33.83753],[-117.8758,33.83878],[-117.87558,33.84091],[-117.87561,33.84431],[-117.87582,33.84558],[-117.8762,33.84643],[-117.87821,33.84898],[-117.87922,33.84981],[-117.88073,33.85059],[-117.88223,33.85116],[-117.88374,33.85148],[-117.88826,33.85128],[-117.88977,33.85104],[-117.89045,33.85068],[-117.89055,33.85026],[-117.89013,33.84941],[-117.88785,33.84686],[-117.87922,33.83839],[-117.87772,33.83724],[-117.87696,33.83703]]}},{"type":"Feature","properties":{"e":240,"ix":0},"geometry":{"type":"LineString","coordinates":[[-117.99092,33.93058],[-117.99098,33.93016],[-117.99219,33.92907],[-117.9937,33.9268],[-117.99793,33.91868],[-117.99827,33.91741],[-117.99768,33.91656],[-117.99615,33.91528],[-117.99484,33.91316],[-117.9937,33.91179],[-117.98918,33.90721],[-117.98692,33.90535],[-117.98617,33.90499],[-117.98542,33.90508],[-117.98513,33.90551],[-117.98466,33.90696],[-117.98281,33.91613],[-117.98219,33.91698],[-117.98057,33.91826],[-117.98038,33.91868],[-117.9809,33.91963],[-117.98884,33.92803],[-117.98955,33.92931],[-117.98918,33.92953],[-117.98767,33.9293],[-117.98466,33.92836],[-117.96809,33.92247],[-117.95878,33.92038],[-117.95755,33.91971],[-117.95604,33.91829],[-117.9553,33.91783],[-117.95085,33.91613],[-117.95017,33.91528],[-117.94617,33.90806],[-117.94324,33.90334],[-117.93376,33.88978],[-117.9327,33.88851],[-117.93194,33.88794],[-117.93044,33.88754],[-117.92742,33.88741],[-117.92441,33.88661],[-117.9229,33.88659],[-117.92064,33.88712],[-117.91085,33.8908],[-117.90784,33.89155],[-117.90483,33.89169],[-117.89202,33.89083],[-117.89127,33.89055],[-117.89077,33.88978],[-117.89104,33.88596],[-117.89087,33.88511],[-117.8906,33.88468],[-117.886,33.88108],[-117.88449,33.88034],[-117.88148,33.87995],[-117.87997,33.8802],[-117.87922,33.88066],[-117.87847,33.88144],[-117.87546,33.88567],[-117.8747,33.88572],[-117.87395,33.88406],[-117.87204,33.87576],[-117.87094,33.87212]]}},{"type":"Feature","properties":{"e":240,"ix":0},"geometry":{"type":"LineString","coordinates":[[-117.87772,33.83783],[-117.87696,33.83777],[-117.87626,33.83878],[-117.87597,33.84048],[-117.87588,33.84346],[-117.876,33.84473],[-117.87637,33.84601],[-117.87793,33.84813],[-117.87997,33.84975],[-117.88299,33.8508],[-117.88675,33.85077],[-117.88826,33.85058],[-117.88925,33.85026],[-117.8895,33.84983],[-117.8894,33.84941],[-117.88815,33.84771],[-117.87997,33.83959],[-117.87772,33.83783]]}},{"type":"Feature","properties":{"e":240,"ix":0},"geometry":{"type":"LineString","coordinates":[[-117.97111,33.89749],[-117.97035,33.89744],[-117.9696,33.89765],[-117.96207,33.90056],[-117.96056,33.90132],[-117.95992,33.90211],[-117.95931,33.90423],[-117.95901,33.90763],[-117.95878,33.91486],[-117.95895,33.91571],[-117.95927,33.91613],[-117.95981,33.91643],[-117.96056,33.91654],[-117.96282,33.91618],[-117.96477,33.91528],[-117.96556,33.91443],[-117.96829,33.90806],[-117.97058,33.90211],[-117.97138,33.89913],[-117.97143,33.89828],[-117.97111,33.89749]]}},{"type":"Feature","properties":{"e":250,"ix":1},"geometry":{"type":"LineString","coordinates":[[-117.98169,33.93058],[-117.97935,33.92931],[-117.96659,33.92428],[-117.96207,33.9234],[-117.9583,33.92207],[-117.9568,33.9213],[-117.95311,33.91826],[-117.95202,33.91783],[-117.94926,33.9173],[-117.94836,33.91698],[-117.9478,33.91656],[-117.93864,33.90041],[-117.93256,33.89148],[-117.9319,33.89063],[-117.93086,33.88978],[-117.92516,33.88825],[-117.92366,33.88809],[-117.9214,33.88857],[-117.9101,33.89283],[-117.90633,33.89376],[-117.90332,33.89388],[-117.88901,33.893],[-117.88751,33.89257],[-117.88706,33.89191],[-117.88741,33.88723],[-117.88702,33.88596],[-117.88374,33.88343],[-117.88299,33.88312],[-117.88148,33.88288],[-117.87997,33.88327],[-117.87922,33.88391],[-117.87772,33.88605],[-117.87546,33.89002],[-117.8747,33.89022],[-117.87395,33.88933],[-117.87339,33.88766],[-117.87191,33.88001],[-117.87094,33.87647]]}},{"type":"Feature","properties":{"e":250,"ix":1},"geometry":{"type":"LineString","coordinates":[[-117.87772,33.83844],[-117.87696,33.83862],[-117.87652,33.83963],[-117.87629,33.84091],[-117.8762,33.84346],[-117.87654,33.84558],[-117.87801,33.84771],[-117.87997,33.84927],[-117.88223,33.8501],[-117.88525,33.85024],[-117.88751,33.84997],[-117.88826,33.84967],[-117.88845,33.84941],[-117.88824,33.84856],[-117.88683,33.84686],[-117.87997,33.84007],[-117.87847,33.83881],[-117.87772,33.83844]]}},{"type":"Feature","properties":{"e":250,"ix":1},"geometry":{"type":"LineString","coordinates":[[-117.96885,33.9012],[-117.96734,33.9014],[-117.96207,33.90347],[-117.96131,33.90393],[-117.96056,33.90496],[-117.95995,33.90806],[-117.9597,33.91358],[-117.95981,33.91497],[-117.96048,33.91571],[-117.96131,33.91583],[-117.96282,33.91558],[-117.96428,33.91486],[-117.96508,33.91393],[-117.96734,33.90848],[-117.96885,33.9042],[-117.96918,33.90211],[-117.96885,33.9012]]}},{"type":"Feature","properties":{"e":250,"ix":1},"geometry":{"type":"LineString","coordinates":[[-117.99069,33.91252],[-117.98992,33.91273],[-117.98882,33.91613],[-117.98704,33.91783],[-117.98681,33.91826],[-117.98717,33.91911],[-117.99044,33.92251],[-117.99144,33.92328],[-117.99219,33.9234],[-117.99295,33.923],[-117.99445,33.92095],[-117.99588,33.91826],[-117.99593,33.91741],[-117.99295,33.91402],[-117.99144,33.91285],[-117.99069,33.91252]]}},{"type":"Feature","properties":{"e":260,"ix":0},"geometry":{"type":"LineString","coordinates":[[-117.97364,33.93058],[-117.97133,33.92931],[-117.96282,33.92614],[-117.96131,33.92591],[-117.95906,33.92624],[-117.95755,33.92626],[-117.95487,33.92548],[-117.95415,33.92506],[-117.95387,33.92463],[-117.95401,33.92421],[-117.95489,33.92336],[-117.95505,33.92293],[-117.95433,33.92208],[-117.95152,33.92007],[-117.95077,33.91974],[-117.94776,33.91901],[-117.94587,33.91783],[-117.94519,33.91698],[-117.94296,33.91273],[-117.93327,33.89616],[-117.93108,33.89276],[-117.92968,33.89138],[-117.92592,33.88992],[-117.92366,33.88966],[-117.9214,33.89028],[-117.90859,33.89511],[-117.90408,33.89605],[-117.90031,33.89598],[-117.88449,33.89493],[-117.88357,33.89446],[-117.88327,33.89361],[-117.88376,33.88893],[-117.88368,33.88766],[-117.88299,33.88676],[-117.88148,33.88598],[-117.88073,33.88598],[-117.87997,33.8863],[-117.87922,33.88701],[-117.87819,33.88851],[-117.87771,33.88978],[-117.87783,33.89191],[-117.87767,33.89276],[-117.87696,33.89315],[-117.87621,33.89298],[-117.87395,33.8917],[-117.87314,33.89063],[-117.87227,33.88808],[-117.87205,33.88511],[-117.87094,33.88074]]}},{"type":"Feature","properties":{"e":260,"ix":0},"geometry":{"type":"LineString","coordinates":[[-117.87772,33.8391],[-117.87696,33.83968],[-117.87672,33.84048],[-117.8765,33.84388],[-117.87696,33.84577],[-117.87847,33.8477],[-117.87997,33.84878],[-117.88223,33.84956],[-117.88525,33.84958],[-117.88675,33.84935],[-117.88736,33.84898],[-117.88744,33.84856],[-117.887,33.84771],[-117.8851,33.84558],[-117.87997,33.84055],[-117.87847,33.83936],[-117.87772,33.8391]]}},{"type":"Feature","properties":{"e":260,"ix":0},"geometry":{"type":"LineString","coordinates":[[-117.96659,33.9049],[-117.96508,33.90515],[-117.96282,33.90605],[-117.96207,33.90653],[-117.96131,33.90763],[-117.96085,33.90976],[-117.96061,33.91316],[-117.96075,33.91443],[-117.96131,33.91502],[-117.96207,33.9151],[-117.96303,33.91486],[-117.96378,33.91443],[-117.96451,33.91358],[-117.96583,33.91034],[-117.9667,33.90763],[-117.96698,33.90593],[-117.96695,33.90551],[-117.96659,33.9049]]}},{"type":"Feature","properties":{"e":270,"ix":0},"geometry":{"type":"LineString","coordinates":[[-117.96557,33.93058],[-117.96423,33.92973],[-117.96221,33.92888],[-117.95981,33.92804],[-117.95604,33.92706],[-117.95234,33.92548],[-117.95175,33.92506],[-117.95077,33.92363],[-117.94665,33.92123],[-117.94418,33.91953],[-117.94211,33.91783],[-117.94157,33.91698],[-117.94161,33.91528],[-117.94121,33.91358],[-117.93951,33.91018],[-117.92968,33.8937],[-117.92885,33.89276],[-117.92742,33.89194],[-117.92516,33.89121],[-117.92366,33.89127],[-117.90784,33.89715],[-117.90408,33.89806],[-117.90106,33.89827],[-117.88223,33.89707],[-117.87772,33.89527],[-117.87406,33.89318],[-117.87262,33.89191],[-117.87169,33.89027]]}},{"type":"Feature","properties":{"e":270,"ix":0},"geometry":{"type":"LineString","coordinates":[[-117.87847,33.83991],[-117.87772,33.83982],[-117.87748,33.84006],[-117.87701,33.84091],[-117.87686,33.84176],[-117.87675,33.84346],[-117.8769,33.84473],[-117.87775,33.84643],[-117.87922,33.84785],[-117.88148,33.84885],[-117.88374,33.84904],[-117.88525,33.84889],[-117.88621,33.84856],[-117.8864,33.84813],[-117.88629,33.84771],[-117.88539,33.84643],[-117.88073,33.84173],[-117.87847,33.83991]]}},{"type":"Feature","properties":{"e":270,"ix":0},"geometry":{"type":"LineString","coordinates":[[-117.96433,33.90862],[-117.96357,33.90873],[-117.96282,33.90917],[-117.96207,33.91035],[-117.9617,33.91273],[-117.96177,33.91358],[-117.96207,33.91407],[-117.96282,33.91409],[-117.96357,33.91355],[-117.96433,33.91197],[-117.96479,33.90976],[-117.96463,33.90891],[-117.96433,33.90862]]}},{"type":"Feature","properties":{"e":280,"ix":0},"geometry":{"type":"LineString","coordinates":[[-117.9575,33.93058],[-117.95617,33.92973],[-117.95228,33.92803],[-117.94899,33.92633],[-117.94567,33.92378],[-117.94038,33.92038],[-117.9377,33.91911],[-117.9367,33.91826],[-117.93627,33.91741],[-117.93601,33.91571],[-117.93625,33.91486],[-117.93721,33.91352],[-117.93768,33.91231],[-117.93764,33.91103],[-117.93724,33.90976],[-117.93569,33.90678],[-117.93044,33.89803],[-117.92881,33.89488],[-117.92818,33.89402],[-117.92667,33.89309],[-117.92516,33.89274],[-117.92366,33.89294],[-117.90709,33.89918],[-117.90332,33.90013],[-117.90031,33.90047],[-117.886,33.89968],[-117.88374,33.89935],[-117.8763,33.89573],[-117.87169,33.89287]]}},{"type":"Feature","properties":{"e":280,"ix":0},"geometry":{"type":"LineString","coordinates":[[-117.87922,33.8409],[-117.87847,33.84049],[-117.87772,33.84061],[-117.87715,33.84218],[-117.87704,33.84346],[-117.8772,33.84473],[-117.87754,33.84558],[-117.87819,33.84643],[-117.87997,33.84781],[-117.88148,33.84831],[-117.88374,33.84839],[-117.88525,33.84792],[-117.88533,33.84728],[-117.88447,33.84601],[-117.88148,33.84292],[-117.87922,33.8409]]}},{"type":"Feature","properties":{"e":290,"ix":0},"geometry":{"type":"LineString","coordinates":[[-117.94944,33.93058],[-117.94406,33.92761],[-117.9433,33.92676],[-117.94241,33.92506],[-117.93958,33.92293],[-117.93735,33.92081],[-117.93571,33.91979],[-117.93232,33.91826],[-117.93111,33.91741],[-117.93071,33.91656],[-117.93051,33.91528],[-117.93041,33.91401],[-117.93056,33.91316],[-117.93119,33.91192],[-117.93345,33.90922],[-117.93373,33.90848],[-117.93367,33.90721],[-117.93269,33.90484],[-117.9276,33.89573],[-117.92667,33.89473],[-117.92516,33.89436],[-117.92366,33.89466],[-117.90558,33.90146],[-117.90182,33.90234],[-117.8988,33.90266],[-117.88751,33.90203],[-117.88525,33.90161],[-117.88374,33.90087],[-117.87996,33.89828],[-117.87169,33.89455]]}},{"type":"Feature","properties":{"e":290,"ix":0},"geometry":{"type":"LineString","coordinates":[[-117.87847,33.84112],[-117.87772,33.84158],[-117.87734,33.84346],[-117.87766,33.84516],[-117.87847,33.84626],[-117.87997,33.84731],[-117.88148,33.84775],[-117.88342,33.84771],[-117.88427,33.84728],[-117.88414,33.84643],[-117.88278,33.84473],[-117.87997,33.842],[-117.87847,33.84112]]}},{"type":"Feature","properties":{"e":300,"ix":1},"geometry":{"type":"LineString","coordinates":[[-117.94142,33.93058],[-117.93947,33.92908],[-117.93897,33.92846],[-117.93797,33.92606],[-117.93673,33.92421],[-117.93602,33.92208],[-117.93534,33.92123],[-117.9342,33.92061],[-117.93044,33.91964],[-117.92802,33.91868],[-117.92717,33.91826],[-117.92641,33.91741],[-117.92616,33.91613],[-117.92635,33.91443],[-117.92818,33.90862],[-117.9297,33.90508],[-117.92984,33.90423],[-117.92939,33.90253],[-117.92818,33.90042],[-117.92667,33.89847],[-117.92516,33.89735],[-117.92366,33.89696],[-117.9214,33.89735],[-117.90483,33.9035],[-117.89956,33.90467],[-117.89654,33.90483],[-117.88901,33.90438],[-117.88675,33.90386],[-117.88449,33.90253],[-117.88073,33.89957],[-117.87922,33.89864],[-117.87395,33.89652],[-117.87169,33.89579]]}},{"type":"Feature","properties":{"e":300,"ix":1},"geometry":{"type":"LineString","coordinates":[[-117.87922,33.84198],[-117.87847,33.84181],[-117.87772,33.84288],[-117.87772,33.84439],[-117.87847,33.84575],[-117.87922,33.84639],[-117.88073,33.84704],[-117.88223,33.84714],[-117.88311,33.84686],[-117.88328,33.84643],[-117.88317,33.84601],[-117.8826,33.84516],[-117.88073,33.84316],[-117.87922,33.84198]]}},{"type":"Feature","properties":{"e":300,"ix":1},"geometry":{"type":"LineString","coordinates":[[-117.93269,33.92507],[-117.93335,33.92548],[-117.93347,33.92591],[-117.9332,33.92676],[-117.93269,33.92721],[-117.93194,33.9272],[-117.93119,33.92679],[-117.93095,33.92633],[-117.93119,33.92566],[-117.93194,33.92516],[-117.93269,33.92507]]}},{"type":"Feature","properties":{"e":310,"ix":0},"geometry":{"type":"LineString","coordinates":[[-117.93441,33.93058],[-117.93355,33.92973],[-117.93028,33.92761],[-117.9291,33.92633],[-117.9292,33.92548],[-117.93078,33.92293],[-117.93081,33.92251],[-117.93055,33.92208],[-117.92667,33.92032],[-117.92317,33.91911],[-117.9221,33.91826],[-117.92201,33.91741],[-117.92229,33.91613],[-117.92586,33.90551],[-117.92592,33.90383],[-117.92516,33.90294],[-117.92064,33.90066],[-117.91989,33.90039],[-117.91839,33.90042],[-117.91537,33.9013],[-117.90483,33.90528],[-117.90182,33.90615],[-117.89654,33.90702],[-117.89052,33.90673],[-117.88901,33.9064],[-117.88675,33.90519],[-117.88073,33.90034],[-117.87922,33.89937],[-117.8747,33.89764],[-117.87169,33.89712]]}},{"type":"Feature","properties":{"e":310,"ix":0},"geometry":{"type":"LineString","coordinates":[[-117.87922,33.84255],[-117.87847,33.84256],[-117.87806,33.84346],[-117.87809,33.84431],[-117.87847,33.84517],[-117.87922,33.84586],[-117.88073,33.84645],[-117.88162,33.84643],[-117.88223,33.84603],[-117.88219,33.84558],[-117.88131,33.84431],[-117.87997,33.84301],[-117.87922,33.84255]]}},{"type":"Feature","properties":{"e":310,"ix":0},"geometry":{"type":"LineString","coordinates":[[-117.88148,33.90752],[-117.88223,33.90796],[-117.88233,33.90848],[-117.88148,33.90882],[-117.88073,33.90876],[-117.88047,33.90848],[-117.88049,33.90806],[-117.88095,33.90763],[-117.88148,33.90752]]}},{"type":"Feature","properties":{"e":320,"ix":0},"geometry":{"type":"LineString","coordinates":[[-117.93101,33.93058],[-117.93038,33.92931],[-117.92755,33.92633],[-117.92747,33.92548],[-117.9279,33.92421],[-117.92785,33.92378],[-117.92751,33.92336],[-117.92441,33.92151],[-117.91989,33.92007],[-117.91914,33.91963],[-117.91873,33.91911],[-117.91886,33.91783],[-117.92185,33.91018],[-117.92219,33.90806],[-117.92207,33.90763],[-117.9214,33.90692],[-117.91613,33.90391],[-117.91462,33.90372],[-117.91311,33.90402],[-117.90332,33.90757],[-117.90031,33.90837],[-117.89579,33.90917],[-117.89202,33.90907],[-117.89052,33.90866],[-117.88826,33.90736],[-117.87997,33.90053],[-117.87696,33.89917],[-117.8747,33.89872],[-117.87413,33.89913],[-117.87433,33.90041],[-117.8765,33.90423],[-117.87804,33.90636],[-117.87922,33.90697],[-117.88073,33.90667],[-117.88148,33.90669],[-117.88223,33.90698],[-117.88356,33.90806],[-117.88414,33.90891],[-117.88405,33.90933],[-117.88223,33.90978],[-117.87997,33.91118],[-117.87922,33.91121],[-117.87847,33.91078],[-117.87797,33.91018],[-117.87346,33.90338],[-117.87169,33.90173]]}},{"type":"Feature","properties":{"e":320,"ix":0},"geometry":{"type":"LineString","coordinates":[[-117.87922,33.8432],[-117.87866,33.84346],[-117.87847,33.8438],[-117.87877,33.84473],[-117.87922,33.84526],[-117.87997,33.84563],[-117.88091,33.84558],[-117.88108,33.84516],[-117.88073,33.84439],[-117.87997,33.84361],[-117.87922,33.8432]]}},{"type":"Feature","properties":{"e":330,"ix":0},"geometry":{"type":"LineString","coordinates":[[-117.92761,33.93058],[-117.92696,33.92846],[-117.92571,33.92633],[-117.92498,33.92463],[-117.9229,33.92303],[-117.91989,33.92177],[-117.91839,33.92085],[-117.91732,33.91996],[-117.91675,33.91911],[-117.91681,33.91783],[-117.91848,33.91316],[-117.91856,33.91231],[-117.91834,33.91146],[-117.91763,33.91082],[-117.91236,33.90751],[-117.91085,33.90707],[-117.90935,33.90726],[-117.90031,33.91025],[-117.89504,33.91128],[-117.89278,33.91122],[-117.89127,33.9106],[-117.88901,33.90905],[-117.87997,33.90127],[-117.87772,33.90024],[-117.87621,33.90013],[-117.87598,33.90041],[-117.87596,33.90083],[-117.87623,33.90168],[-117.87739,33.90381],[-117.87847,33.90527],[-117.87922,33.90584],[-117.88148,33.90605],[-117.88228,33.90636],[-117.8841,33.90763],[-117.88615,33.90976],[-117.88623,33.91018],[-117.886,33.91041],[-117.88279,33.91061],[-117.88206,33.91103],[-117.88073,33.91236],[-117.87997,33.91282],[-117.87922,33.91296],[-117.87822,33.91273],[-117.87708,33.91188],[-117.8732,33.90626],[-117.87169,33.90486]]}},{"type":"Feature","properties":{"e":340,"ix":0},"geometry":{"type":"LineString","coordinates":[[-117.92417,33.93058],[-117.92325,33.92761],[-117.92215,33.92588],[-117.92095,33.92463],[-117.91799,33.92251],[-117.91573,33.92038],[-117.91508,33.91953],[-117.91475,33.91826],[-117.91495,33.91613],[-117.91462,33.91521],[-117.91366,33.91443],[-117.90784,33.91074],[-117.90709,33.91049],[-117.90558,33.91052],[-117.89956,33.9123],[-117.89428,33.91332],[-117.89278,33.91301],[-117.88977,33.9116],[-117.88751,33.91189],[-117.88374,33.91171],[-117.88299,33.91204],[-117.88073,33.91403],[-117.87922,33.91455],[-117.87772,33.91428],[-117.87621,33.91345],[-117.8732,33.90935],[-117.87169,33.90795]]}},{"type":"Feature","properties":{"e":340,"ix":0},"geometry":{"type":"LineString","coordinates":[[-117.87922,33.90165],[-117.87847,33.90141],[-117.87772,33.90146],[-117.87756,33.90168],[-117.87783,33.90296],[-117.87904,33.90466],[-117.87997,33.90515],[-117.88299,33.90565],[-117.88317,33.90551],[-117.88299,33.90508],[-117.88148,33.90335],[-117.87922,33.90165]]}},{"type":"Feature","properties":{"e":350,"ix":1},"geometry":{"type":"LineString","coordinates":[[-117.92072,33.93058],[-117.92009,33.92846],[-117.91914,33.92743],[-117.91545,33.92633],[-117.91236,33.92501],[-117.90709,33.9235],[-117.90536,33.92251],[-117.90485,33.92166],[-117.90486,33.92038],[-117.90538,33.91953],[-117.90691,33.91783],[-117.90727,33.91698],[-117.90708,33.91656],[-117.90612,33.91571],[-117.90332,33.91399],[-117.90257,33.91381],[-117.90106,33.91391],[-117.8973,33.91478],[-117.8962,33.91528],[-117.89504,33.91646],[-117.89428,33.91673],[-117.89052,33.91592],[-117.88901,33.91542],[-117.886,33.91544],[-117.88374,33.91518],[-117.88299,33.91518],[-117.88073,33.91594],[-117.87922,33.91615],[-117.87696,33.91564],[-117.87546,33.915],[-117.8747,33.91438],[-117.87244,33.91163],[-117.87169,33.91104]]}},{"type":"Feature","properties":{"e":360,"ix":0},"geometry":{"type":"LineString","coordinates":[[-117.91726,33.93058],[-117.91677,33.92888],[-117.91581,33.92803],[-117.91425,33.92761],[-117.90834,33.92676],[-117.90483,33.92601],[-117.89805,33.92356],[-117.89654,33.92255],[-117.89316,33.91911],[-117.89202,33.91846],[-117.88675,33.91833],[-117.88299,33.91858],[-117.88073,33.91836],[-117.8747,33.91645],[-117.8735,33.91571],[-117.87169,33.91412]]}},{"type":"Feature","properties":{"e":370,"ix":0},"geometry":{"type":"LineString","coordinates":[[-117.91358,33.93016],[-117.91339,33.92931],[-117.91311,33.92897],[-117.91213,33.92846],[-117.90332,33.92729],[-117.89956,33.92592],[-117.89542,33.92378],[-117.89278,33.92107],[-117.89202,33.92061],[-117.886,33.91954],[-117.88073,33.92046],[-117.87922,33.92044],[-117.87485,33.91826],[-117.87169,33.91703]]}},{"type":"Feature","properties":{"e":380,"ix":0},"geometry":{"type":"LineString","coordinates":[[-117.91018,33.93016],[-117.90951,33.92931],[-117.90859,33.92897],[-117.90257,33.92813],[-117.90089,33.92761],[-117.89654,33.92549],[-117.89432,33.92421],[-117.89202,33.92256],[-117.8908,33.92208],[-117.88675,33.92091],[-117.88525,33.92064],[-117.88374,33.92074],[-117.88073,33.92144],[-117.87922,33.92156],[-117.87772,33.92115],[-117.87395,33.91945],[-117.87233,33.91904]]}},{"type":"Feature","properties":{"e":390,"ix":0},"geometry":{"type":"LineString","coordinates":[[-117.9064,33.93016],[-117.90558,33.92969],[-117.90182,33.92892],[-117.90031,33.9284],[-117.89127,33.92384],[-117.886,33.9221],[-117.88374,33.9217],[-117.87922,33.92235],[-117.87772,33.92197],[-117.8747,33.92066],[-117.87244,33.91998]]}},{"type":"Feature","properties":{"e":400,"ix":1},"geometry":{"type":"LineString","coordinates":[[-117.90145,33.93016],[-117.89428,33.92669],[-117.88541,33.92336],[-117.88299,33.92278],[-117.87997,33.92308],[-117.87847,33.92295],[-117.8747,33.92141],[-117.87248,33.92083]]}},{"type":"Feature","properties":{"e":410,"ix":0},"geometry":{"type":"LineString","coordinates":[[-117.89836,33.93016],[-117.8973,33.92946],[-117.89579,33.92881],[-117.88333,33.92421],[-117.88223,33.92392],[-117.87847,33.92368],[-117.8747,33.92211],[-117.8732,33.92169]]}},{"type":"Feature","properties":{"e":420,"ix":0},"geometry":{"type":"LineString","coordinates":[[-117.89459,33.92973],[-117.89175,33.92846],[-117.88148,33.92512],[-117.87847,33.9244],[-117.8747,33.92282],[-117.8732,33.92238]]}},{"type":"Feature","properties":{"e":430,"ix":0},"geometry":{"type":"LineString","coordinates":[[-117.89233,33.92973],[-117.89052,33.92886],[-117.87922,33.92538],[-117.87546,33.92381],[-117.8732,33.92316]]}},{"type":"Feature","properties":{"e":440,"ix":0},"geometry":{"type":"LineString","coordinates":[[-117.89018,33.92973],[-117.88712,33.92846],[-117.87922,33.92606],[-117.87546,33.9245],[-117.87395,33.92406]]}},{"type":"Feature","properties":{"e":450,"ix":1},"geometry":{"type":"LineString","coordinates":[[-117.88693,33.92931],[-117.88511,33.92846],[-117.87847,33.92641],[-117.87395,33.92478]]}},{"type":"Feature","properties":{"e":460,"ix":0},"geometry":{"type":"LineString","coordinates":[[-117.8849,33.92931],[-117.88173,33.92803],[-117.87419,33.92562]]}},{"type":"Feature","properties":{"e":470,"ix":0},"geometry":{"type":"LineString","coordinates":[[-117.88161,33.92888],[-117.87975,33.92803],[-117.8747,33.92643]]}},{"type":"Feature","properties":{"e":480,"ix":0},"geometry":{"type":"LineString","coordinates":[[-117.87957,33.92888],[-117.87777,33.92803],[-117.8747,33.92711]]}},{"type":"Feature","properties":{"e":490,"ix":0},"geometry":{"type":"LineString","coordinates":[[-117.87747,33.92888],[-117.8747,33.92798]]}}]}